ID,First _name,Last_Name,Email,Gender,Money
1,Laura,Morrison,lmorrison0@webs.com,Female,$3771.34
2,Linda,Morrison,lmorrison1@issuu.com,Female,$4715.59
3,Laura,Howell,lhowell2@china.com.cn,Female,$1740.17
4,Alan,Rogers,arogers3@amazon.co.uk,Male,$2649.24
5,Cheryl,Snyder,csnyder4@hao123.com,Female,$1699.21
6,Steven,Gibson,sgibson5@ft.com,Male,$3228.72
7,Nicholas,Freeman,nfreeman6@theguardian.com,Male,$2448.54
8,Anne,Reyes,areyes7@telegraph.co.uk,Female,$3480.88
9,Judy,Matthews,jmatthews8@ow.ly,Female,$1894.86
10,Theresa,Schmidt,tschmidt9@shareasale.com,Female,$2365.12
11,Tammy,Boyd,tboyda@a8.net,Female,$1260.22
12,Joe,Martin,jmartinb@tinypic.com,Male,$605.04
13,Evelyn,Morgan,emorganc@amazon.co.jp,Female,$4453.30
14,Sean,Burns,sburnsd@forbes.com,Male,$3078.98
15,Donna,Anderson,dandersone@cyberchimps.com,Female,$2690.44
16,Rachel,Bishop,rbishopf@ycombinator.com,Female,$2489.79
17,Scott,Washington,swashingtong@cmu.edu,Male,$598.33
18,Ruth,Burke,rburkeh@bigcartel.com,Female,$4811.36
19,Eugene,Foster,efosteri@upenn.edu,Male,$3232.76
20,Cheryl,Murray,cmurrayj@myspace.com,Female,$4787.36
21,Evelyn,Bowman,ebowmank@nhs.uk,Female,$3825.42
22,Amy,Rogers,arogersl@sakura.ne.jp,Female,$3698.64
23,Jimmy,Russell,jrussellm@kickstarter.com,Male,$1387.63
24,Joyce,Hughes,jhughesn@flickr.com,Female,$756.85
25,Lori,Lawson,llawsono@studiopress.com,Female,$1613.30
26,Eugene,Ramirez,eramirezp@loc.gov,Male,$3844.51
27,David,Reid,dreidq@mayoclinic.com,Male,$1951.41
28,Anne,Wright,awrightr@wordpress.com,Female,$161.71
29,Douglas,Cole,dcoles@bluehost.com,Male,$4220.24
30,Alan,Sanders,asanderst@hibu.com,Male,$1397.50
31,Joe,Reed,jreedu@macromedia.com,Male,$1616.39
32,Phyllis,Lewis,plewisv@hhs.gov,Female,$4351.41
33,Norma,Andrews,nandrewsw@trellian.com,Female,$1072.62
34,Gerald,Freeman,gfreemanx@engadget.com,Male,$793.69
35,Sandra,Carter,scartery@mac.com,Female,$1673.03
36,Denise,Stevens,dstevensz@businesswire.com,Female,$2350.93
37,Harold,Carter,hcarter10@privacy.gov.au,Male,$112.83
38,Sarah,Arnold,sarnold11@reverbnation.com,Female,$3729.69
39,Ruth,Howard,rhoward12@china.com.cn,Female,$3800.03
40,Albert,Barnes,abarnes13@paypal.com,Male,$192.03
41,Sara,Knight,sknight14@shop-pro.jp,Female,$2.10
42,Patricia,Patterson,ppatterson15@economist.com,Female,$2485.10
43,Virginia,Green,vgreen16@wufoo.com,Female,$635.59
44,Steven,Bryant,sbryant17@nydailynews.com,Male,$4453.69
45,Samuel,Chavez,schavez18@kickstarter.com,Male,$456.15
46,Samuel,Matthews,smatthews19@baidu.com,Male,$4256.58
47,Katherine,Foster,kfoster1a@dedecms.com,Female,$1810.12
48,Christopher,Long,clong1b@sohu.com,Male,$1413.48
49,Joe,Arnold,jarnold1c@xrea.com,Male,$2774.44
50,Christina,Davis,cdavis1d@whitehouse.gov,Female,$2074.93
51,Charles,Campbell,ccampbell1e@foxnews.com,Male,$1182.76
52,Arthur,Simmons,asimmons1f@delicious.com,Male,$233.32
53,Shawn,Reynolds,sreynolds1g@trellian.com,Male,$1627.59
54,Emily,Gomez,egomez1h@vk.com,Female,$743.00
55,Diane,Banks,dbanks1i@unblog.fr,Female,$3320.73
56,Joshua,Alvarez,jalvarez1j@ca.gov,Male,$1801.66
57,Victor,Foster,vfoster1k@simplemachines.org,Male,$2463.69
58,Edward,Allen,eallen1l@exblog.jp,Male,$2950.72
59,Marilyn,Moreno,mmoreno1m@samsung.com,Female,$3136.62
60,Ralph,Anderson,randerson1n@phpbb.com,Male,$2207.46
61,Denise,Knight,dknight1o@salon.com,Female,$1956.75
62,Earl,Ruiz,eruiz1p@sogou.com,Male,$2358.94
63,Joyce,Gomez,jgomez1q@pbs.org,Female,$3280.21
64,Timothy,Edwards,tedwards1r@reference.com,Male,$81.79
65,Theresa,Ward,tward1s@dot.gov,Female,$1816.38
66,Anna,Gonzales,agonzales1t@artisteer.com,Female,$1280.15
67,Roy,Jones,rjones1u@goo.ne.jp,Male,$2552.72
68,Gloria,Reynolds,greynolds1v@techcrunch.com,Female,$3792.45
69,Ronald,Bryant,rbryant1w@howstuffworks.com,Male,$3126.61
70,Eugene,Patterson,epatterson1x@pen.io,Male,$3024.80
71,Kathleen,Mitchell,kmitchell1y@cyberchimps.com,Female,$2820.53
72,Douglas,Knight,dknight1z@people.com.cn,Male,$2915.50
73,Patricia,Ruiz,pruiz20@themeforest.net,Female,$4043.45
74,Linda,Butler,lbutler21@usnews.com,Female,$4685.57
75,Roy,Kelly,rkelly22@studiopress.com,Male,$598.27
76,Todd,Harper,tharper23@cisco.com,Male,$2774.53
77,Joshua,Howard,jhoward24@mediafire.com,Male,$1633.42
78,Shirley,Hayes,shayes25@whitehouse.gov,Female,$4460.13
79,Annie,Richardson,arichardson26@patch.com,Female,$4142.66
80,Dennis,Richardson,drichardson27@mapy.cz,Male,$4355.49
81,Michelle,Harris,mharris28@seattletimes.com,Female,$117.72
82,Carl,White,cwhite29@netvibes.com,Male,$3931.94
83,Joan,Morrison,jmorrison2a@multiply.com,Female,$4532.71
84,Judy,Chapman,jchapman2b@google.pl,Female,$4715.56
85,Robin,Reynolds,rreynolds2c@about.me,Female,$4997.29
86,Tina,Stephens,tstephens2d@etsy.com,Female,$1409.95
87,Charles,Watkins,cwatkins2e@google.com.br,Male,$708.42
88,Ernest,Ruiz,eruiz2f@hp.com,Male,$492.32
89,Jessica,Foster,jfoster2g@cam.ac.uk,Female,$3081.61
90,Steve,Walker,swalker2h@tripadvisor.com,Male,$641.76
91,Beverly,Hayes,bhayes2i@theguardian.com,Female,$1833.55
92,Virginia,Knight,vknight2j@bloglovin.com,Female,$1961.86
93,Eugene,Thompson,ethompson2k@cnbc.com,Male,$4080.41
94,Diane,Brooks,dbrooks2l@sciencedaily.com,Female,$2308.51
95,Timothy,Stevens,tstevens2m@cmu.edu,Male,$763.65
96,Daniel,Cooper,dcooper2n@blogger.com,Male,$4465.87
97,Shawn,Allen,sallen2o@newyorker.com,Male,$1157.58
98,Todd,Coleman,tcoleman2p@aboutads.info,Male,$2037.21
99,Joyce,Harrison,jharrison2q@pbs.org,Female,$3862.04
100,Carol,Green,cgreen2r@hp.com,Female,$3534.45
101,Emily,Harris,eharris2s@furl.net,Female,$2410.10
102,Billy,Cox,bcox2t@de.vu,Male,$828.52
103,Catherine,Garcia,cgarcia2u@youtu.be,Female,$240.73
104,Anne,Carpenter,acarpenter2v@altervista.org,Female,$4548.22
105,Cynthia,Freeman,cfreeman2w@blogs.com,Female,$607.34
106,Andrea,Russell,arussell2x@mashable.com,Female,$257.99
107,Lisa,Jacobs,ljacobs2y@flickr.com,Female,$3544.04
108,Tina,Gordon,tgordon2z@virginia.edu,Female,$3439.99
109,Evelyn,Banks,ebanks30@alexa.com,Female,$1139.13
110,Fred,Franklin,ffranklin31@unc.edu,Male,$234.03
111,Steven,Wilson,swilson32@imgur.com,Male,$314.91
112,Beverly,Alexander,balexander33@aol.com,Female,$678.92
113,Howard,Carter,hcarter34@princeton.edu,Male,$1848.68
114,Carlos,Rose,crose35@china.com.cn,Male,$3375.39
115,Jacqueline,Hawkins,jhawkins36@drupal.org,Female,$1698.49
116,Carlos,Nelson,cnelson37@state.tx.us,Male,$2217.03
117,Angela,Carroll,acarroll38@hud.gov,Female,$3188.66
118,Helen,Armstrong,harmstrong39@mac.com,Female,$4085.25
119,Martin,Fernandez,mfernandez3a@illinois.edu,Male,$2934.76
120,Steven,Peters,speters3b@ihg.com,Male,$4546.81
121,Evelyn,Snyder,esnyder3c@huffingtonpost.com,Female,$3105.11
122,Dorothy,Henry,dhenry3d@bloglovin.com,Female,$3921.77
123,Cynthia,Elliott,celliott3e@amazonaws.com,Female,$3325.23
124,Donald,Lewis,dlewis3f@msn.com,Male,$410.15
125,Carol,Burton,cburton3g@topsy.com,Female,$3678.94
126,Arthur,Ramos,aramos3h@washingtonpost.com,Male,$2253.87
127,Michelle,Martinez,mmartinez3i@buzzfeed.com,Female,$3470.98
128,Christine,Lewis,clewis3j@cloudflare.com,Female,$2594.37
129,Wanda,Alvarez,walvarez3k@google.co.jp,Female,$1044.65
130,Eugene,Moore,emoore3l@a8.net,Male,$4340.36
131,Shawn,White,swhite3m@cmu.edu,Male,$1890.39
132,Heather,Warren,hwarren3n@buzzfeed.com,Female,$325.22
133,Sarah,Gutierrez,sgutierrez3o@github.com,Female,$2345.88
134,Joan,Moore,jmoore3p@sina.com.cn,Female,$2916.92
135,Tammy,Flores,tflores3q@wordpress.com,Female,$3589.01
136,Frances,Gibson,fgibson3r@umich.edu,Female,$3578.33
137,Linda,Jordan,ljordan3s@ox.ac.uk,Female,$1361.92
138,Evelyn,Bradley,ebradley3t@umich.edu,Female,$3756.28
139,Lawrence,Lopez,llopez3u@histats.com,Male,$331.76
140,Irene,Dunn,idunn3v@chicagotribune.com,Female,$3924.29
141,Marilyn,Hayes,mhayes3w@indiatimes.com,Female,$1104.89
142,Virginia,Vasquez,vvasquez3x@tripod.com,Female,$3986.44
143,Carl,Harris,charris3y@pbs.org,Male,$1785.72
144,Nicole,Banks,nbanks3z@tumblr.com,Female,$1208.93
145,Norma,Patterson,npatterson40@yahoo.com,Female,$397.78
146,Karen,Stanley,kstanley41@apache.org,Female,$1196.03
147,Craig,Bennett,cbennett42@dailymail.co.uk,Male,$1076.45
148,Irene,Kim,ikim43@state.tx.us,Female,$3347.28
149,Diane,Roberts,droberts44@rambler.ru,Female,$870.59
150,Anna,Clark,aclark45@artisteer.com,Female,$197.85
151,Martha,Harrison,mharrison46@ow.ly,Female,$4330.98
152,Carol,Gibson,cgibson47@sun.com,Female,$1630.38
153,Howard,White,hwhite48@google.pl,Male,$2678.13
154,Ruby,Warren,rwarren49@gizmodo.com,Female,$4948.36
155,Cheryl,Harper,charper4a@exblog.jp,Female,$174.63
156,Ronald,Bishop,rbishop4b@paypal.com,Male,$3982.96
157,Michelle,Harris,mharris4c@theglobeandmail.com,Female,$3469.64
158,Wanda,Tucker,wtucker4d@answers.com,Female,$796.01
159,Sean,Freeman,sfreeman4e@discovery.com,Male,$2261.46
160,Earl,Banks,ebanks4f@wikipedia.org,Male,$2259.30
161,Benjamin,Arnold,barnold4g@last.fm,Male,$4115.44
162,Donna,Reed,dreed4h@scribd.com,Female,$1901.77
163,Maria,Rogers,mrogers4i@house.gov,Female,$3646.95
164,Ralph,Franklin,rfranklin4j@aboutads.info,Male,$3260.00
165,Linda,Schmidt,lschmidt4k@state.tx.us,Female,$3209.80
166,Shirley,Lopez,slopez4l@wix.com,Female,$4260.27
167,Philip,Patterson,ppatterson4m@freewebs.com,Male,$2780.47
168,Robert,Griffin,rgriffin4n@huffingtonpost.com,Male,$1189.96
169,Keith,Tucker,ktucker4o@nsw.gov.au,Male,$2914.78
170,Mary,Hunter,mhunter4p@parallels.com,Female,$3377.25
171,Katherine,Hunt,khunt4q@hud.gov,Female,$1567.94
172,Shawn,Taylor,staylor4r@telegraph.co.uk,Male,$1128.58
173,Jack,Ortiz,jortiz4s@webeden.co.uk,Male,$1009.30
174,Doris,Washington,dwashington4t@imgur.com,Female,$1802.38
175,Laura,Jones,ljones4u@goo.gl,Female,$2159.88
176,Dorothy,Lawrence,dlawrence4v@artisteer.com,Female,$3803.02
177,Raymond,Lynch,rlynch4w@nbcnews.com,Male,$1936.96
178,Lois,Nelson,lnelson4x@irs.gov,Female,$1798.58
179,Henry,Ramirez,hramirez4y@bluehost.com,Male,$574.94
180,Julia,Patterson,jpatterson4z@shutterfly.com,Female,$3829.31
181,Phillip,Peters,ppeters50@cnet.com,Male,$3810.90
182,Justin,Elliott,jelliott51@symantec.com,Male,$4269.47
183,Frank,Willis,fwillis52@last.fm,Male,$2306.87
184,Ruth,Hernandez,rhernandez53@sogou.com,Female,$1906.48
185,Willie,Oliver,woliver54@tuttocitta.it,Male,$3296.88
186,Kathy,Hawkins,khawkins55@sohu.com,Female,$156.94
187,Kathryn,Rivera,krivera56@fastcompany.com,Female,$1899.17
188,Scott,Day,sday57@vk.com,Male,$4490.79
189,Bonnie,Edwards,bedwards58@hao123.com,Female,$400.95
190,Henry,Castillo,hcastillo59@surveymonkey.com,Male,$4796.12
191,Betty,Day,bday5a@yellowpages.com,Female,$3162.16
192,Kenneth,Garza,kgarza5b@umn.edu,Male,$1600.65
193,Arthur,Howard,ahoward5c@cmu.edu,Male,$3674.13
194,Martin,Ellis,mellis5d@mozilla.com,Male,$1804.18
195,Fred,Rodriguez,frodriguez5e@businessweek.com,Male,$2625.74
196,Samuel,Welch,swelch5f@ovh.net,Male,$3524.86
197,Fred,Gilbert,fgilbert5g@ibm.com,Male,$2407.53
198,Frances,Coleman,fcoleman5h@usda.gov,Female,$2031.64
199,Wayne,Olson,wolson5i@macromedia.com,Male,$4515.74
200,Adam,Lawrence,alawrence5j@surveymonkey.com,Male,$1556.27
201,Margaret,Howell,mhowell5k@slashdot.org,Female,$4957.93
202,Jessica,Warren,jwarren5l@springer.com,Female,$3061.68
203,Laura,Cooper,lcooper5m@google.ca,Female,$1408.01
204,Steven,Tucker,stucker5n@simplemachines.org,Male,$4064.76
205,Victor,Bennett,vbennett5o@phoca.cz,Male,$2862.57
206,Brenda,Lynch,blynch5p@nih.gov,Female,$3873.97
207,Evelyn,Alexander,ealexander5q@alexa.com,Female,$2906.80
208,Annie,Greene,agreene5r@baidu.com,Female,$2112.89
209,Jessica,Butler,jbutler5s@xrea.com,Female,$2941.69
210,Tammy,Griffin,tgriffin5t@weather.com,Female,$13.53
211,Howard,Nguyen,hnguyen5u@alibaba.com,Male,$3967.87
212,Joseph,Grant,jgrant5v@state.tx.us,Male,$2626.02
213,Rachel,Kennedy,rkennedy5w@illinois.edu,Female,$811.33
214,Anna,Morris,amorris5x@deliciousdays.com,Female,$561.81
215,Kevin,Hayes,khayes5y@dell.com,Male,$1570.20
216,Bonnie,Kim,bkim5z@reference.com,Female,$1119.55
217,Randy,Bishop,rbishop60@mediafire.com,Male,$616.84
218,Evelyn,Shaw,eshaw61@people.com.cn,Female,$143.41
219,Elizabeth,Gomez,egomez62@creativecommons.org,Female,$3520.23
220,Betty,Arnold,barnold63@baidu.com,Female,$3139.01
221,Chris,Jordan,cjordan64@soup.io,Male,$2447.57
222,Jack,Carr,jcarr65@histats.com,Male,$2734.72
223,Russell,Jackson,rjackson66@pagesperso-orange.fr,Male,$2216.47
224,Ronald,Flores,rflores67@europa.eu,Male,$182.34
225,Amanda,Martin,amartin68@ebay.com,Female,$3970.87
226,Phillip,Anderson,panderson69@php.net,Male,$2611.99
227,Shirley,Martinez,smartinez6a@stumbleupon.com,Female,$1604.03
228,Todd,Brooks,tbrooks6b@arizona.edu,Male,$2272.46
229,Robert,Harrison,rharrison6c@digg.com,Male,$4559.43
230,Michael,Fowler,mfowler6d@yale.edu,Male,$2942.54
231,Charles,Morris,cmorris6e@eventbrite.com,Male,$66.89
232,Nicole,Stanley,nstanley6f@army.mil,Female,$2813.66
233,Dorothy,Simpson,dsimpson6g@sitemeter.com,Female,$4692.89
234,Joan,Snyder,jsnyder6h@msn.com,Female,$1086.33
235,Steve,Davis,sdavis6i@java.com,Male,$2005.90
236,Janice,Bowman,jbowman6j@wix.com,Female,$3818.67
237,Eugene,Gomez,egomez6k@army.mil,Male,$4884.51
238,Jonathan,Howard,jhoward6l@nymag.com,Male,$3283.55
239,Kimberly,Mills,kmills6m@bloglovin.com,Female,$85.85
240,Eugene,Hudson,ehudson6n@blogs.com,Male,$4721.39
241,Stephanie,Hamilton,shamilton6o@angelfire.com,Female,$310.18
242,Mildred,Ortiz,mortiz6p@spiegel.de,Female,$584.19
243,Joshua,Miller,jmiller6q@home.pl,Male,$983.24
244,Alice,Russell,arussell6r@amazon.co.uk,Female,$3278.33
245,Russell,Green,rgreen6s@w3.org,Male,$1323.69
246,Craig,Nichols,cnichols6t@reference.com,Male,$241.01
247,Jack,Tucker,jtucker6u@wisc.edu,Male,$1515.67
248,Marilyn,Reid,mreid6v@sbwire.com,Female,$538.37
249,Anna,Henry,ahenry6w@marriott.com,Female,$407.44
250,Patrick,Hill,phill6x@uol.com.br,Male,$1855.79
251,Kevin,Campbell,kcampbell6y@chicagotribune.com,Male,$3081.27
252,Wayne,Bell,wbell6z@ucsd.edu,Male,$2118.43
253,Patrick,Cox,pcox70@g.co,Male,$1015.27
254,Harold,Larson,hlarson71@instagram.com,Male,$792.95
255,Douglas,Gomez,dgomez72@addtoany.com,Male,$2107.23
256,John,Roberts,jroberts73@friendfeed.com,Male,$3186.45
257,Patricia,Bennett,pbennett74@1und1.de,Female,$2968.73
258,George,Tucker,gtucker75@google.com.au,Male,$367.16
259,Mark,Moore,mmoore76@moonfruit.com,Male,$4590.19
260,Christopher,Kim,ckim77@sfgate.com,Male,$3597.85
261,Robert,Berry,rberry78@state.tx.us,Male,$911.91
262,Louise,Hill,lhill79@paypal.com,Female,$2125.31
263,Harold,Palmer,hpalmer7a@cloudflare.com,Male,$3790.93
264,Gregory,George,ggeorge7b@sitemeter.com,Male,$4114.35
265,Steve,Jacobs,sjacobs7c@globo.com,Male,$3276.07
266,Catherine,Gray,cgray7d@latimes.com,Female,$2951.63
267,Robin,Lynch,rlynch7e@youku.com,Female,$3900.28
268,Carlos,Oliver,coliver7f@slideshare.net,Male,$176.29
269,Judy,Tucker,jtucker7g@technorati.com,Female,$1673.39
270,Willie,Williamson,wwilliamson7h@stumbleupon.com,Male,$3996.58
271,Stephen,Hansen,shansen7i@yale.edu,Male,$561.68
272,Johnny,Montgomery,jmontgomery7j@wisc.edu,Male,$3223.87
273,Martha,Franklin,mfranklin7k@sphinn.com,Female,$100.25
274,Kevin,Washington,kwashington7l@indiegogo.com,Male,$227.11
275,Jack,Hanson,jhanson7m@opera.com,Male,$4756.22
276,Bruce,Walker,bwalker7n@omniture.com,Male,$1069.10
277,Helen,Palmer,hpalmer7o@who.int,Female,$1541.23
278,Marilyn,Young,myoung7p@upenn.edu,Female,$2599.32
279,Louise,Bryant,lbryant7q@fotki.com,Female,$1411.11
280,Arthur,Sims,asims7r@ucsd.edu,Male,$4003.86
281,Patricia,Murphy,pmurphy7s@europa.eu,Female,$645.99
282,Jesse,Carter,jcarter7t@wordpress.com,Male,$1734.35
283,Roy,Simmons,rsimmons7u@sphinn.com,Male,$1242.42
284,Fred,Nelson,fnelson7v@fda.gov,Male,$4209.52
285,Lori,Black,lblack7w@aboutads.info,Female,$1226.82
286,Scott,Owens,sowens7x@ed.gov,Male,$2865.74
287,Wayne,Wood,wwood7y@salon.com,Male,$1568.42
288,Carlos,Jacobs,cjacobs7z@51.la,Male,$2757.16
289,Cheryl,Reid,creid80@furl.net,Female,$24.01
290,Jesse,Harper,jharper81@nature.com,Male,$316.63
291,Gregory,Peterson,gpeterson82@nydailynews.com,Male,$595.15
292,Frances,Romero,fromero83@unc.edu,Female,$3837.63
293,Ralph,Payne,rpayne84@princeton.edu,Male,$1870.70
294,Edward,Hunter,ehunter85@t.co,Male,$440.86
295,Barbara,Morales,bmorales86@google.com.au,Female,$3882.50
296,Maria,Medina,mmedina87@discovery.com,Female,$2076.07
297,Rebecca,Adams,radams88@github.com,Female,$3967.85
298,Angela,Chavez,achavez89@exblog.jp,Female,$4754.49
299,Charles,Gordon,cgordon8a@spotify.com,Male,$1898.80
300,Brian,Ryan,bryan8b@youku.com,Male,$553.73
301,Virginia,Campbell,vcampbell8c@latimes.com,Female,$1661.87
302,Emily,Harper,eharper8d@sun.com,Female,$1473.73
303,Brenda,Reynolds,breynolds8e@people.com.cn,Female,$1127.75
304,Chris,Burton,cburton8f@reuters.com,Male,$3019.99
305,Annie,Mason,amason8g@people.com.cn,Female,$1927.26
306,Amanda,Spencer,aspencer8h@webs.com,Female,$780.36
307,Benjamin,Roberts,broberts8i@redcross.org,Male,$2219.98
308,Anne,Sims,asims8j@google.com.hk,Female,$3848.92
309,Harold,Moreno,hmoreno8k@friendfeed.com,Male,$3380.34
310,Earl,Jackson,ejackson8l@ovh.net,Male,$2083.10
311,Alice,Brooks,abrooks8m@weibo.com,Female,$4425.54
312,Wanda,Stephens,wstephens8n@technorati.com,Female,$620.17
313,Sara,Garrett,sgarrett8o@wiley.com,Female,$4269.36
314,Patrick,King,pking8p@miitbeian.gov.cn,Male,$3040.87
315,Sean,Powell,spowell8q@posterous.com,Male,$320.58
316,Anna,Moreno,amoreno8r@angelfire.com,Female,$2242.00
317,Gregory,Ford,gford8s@imdb.com,Male,$3956.54
318,Chris,Perkins,cperkins8t@va.gov,Male,$1814.75
319,Juan,Medina,jmedina8u@slate.com,Male,$1455.23
320,Louis,George,lgeorge8v@parallels.com,Male,$4078.54
321,Eric,Howell,ehowell8w@noaa.gov,Male,$2150.04
322,Kathleen,Olson,kolson8x@github.com,Female,$1023.25
323,Alan,James,ajames8y@google.fr,Male,$2188.57
324,Alan,Simpson,asimpson8z@ft.com,Male,$2230.10
325,Phillip,Bryant,pbryant90@example.com,Male,$4473.67
326,Chris,Gray,cgray91@ebay.co.uk,Male,$2625.79
327,Donald,Wright,dwright92@accuweather.com,Male,$4626.44
328,Amy,Woods,awoods93@behance.net,Female,$3957.82
329,Aaron,Shaw,ashaw94@reference.com,Male,$733.53
330,Annie,Rivera,arivera95@blogtalkradio.com,Female,$3154.95
331,Douglas,Stevens,dstevens96@netlog.com,Male,$1542.13
332,Bonnie,Freeman,bfreeman97@arizona.edu,Female,$1473.49
333,Laura,Wood,lwood98@nasa.gov,Female,$4603.86
334,Heather,Olson,holson99@quantcast.com,Female,$2835.22
335,Peter,Morris,pmorris9a@oaic.gov.au,Male,$1422.71
336,Terry,Gomez,tgomez9b@oakley.com,Male,$4992.93
337,Antonio,Porter,aporter9c@diigo.com,Male,$3434.32
338,Harold,Moreno,hmoreno9d@sphinn.com,Male,$3646.99
339,Lillian,Webb,lwebb9e@jugem.jp,Female,$4569.24
340,Denise,Rice,drice9f@umich.edu,Female,$2350.48
341,Cynthia,Ray,cray9g@xrea.com,Female,$390.68
342,Rebecca,Kelley,rkelley9h@imageshack.us,Female,$3318.82
343,Wayne,Edwards,wedwards9i@mac.com,Male,$330.58
344,Julia,Carter,jcarter9j@goo.ne.jp,Female,$3866.62
345,Sara,Kelley,skelley9k@t.co,Female,$96.54
346,Mildred,Jordan,mjordan9l@stumbleupon.com,Female,$4151.42
347,Gerald,Simpson,gsimpson9m@weibo.com,Male,$509.94
348,Craig,Russell,crussell9n@deviantart.com,Male,$1789.00
349,Wanda,Armstrong,warmstrong9o@answers.com,Female,$272.46
350,Jimmy,Clark,jclark9p@vimeo.com,Male,$3769.58
351,Mark,Gilbert,mgilbert9q@google.fr,Male,$1024.35
352,Brenda,Kennedy,bkennedy9r@pcworld.com,Female,$100.82
353,Denise,Jenkins,djenkins9s@themeforest.net,Female,$934.47
354,Stephanie,Tucker,stucker9t@examiner.com,Female,$1792.12
355,Harry,Frazier,hfrazier9u@gravatar.com,Male,$3806.39
356,Denise,Payne,dpayne9v@dmoz.org,Female,$2159.17
357,Randy,Davis,rdavis9w@mlb.com,Male,$4901.29
358,Ruby,Miller,rmiller9x@columbia.edu,Female,$4827.64
359,Joshua,Marshall,jmarshall9y@jalbum.net,Male,$1425.95
360,Melissa,Franklin,mfranklin9z@indiegogo.com,Female,$2178.29
361,Brenda,Howard,bhowarda0@sina.com.cn,Female,$3584.68
362,Judith,Shaw,jshawa1@google.com.br,Female,$3344.39
363,Julia,Taylor,jtaylora2@drupal.org,Female,$3587.41
364,Janice,Knight,jknighta3@bbb.org,Female,$1895.24
365,Melissa,Walker,mwalkera4@bbc.co.uk,Female,$708.09
366,Phillip,Hawkins,phawkinsa5@abc.net.au,Male,$4142.17
367,Jennifer,Scott,jscotta6@ask.com,Female,$3737.60
368,Katherine,Harvey,kharveya7@hatena.ne.jp,Female,$3191.94
369,Alan,Oliver,aolivera8@ocn.ne.jp,Male,$4016.56
370,Mary,Burton,mburtona9@time.com,Female,$3737.84
371,Kathryn,Snyder,ksnyderaa@multiply.com,Female,$2741.96
372,Kathleen,Moore,kmooreab@angelfire.com,Female,$4159.69
373,Jimmy,Mason,jmasonac@dedecms.com,Male,$1848.36
374,Norma,Knight,nknightad@chron.com,Female,$1123.17
375,Joseph,Bryant,jbryantae@state.tx.us,Male,$1133.74
376,Keith,Hart,khartaf@example.com,Male,$982.03
377,Laura,George,lgeorgeag@feedburner.com,Female,$4289.17
378,Scott,Bradley,sbradleyah@archive.org,Male,$1392.68
379,Ronald,Rice,rriceai@princeton.edu,Male,$564.03
380,Stephen,Watkins,swatkinsaj@taobao.com,Male,$190.22
381,Benjamin,Montgomery,bmontgomeryak@buzzfeed.com,Male,$2906.74
382,Aaron,Bennett,abennettal@sourceforge.net,Male,$4633.46
383,Brandon,Pierce,bpierceam@liveinternet.ru,Male,$1877.28
384,Jean,Turner,jturneran@ca.gov,Female,$4162.58
385,Frank,Wells,fwellsao@sohu.com,Male,$3866.18
386,Benjamin,Nguyen,bnguyenap@dropbox.com,Male,$2415.04
387,Melissa,Brown,mbrownaq@purevolume.com,Female,$4895.29
388,Gerald,Arnold,garnoldar@jugem.jp,Male,$4160.53
389,Elizabeth,Stevens,estevensas@si.edu,Female,$4452.36
390,Angela,King,akingat@photobucket.com,Female,$4448.04
391,Craig,Gordon,cgordonau@opera.com,Male,$776.79
392,Daniel,Ford,dfordav@eventbrite.com,Male,$2506.61
393,Donna,Nguyen,dnguyenaw@uol.com.br,Female,$275.69
394,Kathy,Sims,ksimsax@goo.ne.jp,Female,$4047.41
395,Lawrence,Wright,lwrightay@blogs.com,Male,$2438.05
396,Ryan,Wells,rwellsaz@moonfruit.com,Male,$3461.60
397,Edward,Sullivan,esullivanb0@businessweek.com,Male,$402.68
398,Andrea,Chavez,achavezb1@goodreads.com,Female,$4938.25
399,Joe,Phillips,jphillipsb2@artisteer.com,Male,$243.55
400,Jennifer,Knight,jknightb3@imdb.com,Female,$1658.24
401,Edward,Dunn,edunnb4@gov.uk,Male,$1491.23
402,Chris,Ward,cwardb5@freewebs.com,Male,$1182.42
403,Helen,Flores,hfloresb6@ucla.edu,Female,$3015.04
404,Annie,Williamson,awilliamsonb7@soup.io,Female,$1744.17
405,Angela,Gonzales,agonzalesb8@cloudflare.com,Female,$2267.02
406,Helen,Henderson,hhendersonb9@nifty.com,Female,$3328.65
407,Steve,Wagner,swagnerba@jiathis.com,Male,$1974.80
408,Lisa,Carr,lcarrbb@google.fr,Female,$2197.15
409,Janet,Fernandez,jfernandezbc@chron.com,Female,$3977.00
410,Russell,Allen,rallenbd@amazon.co.uk,Male,$822.72
411,Richard,Kelly,rkellybe@skyrock.com,Male,$1485.53
412,Arthur,Hudson,ahudsonbf@sciencedaily.com,Male,$2970.32
413,Janet,Parker,jparkerbg@craigslist.org,Female,$4479.29
414,Carlos,Howell,chowellbh@vimeo.com,Male,$384.64
415,Deborah,James,djamesbi@netvibes.com,Female,$1356.46
416,Henry,Smith,hsmithbj@networksolutions.com,Male,$8.06
417,Kimberly,Long,klongbk@usnews.com,Female,$1712.83
418,Louis,Bishop,lbishopbl@storify.com,Male,$2999.60
419,Craig,Alvarez,calvarezbm@ow.ly,Male,$2168.00
420,Marilyn,Garcia,mgarciabn@bandcamp.com,Female,$3383.79
421,Julie,Stone,jstonebo@latimes.com,Female,$255.26
422,Christina,Banks,cbanksbp@twitpic.com,Female,$2332.64
423,Fred,Stone,fstonebq@craigslist.org,Male,$4160.98
424,Rachel,Perez,rperezbr@behance.net,Female,$2117.30
425,Frank,Walker,fwalkerbs@1688.com,Male,$2283.82
426,Charles,Pierce,cpiercebt@weibo.com,Male,$4091.96
427,Bruce,Reyes,breyesbu@weibo.com,Male,$905.15
428,Carlos,Collins,ccollinsbv@tripod.com,Male,$913.29
429,Mary,Collins,mcollinsbw@reuters.com,Female,$2711.80
430,Aaron,Butler,abutlerbx@bing.com,Male,$1122.55
431,Ashley,Jones,ajonesby@amazonaws.com,Female,$2804.11
432,Laura,Morrison,lmorrisonbz@nhs.uk,Female,$2281.27
433,Jack,Harrison,jharrisonc0@pinterest.com,Male,$4506.90
434,Katherine,Turner,kturnerc1@dion.ne.jp,Female,$2055.83
435,Jessica,West,jwestc2@deviantart.com,Female,$4162.70
436,Eric,Austin,eaustinc3@people.com.cn,Male,$3759.16
437,Helen,Harrison,hharrisonc4@wikispaces.com,Female,$1622.63
438,Sara,Perez,sperezc5@blogger.com,Female,$425.15
439,Craig,Stanley,cstanleyc6@pen.io,Male,$4449.54
440,Roy,Andrews,randrewsc7@oracle.com,Male,$874.18
441,Daniel,Bowman,dbowmanc8@springer.com,Male,$4547.20
442,Aaron,Coleman,acolemanc9@netscape.com,Male,$1009.76
443,Ryan,Ray,rrayca@hexun.com,Male,$1549.47
444,Linda,Nichols,lnicholscb@fc2.com,Female,$1960.86
445,Jessica,Lee,jleecc@themeforest.net,Female,$406.07
446,Donald,Wallace,dwallacecd@dailymotion.com,Male,$366.57
447,Brian,Martin,bmartince@vistaprint.com,Male,$2132.76
448,Carlos,Olson,colsoncf@bloglovin.com,Male,$4217.93
449,Carlos,Cooper,ccoopercg@nature.com,Male,$4823.33
450,Jennifer,Hunt,jhuntch@eepurl.com,Female,$0.97
451,Dennis,Fox,dfoxci@ed.gov,Male,$4993.47
452,Cheryl,Stephens,cstephenscj@chron.com,Female,$3144.04
453,Matthew,Harris,mharrisck@guardian.co.uk,Male,$3642.73
454,Roger,Thompson,rthompsoncl@bandcamp.com,Male,$4049.81
455,Amanda,Owens,aowenscm@cbsnews.com,Female,$1927.17
456,Robin,Carr,rcarrcn@spiegel.de,Female,$24.93
457,Jack,Day,jdayco@wordpress.com,Male,$512.42
458,Johnny,Ray,jraycp@delicious.com,Male,$3235.48
459,Richard,Garcia,rgarciacq@sun.com,Male,$4972.77
460,Lori,Frazier,lfraziercr@alexa.com,Female,$3920.41
461,Carol,Montgomery,cmontgomerycs@posterous.com,Female,$3397.98
462,Chris,Wheeler,cwheelerct@drupal.org,Male,$3186.10
463,Douglas,Kelly,dkellycu@va.gov,Male,$107.74
464,Ryan,Hunt,rhuntcv@rambler.ru,Male,$4511.72
465,Michelle,Ferguson,mfergusoncw@telegraph.co.uk,Female,$1428.59
466,Jeremy,Stewart,jstewartcx@wunderground.com,Male,$2195.26
467,Anne,Rice,aricecy@skyrock.com,Female,$4707.10
468,Debra,Moreno,dmorenocz@cafepress.com,Female,$2515.65
469,Ryan,Russell,rrusselld0@eventbrite.com,Male,$1396.93
470,Jeffrey,Burke,jburked1@ow.ly,Male,$1237.98
471,Joan,Collins,jcollinsd2@example.com,Female,$4036.84
472,Gloria,Porter,gporterd3@baidu.com,Female,$2982.27
473,Nicholas,Ward,nwardd4@wunderground.com,Male,$3912.17
474,Lawrence,Butler,lbutlerd5@youtube.com,Male,$2693.37
475,Eric,Perry,eperryd6@goo.ne.jp,Male,$541.67
476,Gloria,Kennedy,gkennedyd7@newyorker.com,Female,$4104.18
477,Wayne,Collins,wcollinsd8@github.com,Male,$4714.93
478,Robin,Long,rlongd9@wufoo.com,Female,$4632.13
479,Sara,Grant,sgrantda@lulu.com,Female,$2793.56
480,Steve,Daniels,sdanielsdb@yellowpages.com,Male,$3073.06
481,Annie,Stewart,astewartdc@adobe.com,Female,$2824.83
482,Christine,Cook,ccookdd@wikispaces.com,Female,$603.41
483,David,Garrett,dgarrettde@disqus.com,Male,$1197.11
484,Jacqueline,Fields,jfieldsdf@techcrunch.com,Female,$4665.98
485,Mark,Ortiz,mortizdg@privacy.gov.au,Male,$1911.54
486,Cynthia,Ward,cwarddh@bing.com,Female,$2478.63
487,Raymond,Thompson,rthompsondi@meetup.com,Male,$3276.11
488,James,Stanley,jstanleydj@sciencedirect.com,Male,$1426.05
489,Samuel,Green,sgreendk@theglobeandmail.com,Male,$720.90
490,Harry,Perkins,hperkinsdl@amazon.de,Male,$1045.74
491,Joan,Lewis,jlewisdm@abc.net.au,Female,$1642.57
492,Katherine,Howell,khowelldn@arstechnica.com,Female,$3509.33
493,David,Montgomery,dmontgomerydo@free.fr,Male,$3025.11
494,Shirley,Henderson,shendersondp@ask.com,Female,$2915.04
495,Betty,Butler,bbutlerdq@earthlink.net,Female,$4650.37
496,Charles,Jenkins,cjenkinsdr@issuu.com,Male,$4798.02
497,Emily,Larson,elarsonds@wikimedia.org,Female,$3641.52
498,Mildred,Riley,mrileydt@imdb.com,Female,$1126.80
499,Christine,Alvarez,calvarezdu@tmall.com,Female,$4230.23
500,Christina,Lee,cleedv@mysql.com,Female,$1481.68
501,Janice,Price,jpricedw@devhub.com,Female,$692.40
502,Billy,Evans,bevansdx@ning.com,Male,$4637.89
503,Jean,Ramirez,jramirezdy@chicagotribune.com,Female,$1476.06
504,Mary,Parker,mparkerdz@wikipedia.org,Female,$3695.80
505,Jacqueline,Lee,jleee0@ow.ly,Female,$4469.60
506,Virginia,Martinez,vmartineze1@blog.com,Female,$2803.26
507,Jesse,Freeman,jfreemane2@zdnet.com,Male,$2943.77
508,Jesse,Johnson,jjohnsone3@addthis.com,Male,$2446.52
509,Gregory,Jones,gjonese4@hugedomains.com,Male,$3171.14
510,Paul,Rogers,progerse5@tamu.edu,Male,$4063.84
511,Roger,Hamilton,rhamiltone6@disqus.com,Male,$2712.64
512,Ronald,Turner,rturnere7@biglobe.ne.jp,Male,$1336.63
513,Frances,Sanders,fsanderse8@illinois.edu,Female,$4709.70
514,Antonio,Martin,amartine9@admin.ch,Male,$2945.64
515,Laura,Fuller,lfullerea@zimbio.com,Female,$1611.34
516,Rebecca,Thomas,rthomaseb@webmd.com,Female,$3532.47
517,Philip,Price,ppriceec@wp.com,Male,$4682.06
518,Doris,Gordon,dgordoned@google.es,Female,$4806.08
519,Phyllis,Adams,padamsee@jigsy.com,Female,$4729.59
520,Kathy,Cole,kcoleef@hubpages.com,Female,$1637.41
521,Margaret,Carr,mcarreg@reuters.com,Female,$3575.68
522,Scott,Johnston,sjohnstoneh@opensource.org,Male,$379.51
523,Eugene,Johnson,ejohnsonei@typepad.com,Male,$2947.25
524,Rebecca,Ferguson,rfergusonej@webmd.com,Female,$71.48
525,Amanda,Lane,alaneek@diigo.com,Female,$4457.48
526,Willie,Elliott,welliottel@plala.or.jp,Male,$2366.77
527,Patricia,Allen,pallenem@ovh.net,Female,$773.76
528,Martha,Hall,mhallen@weebly.com,Female,$2958.57
529,Janice,Alvarez,jalvarezeo@netlog.com,Female,$2948.30
530,Cynthia,Armstrong,carmstrongep@1und1.de,Female,$847.35
531,Evelyn,Perry,eperryeq@yolasite.com,Female,$4725.04
532,Martin,Owens,mowenser@oracle.com,Male,$484.16
533,Michael,Welch,mwelches@squidoo.com,Male,$2501.09
534,Gregory,Andrews,gandrewset@over-blog.com,Male,$3772.77
535,Gregory,Fowler,gfowlereu@gravatar.com,Male,$739.10
536,Catherine,Johnston,cjohnstonev@jugem.jp,Female,$4978.63
537,Paul,Young,pyoungew@clickbank.net,Male,$4079.02
538,Karen,Larson,klarsonex@gizmodo.com,Female,$2427.59
539,George,Payne,gpayneey@lycos.com,Male,$1308.84
540,Debra,Hayes,dhayesez@earthlink.net,Female,$1505.42
541,Charles,Griffin,cgriffinf0@tripod.com,Male,$4432.28
542,Betty,Dunn,bdunnf1@narod.ru,Female,$337.03
543,Robert,Scott,rscottf2@usnews.com,Male,$3225.91
544,Bonnie,Nichols,bnicholsf3@nih.gov,Female,$3725.39
545,Samuel,Garza,sgarzaf4@miibeian.gov.cn,Male,$2344.38
546,Stephen,Cruz,scruzf5@dailymail.co.uk,Male,$1600.42
547,Julie,Murray,jmurrayf6@acquirethisname.com,Female,$2112.20
548,Jeffrey,Boyd,jboydf7@skyrock.com,Male,$1380.40
549,Edward,Simmons,esimmonsf8@naver.com,Male,$3602.13
550,Henry,Morales,hmoralesf9@exblog.jp,Male,$4279.68
551,Virginia,Gardner,vgardnerfa@cpanel.net,Female,$3841.83
552,Ernest,Cox,ecoxfb@free.fr,Male,$2423.74
553,Raymond,Rogers,rrogersfc@ca.gov,Male,$1299.92
554,Joshua,Fox,jfoxfd@e-recht24.de,Male,$3128.67
555,Victor,Cunningham,vcunninghamfe@is.gd,Male,$2112.61
556,Sarah,Morales,smoralesff@nps.gov,Female,$2384.53
557,Ruth,Lewis,rlewisfg@weibo.com,Female,$2325.45
558,Samuel,Bell,sbellfh@bandcamp.com,Male,$2685.42
559,Daniel,Howard,dhowardfi@acquirethisname.com,Male,$1809.14
560,Jack,Washington,jwashingtonfj@disqus.com,Male,$4659.87
561,Gerald,Stone,gstonefk@nyu.edu,Male,$2125.58
562,Anthony,Garcia,agarciafl@flavors.me,Male,$3709.96
563,Julia,Ortiz,jortizfm@blinklist.com,Female,$2016.42
564,Louis,Carroll,lcarrollfn@kickstarter.com,Male,$2440.79
565,Aaron,Crawford,acrawfordfo@theglobeandmail.com,Male,$3192.96
566,Christina,Allen,callenfp@live.com,Female,$801.72
567,Sharon,Armstrong,sarmstrongfq@php.net,Female,$3294.29
568,Joan,Howell,jhowellfr@1688.com,Female,$2577.41
569,Frances,Murphy,fmurphyfs@gov.uk,Female,$3887.40
570,Melissa,Spencer,mspencerft@google.ru,Female,$3548.74
571,Ryan,Clark,rclarkfu@yahoo.co.jp,Male,$3482.90
572,Bonnie,Hughes,bhughesfv@live.com,Female,$3661.92
573,Helen,Medina,hmedinafw@comsenz.com,Female,$138.56
574,George,Marshall,gmarshallfx@squidoo.com,Male,$2028.37
575,Alice,Ramos,aramosfy@free.fr,Female,$4883.00
576,Norma,Wheeler,nwheelerfz@woothemes.com,Female,$1174.66
577,Donna,Johnston,djohnstong0@slideshare.net,Female,$539.62
578,Emily,Ford,efordg1@123-reg.co.uk,Female,$2152.94
579,Brenda,Marshall,bmarshallg2@indiatimes.com,Female,$3507.71
580,Jeremy,Lewis,jlewisg3@go.com,Male,$1071.04
581,Jonathan,Lane,jlaneg4@scribd.com,Male,$4795.72
582,Amy,Barnes,abarnesg5@nbcnews.com,Female,$1224.64
583,Keith,Bowman,kbowmang6@google.nl,Male,$851.17
584,Gregory,Austin,gausting7@facebook.com,Male,$4632.20
585,Jonathan,Gonzales,jgonzalesg8@nhs.uk,Male,$2669.78
586,Jean,Fields,jfieldsg9@google.pl,Female,$2603.43
587,Howard,Woods,hwoodsga@wp.com,Male,$1408.00
588,Janice,Turner,jturnergb@marriott.com,Female,$1978.45
589,Jacqueline,Garza,jgarzagc@squarespace.com,Female,$2170.59
590,Jennifer,Carter,jcartergd@ft.com,Female,$940.42
591,Christina,Stevens,cstevensge@ox.ac.uk,Female,$2563.99
592,Janice,Weaver,jweavergf@patch.com,Female,$821.15
593,Stephanie,Wood,swoodgg@nba.com,Female,$2284.04
594,Heather,Martin,hmartingh@rediff.com,Female,$2882.14
595,Peter,Lewis,plewisgi@parallels.com,Male,$602.74
596,Clarence,Williamson,cwilliamsongj@technorati.com,Male,$1086.59
597,Evelyn,Larson,elarsongk@histats.com,Female,$2311.71
598,Joe,Stevens,jstevensgl@examiner.com,Male,$370.78
599,Melissa,Fields,mfieldsgm@irs.gov,Female,$3323.44
600,Kenneth,Evans,kevansgn@topsy.com,Male,$4111.74
601,Joyce,Wright,jwrightgo@bloglovin.com,Female,$2898.73
602,Janice,Banks,jbanksgp@last.fm,Female,$2714.65
603,Lisa,Howard,lhowardgq@issuu.com,Female,$1906.81
604,Aaron,Hart,ahartgr@goo.gl,Male,$2085.02
605,Jeremy,Warren,jwarrengs@virginia.edu,Male,$3423.26
606,Virginia,Crawford,vcrawfordgt@seattletimes.com,Female,$3687.84
607,David,Kelley,dkelleygu@rakuten.co.jp,Male,$331.11
608,Diana,Wagner,dwagnergv@about.com,Female,$2229.33
609,Martha,Riley,mrileygw@ebay.co.uk,Female,$4844.70
610,Benjamin,Davis,bdavisgx@hao123.com,Male,$4061.32
611,Eric,Mcdonald,emcdonaldgy@blogtalkradio.com,Male,$2085.78
612,Brian,Palmer,bpalmergz@icq.com,Male,$4265.22
613,Christina,Ruiz,cruizh0@blogger.com,Female,$3483.44
614,Bobby,Bradley,bbradleyh1@army.mil,Male,$591.85
615,Joseph,Willis,jwillish2@amazon.co.jp,Male,$1145.55
616,Laura,Thomas,lthomash3@ow.ly,Female,$440.84
617,Ann,Cunningham,acunninghamh4@ebay.co.uk,Female,$4881.17
618,Joseph,Wheeler,jwheelerh5@hatena.ne.jp,Male,$817.49
619,Sarah,Fowler,sfowlerh6@shop-pro.jp,Female,$4139.07
620,Ronald,Garza,rgarzah7@marketwatch.com,Male,$2049.76
621,Ernest,Garcia,egarciah8@purevolume.com,Male,$1053.76
622,Douglas,Williamson,dwilliamsonh9@illinois.edu,Male,$4417.62
623,Kimberly,Montgomery,kmontgomeryha@com.com,Female,$445.97
624,Brenda,Matthews,bmatthewshb@livejournal.com,Female,$3038.40
625,James,Day,jdayhc@feedburner.com,Male,$50.22
626,Linda,Kennedy,lkennedyhd@examiner.com,Female,$4121.97
627,Martin,Thomas,mthomashe@twitpic.com,Male,$2194.71
628,Joyce,Roberts,jrobertshf@ehow.com,Female,$2140.57
629,Melissa,Snyder,msnyderhg@zdnet.com,Female,$4715.41
630,Wanda,Kennedy,wkennedyhh@webmd.com,Female,$1035.12
631,Paul,Russell,prussellhi@about.com,Male,$4203.99
632,Raymond,Hunter,rhunterhj@statcounter.com,Male,$1595.18
633,Diana,Meyer,dmeyerhk@nba.com,Female,$3041.09
634,Ashley,Woods,awoodshl@businesswire.com,Female,$1976.30
635,Larry,Stewart,lstewarthm@typepad.com,Male,$4536.71
636,Justin,Rodriguez,jrodriguezhn@utexas.edu,Male,$4041.39
637,Anne,Robertson,arobertsonho@multiply.com,Female,$2901.82
638,Aaron,Mccoy,amccoyhp@eepurl.com,Male,$1725.13
639,George,Wallace,gwallacehq@smugmug.com,Male,$3284.35
640,Gary,Palmer,gpalmerhr@symantec.com,Male,$4471.65
641,Andrew,Myers,amyershs@odnoklassniki.ru,Male,$294.47
642,Paul,Moore,pmooreht@mozilla.org,Male,$3183.00
643,Cheryl,Morrison,cmorrisonhu@thetimes.co.uk,Female,$3928.91
644,Joan,Murray,jmurrayhv@examiner.com,Female,$2421.34
645,Janice,Rogers,jrogershw@cornell.edu,Female,$2740.51
646,Joan,Flores,jfloreshx@themeforest.net,Female,$4398.39
647,Deborah,Anderson,dandersonhy@usatoday.com,Female,$3547.28
648,Michelle,Cunningham,mcunninghamhz@studiopress.com,Female,$4146.51
649,Jack,Riley,jrileyi0@techcrunch.com,Male,$3422.08
650,Justin,Bailey,jbaileyi1@slate.com,Male,$3150.37
651,Denise,Bishop,dbishopi2@biglobe.ne.jp,Female,$3814.25
652,Norma,Shaw,nshawi3@xing.com,Female,$1399.64
653,Jane,Webb,jwebbi4@cdc.gov,Female,$3965.37
654,Steve,Mitchell,smitchelli5@hc360.com,Male,$1698.53
655,Shirley,Miller,smilleri6@examiner.com,Female,$4178.48
656,Jose,Mendoza,jmendozai7@globo.com,Male,$1085.49
657,Cynthia,Frazier,cfrazieri8@google.co.uk,Female,$4264.11
658,Samuel,Boyd,sboydi9@wired.com,Male,$3389.94
659,Adam,Peters,apetersia@paypal.com,Male,$1420.17
660,Shawn,Hanson,shansonib@vimeo.com,Male,$624.92
661,Earl,Diaz,ediazic@google.es,Male,$3572.29
662,Norma,Peterson,npetersonid@g.co,Female,$139.50
663,Eugene,Ford,efordie@latimes.com,Male,$3991.45
664,Eugene,Dunn,edunnif@so-net.ne.jp,Male,$2810.19
665,Willie,Coleman,wcolemanig@last.fm,Male,$590.90
666,Nicole,Graham,ngrahamih@mac.com,Female,$3100.21
667,Gregory,Green,ggreenii@mapquest.com,Male,$1791.68
668,Christina,Palmer,cpalmerij@arizona.edu,Female,$535.02
669,Margaret,Hanson,mhansonik@rambler.ru,Female,$3112.48
670,Evelyn,Ruiz,eruizil@google.co.jp,Female,$2244.55
671,Kenneth,Kim,kkimim@examiner.com,Male,$4350.67
672,Arthur,Anderson,aandersonin@123-reg.co.uk,Male,$4823.08
673,Mildred,Jacobs,mjacobsio@cam.ac.uk,Female,$3544.57
674,Philip,Fox,pfoxip@clickbank.net,Male,$4948.05
675,Julie,Marshall,jmarshalliq@ftc.gov,Female,$463.22
676,Brian,Montgomery,bmontgomeryir@sbwire.com,Male,$2686.49
677,Elizabeth,Brown,ebrownis@prnewswire.com,Female,$1436.04
678,Albert,Williamson,awilliamsonit@yellowpages.com,Male,$1018.35
679,Jesse,Scott,jscottiu@psu.edu,Male,$4722.44
680,Alice,Lawrence,alawrenceiv@arstechnica.com,Female,$3561.16
681,Janet,Dixon,jdixoniw@altervista.org,Female,$397.59
682,Martin,Miller,mmillerix@bbc.co.uk,Male,$1264.00
683,Jessica,Myers,jmyersiy@digg.com,Female,$2144.93
684,Janice,Price,jpriceiz@oaic.gov.au,Female,$3157.91
685,Ernest,Clark,eclarkj0@dedecms.com,Male,$1707.57
686,Christopher,Sims,csimsj1@wsj.com,Male,$873.45
687,Steve,Tucker,stuckerj2@ask.com,Male,$3331.82
688,Sharon,Hernandez,shernandezj3@google.pl,Female,$949.41
689,Emily,Ortiz,eortizj4@twitter.com,Female,$4474.15
690,Donna,Fowler,dfowlerj5@phoca.cz,Female,$943.97
691,Jacqueline,Hill,jhillj6@tripadvisor.com,Female,$3386.15
692,Stephanie,Reynolds,sreynoldsj7@ezinearticles.com,Female,$2861.86
693,Ralph,Montgomery,rmontgomeryj8@artisteer.com,Male,$1986.20
694,Irene,Andrews,iandrewsj9@deviantart.com,Female,$1192.72
695,Shirley,Nelson,snelsonja@bigcartel.com,Female,$4168.86
696,Sarah,Cunningham,scunninghamjb@engadget.com,Female,$2813.11
697,Richard,Clark,rclarkjc@abc.net.au,Male,$4221.64
698,Susan,Gonzales,sgonzalesjd@posterous.com,Female,$1903.60
699,Nancy,Mccoy,nmccoyje@baidu.com,Female,$4074.00
700,Margaret,Mills,mmillsjf@pen.io,Female,$1089.75
701,Bobby,Watkins,bwatkinsjg@sciencedaily.com,Male,$2212.64
702,Dorothy,Pierce,dpiercejh@ebay.com,Female,$54.26
703,Aaron,Thompson,athompsonji@bluehost.com,Male,$2974.12
704,Diane,Stewart,dstewartjj@github.io,Female,$625.60
705,William,Walker,wwalkerjk@epa.gov,Male,$1074.91
706,Elizabeth,Moreno,emorenojl@hubpages.com,Female,$827.39
707,Gerald,Cunningham,gcunninghamjm@wikimedia.org,Male,$1360.35
708,Lois,Harris,lharrisjn@oakley.com,Female,$2537.02
709,Frank,Edwards,fedwardsjo@blog.com,Male,$833.80
710,Kathy,Elliott,kelliottjp@istockphoto.com,Female,$833.68
711,Antonio,Daniels,adanielsjq@studiopress.com,Male,$1065.16
712,Brandon,Wright,bwrightjr@ftc.gov,Male,$2685.22
713,Clarence,Harper,charperjs@t.co,Male,$546.24
714,Jean,Sims,jsimsjt@wikispaces.com,Female,$4273.99
715,Robin,Harper,rharperju@mozilla.org,Female,$4792.58
716,George,Reed,greedjv@rambler.ru,Male,$2974.12
717,Andrea,Peters,apetersjw@netlog.com,Female,$3325.72
718,Joshua,Carr,jcarrjx@smugmug.com,Male,$4838.66
719,Jesse,Montgomery,jmontgomeryjy@theguardian.com,Male,$2110.89
720,Kelly,Henry,khenryjz@patch.com,Female,$4158.62
721,Dorothy,Howard,dhowardk0@drupal.org,Female,$415.47
722,Bonnie,Griffin,bgriffink1@theguardian.com,Female,$3376.25
723,Carolyn,Hamilton,chamiltonk2@artisteer.com,Female,$3956.22
724,Joshua,Brown,jbrownk3@dailymotion.com,Male,$892.82
725,Paul,Carter,pcarterk4@psu.edu,Male,$909.42
726,Craig,Riley,crileyk5@mtv.com,Male,$4704.72
727,Mildred,Simpson,msimpsonk6@wix.com,Female,$657.35
728,Stephanie,Hansen,shansenk7@china.com.cn,Female,$3319.34
729,Theresa,Morrison,tmorrisonk8@instagram.com,Female,$4644.24
730,Gregory,Weaver,gweaverk9@constantcontact.com,Male,$3835.97
731,Adam,Campbell,acampbellka@walmart.com,Male,$1277.01
732,Denise,Young,dyoungkb@hhs.gov,Female,$4987.82
733,Ruby,Stone,rstonekc@cafepress.com,Female,$1605.43
734,Tammy,Sims,tsimskd@bigcartel.com,Female,$1432.31
735,Joyce,Moreno,jmorenoke@flickr.com,Female,$4915.05
736,Justin,Bennett,jbennettkf@washington.edu,Male,$88.13
737,Shawn,Medina,smedinakg@pbs.org,Male,$134.53
738,Rebecca,Bradley,rbradleykh@youtu.be,Female,$2534.04
739,Marie,Moore,mmooreki@typepad.com,Female,$2874.36
740,Sarah,Dean,sdeankj@google.fr,Female,$397.10
741,Lawrence,Wallace,lwallacekk@amazon.co.uk,Male,$191.09
742,Brandon,Barnes,bbarneskl@nydailynews.com,Male,$4217.90
743,Virginia,Allen,vallenkm@shutterfly.com,Female,$1491.52
744,Jane,Kelly,jkellykn@chronoengine.com,Female,$2351.46
745,Karen,Fox,kfoxko@mit.edu,Female,$843.12
746,Dorothy,Fernandez,dfernandezkp@de.vu,Female,$3326.98
747,Frances,Ramirez,framirezkq@bloglines.com,Female,$1458.71
748,Louise,Day,ldaykr@storify.com,Female,$906.05
749,Phillip,Bell,pbellks@cnn.com,Male,$2554.80
750,Mark,Burke,mburkekt@japanpost.jp,Male,$3547.13
751,Julie,Morales,jmoralesku@geocities.com,Female,$538.36
752,Elizabeth,Palmer,epalmerkv@imdb.com,Female,$115.74
753,Dennis,Simmons,dsimmonskw@xrea.com,Male,$143.88
754,Jonathan,Garcia,jgarciakx@jimdo.com,Male,$2127.75
755,Charles,Myers,cmyersky@seattletimes.com,Male,$3540.31
756,Jacqueline,Rodriguez,jrodriguezkz@google.nl,Female,$1176.84
757,Deborah,Bishop,dbishopl0@facebook.com,Female,$339.70
758,Jessica,Myers,jmyersl1@fastcompany.com,Female,$1455.50
759,Eugene,Ramirez,eramirezl2@cnet.com,Male,$650.27
760,Tina,Greene,tgreenel3@desdev.cn,Female,$3394.66
761,Mark,Gibson,mgibsonl4@zdnet.com,Male,$4165.53
762,Joyce,Richardson,jrichardsonl5@trellian.com,Female,$1713.79
763,Jack,Kelley,jkelleyl6@epa.gov,Male,$2748.19
764,Lori,Harrison,lharrisonl7@about.com,Female,$3524.69
765,Rose,Hughes,rhughesl8@ameblo.jp,Female,$4546.33
766,Christina,Adams,cadamsl9@businessweek.com,Female,$1638.20
767,Jonathan,Schmidt,jschmidtla@about.me,Male,$3640.73
768,Russell,Fowler,rfowlerlb@cnn.com,Male,$970.78
769,Robert,Gonzalez,rgonzalezlc@oakley.com,Male,$558.27
770,Ralph,Cooper,rcooperld@livejournal.com,Male,$2493.35
771,Kenneth,James,kjamesle@senate.gov,Male,$3382.74
772,Rose,Ramirez,rramirezlf@ibm.com,Female,$2926.59
773,Paula,Collins,pcollinslg@geocities.jp,Female,$1703.82
774,Joseph,Bennett,jbennettlh@trellian.com,Male,$4733.07
775,Barbara,Coleman,bcolemanli@spotify.com,Female,$1805.32
776,Keith,Rivera,kriveralj@mtv.com,Male,$4199.10
777,Tina,Wood,twoodlk@ftc.gov,Female,$421.68
778,Donna,Howard,dhowardll@digg.com,Female,$4248.57
779,Jason,Greene,jgreenelm@cpanel.net,Male,$4791.00
780,Jennifer,White,jwhiteln@networkadvertising.org,Female,$4881.22
781,Ashley,Hart,ahartlo@mashable.com,Female,$1043.62
782,Alice,Stevens,astevenslp@nature.com,Female,$2781.43
783,Stephen,Mendoza,smendozalq@yahoo.co.jp,Male,$4243.66
784,Paula,Howell,phowelllr@studiopress.com,Female,$95.90
785,Gloria,Simmons,gsimmonsls@google.de,Female,$75.49
786,Rebecca,Jacobs,rjacobslt@dell.com,Female,$4530.38
787,Janice,Nguyen,jnguyenlu@goo.ne.jp,Female,$977.92
788,Shirley,Nelson,snelsonlv@vimeo.com,Female,$1536.50
789,James,Shaw,jshawlw@blogger.com,Male,$1916.25
790,Gloria,Mason,gmasonlx@senate.gov,Female,$3086.28
791,Larry,Wells,lwellsly@feedburner.com,Male,$1675.59
792,Christine,Wagner,cwagnerlz@wunderground.com,Female,$4185.43
793,Jason,Barnes,jbarnesm0@google.es,Male,$4005.85
794,Chris,Howard,chowardm1@unblog.fr,Male,$3944.74
795,Patricia,Fisher,pfisherm2@weather.com,Female,$1788.08
796,Annie,Stone,astonem3@home.pl,Female,$4532.97
797,Dennis,Mills,dmillsm4@globo.com,Male,$3627.79
798,John,Long,jlongm5@ow.ly,Male,$1660.27
799,Diana,Mitchell,dmitchellm6@github.com,Female,$4923.06
800,Nancy,Perkins,nperkinsm7@thetimes.co.uk,Female,$3465.98
801,Stephanie,Little,slittlem8@hatena.ne.jp,Female,$3360.26
802,Steve,Ford,sfordm9@sitemeter.com,Male,$1085.11
803,John,Kim,jkimma@mashable.com,Male,$3359.02
804,Joan,Richardson,jrichardsonmb@wikispaces.com,Female,$21.58
805,Julie,Young,jyoungmc@google.com.hk,Female,$896.24
806,Richard,Nguyen,rnguyenmd@wsj.com,Male,$4217.83
807,Karen,Owens,kowensme@vinaora.com,Female,$3751.74
808,Jane,Berry,jberrymf@chron.com,Female,$3858.23
809,Patricia,Evans,pevansmg@github.com,Female,$2011.32
810,Earl,Boyd,eboydmh@hp.com,Male,$4508.78
811,David,Wallace,dwallacemi@uiuc.edu,Male,$3315.75
812,Scott,Fisher,sfishermj@soup.io,Male,$2853.96
813,Jeffrey,Bell,jbellmk@ucla.edu,Male,$913.69
814,Rachel,Owens,rowensml@histats.com,Female,$2637.65
815,Shirley,Bryant,sbryantmm@storify.com,Female,$1178.34
816,Doris,West,dwestmn@miibeian.gov.cn,Female,$883.95
817,Walter,Coleman,wcolemanmo@altervista.org,Male,$782.87
818,Kathleen,Kim,kkimmp@weebly.com,Female,$3804.11
819,Michael,Carpenter,mcarpentermq@networkadvertising.org,Male,$1881.36
820,Cheryl,Hicks,chicksmr@unc.edu,Female,$651.38
821,Irene,Williams,iwilliamsms@wix.com,Female,$4965.58
822,Anna,Griffin,agriffinmt@netvibes.com,Female,$2922.40
823,Amy,Murphy,amurphymu@google.ru,Female,$2432.61
824,Phillip,Elliott,pelliottmv@booking.com,Male,$1566.48
825,Douglas,Murray,dmurraymw@ted.com,Male,$4783.78
826,Sara,Cunningham,scunninghammx@pen.io,Female,$3169.71
827,Jane,Parker,jparkermy@auda.org.au,Female,$3152.40
828,Martha,Holmes,mholmesmz@instagram.com,Female,$4815.73
829,Marie,Kelly,mkellyn0@walmart.com,Female,$4973.30
830,Barbara,Lopez,blopezn1@merriam-webster.com,Female,$4164.28
831,Beverly,Sims,bsimsn2@weebly.com,Female,$3487.23
832,Michael,Stephens,mstephensn3@clickbank.net,Male,$1277.60
833,Deborah,Clark,dclarkn4@webmd.com,Female,$4083.14
834,Arthur,Ramos,aramosn5@storify.com,Male,$3773.39
835,Jane,Gray,jgrayn6@omniture.com,Female,$2906.24
836,Jane,Riley,jrileyn7@addtoany.com,Female,$3828.09
837,Aaron,Hayes,ahayesn8@plala.or.jp,Male,$1407.32
838,Evelyn,Ross,erossn9@craigslist.org,Female,$2563.67
839,Robin,Scott,rscottna@netvibes.com,Female,$2643.92
840,Annie,Russell,arussellnb@dedecms.com,Female,$4680.66
841,Roy,Holmes,rholmesnc@google.pl,Male,$1072.87
842,Sandra,Sanchez,ssancheznd@plala.or.jp,Female,$728.50
843,Jeremy,Bradley,jbradleyne@eepurl.com,Male,$225.41
844,Joyce,Fuller,jfullernf@netvibes.com,Female,$3735.23
845,Catherine,Alexander,calexanderng@pinterest.com,Female,$4302.81
846,Ashley,Torres,atorresnh@discovery.com,Female,$1785.44
847,Steven,Payne,spayneni@bravesites.com,Male,$1038.68
848,Bruce,Frazier,bfraziernj@bigcartel.com,Male,$2990.85
849,Janice,Day,jdaynk@quantcast.com,Female,$1926.14
850,Gary,Anderson,gandersonnl@latimes.com,Male,$1151.66
851,Carol,Stewart,cstewartnm@mapquest.com,Female,$2596.50
852,John,Fuller,jfullernn@tinypic.com,Male,$2785.34
853,Jeremy,Clark,jclarkno@php.net,Male,$3050.04
854,Fred,Clark,fclarknp@china.com.cn,Male,$2048.48
855,Jesse,Willis,jwillisnq@senate.gov,Male,$3864.18
856,George,Rose,grosenr@walmart.com,Male,$3388.33
857,Mildred,Ferguson,mfergusonns@wp.com,Female,$4395.02
858,Ronald,George,rgeorgent@about.com,Male,$597.31
859,Brian,Allen,ballennu@seattletimes.com,Male,$2461.67
860,Clarence,King,ckingnv@addthis.com,Male,$950.32
861,Michelle,Graham,mgrahamnw@ocn.ne.jp,Female,$1391.79
862,Ann,Spencer,aspencernx@foxnews.com,Female,$1295.52
863,Amy,Washington,awashingtonny@blogtalkradio.com,Female,$4438.56
864,Gloria,Stewart,gstewartnz@youku.com,Female,$1765.27
865,Roger,Andrews,randrewso0@jimdo.com,Male,$4577.77
866,Phillip,Bailey,pbaileyo1@earthlink.net,Male,$3956.33
867,Frank,Mcdonald,fmcdonaldo2@bloglines.com,Male,$2787.15
868,Michael,Collins,mcollinso3@posterous.com,Male,$4172.09
869,Gerald,Chapman,gchapmano4@technorati.com,Male,$1842.55
870,Gregory,Scott,gscotto5@technorati.com,Male,$1869.11
871,Emily,Marshall,emarshallo6@europa.eu,Female,$1580.77
872,Carolyn,Allen,calleno7@sfgate.com,Female,$110.82
873,Brandon,Scott,bscotto8@harvard.edu,Male,$1790.36
874,Steve,White,swhiteo9@shop-pro.jp,Male,$4960.31
875,Antonio,Mcdonald,amcdonaldoa@cdbaby.com,Male,$2468.68
876,Frances,Hall,fhallob@telegraph.co.uk,Female,$4125.19
877,Victor,Long,vlongoc@hubpages.com,Male,$1378.50
878,Peter,Jenkins,pjenkinsod@flavors.me,Male,$3519.43
879,Wayne,Adams,wadamsoe@ucoz.ru,Male,$3318.99
880,Walter,Jackson,wjacksonof@usatoday.com,Male,$4017.46
881,Norma,Hill,nhillog@businessinsider.com,Female,$29.85
882,Donald,Brown,dbrownoh@amazon.de,Male,$3739.47
883,Pamela,Kim,pkimoi@seattletimes.com,Female,$3736.50
884,Jessica,Price,jpriceoj@cnbc.com,Female,$4871.74
885,Melissa,Stone,mstoneok@over-blog.com,Female,$3240.01
886,Sara,Wood,swoodol@loc.gov,Female,$3143.78
887,Amanda,Robertson,arobertsonom@so-net.ne.jp,Female,$1753.54
888,Juan,Mcdonald,jmcdonaldon@admin.ch,Male,$1396.15
889,Eric,Johnston,ejohnstonoo@fc2.com,Male,$4086.28
890,George,Young,gyoungop@t.co,Male,$720.55
891,Larry,Hunter,lhunteroq@t-online.de,Male,$4559.08
892,Michael,Frazier,mfrazieror@mayoclinic.com,Male,$841.88
893,Eric,Mendoza,emendozaos@i2i.jp,Male,$3996.66
894,Norma,Hart,nhartot@huffingtonpost.com,Female,$4937.05
895,Diana,Nichols,dnicholsou@archive.org,Female,$2386.08
896,Juan,Payne,jpayneov@hexun.com,Male,$4350.42
897,Sarah,Snyder,ssnyderow@shutterfly.com,Female,$1138.45
898,Catherine,Henderson,chendersonox@live.com,Female,$2331.46
899,Albert,Mendoza,amendozaoy@scientificamerican.com,Male,$2245.68
900,Daniel,Rogers,drogersoz@comcast.net,Male,$2424.63
901,Carlos,Brown,cbrownp0@businessweek.com,Male,$190.62
902,Katherine,Cunningham,kcunninghamp1@time.com,Female,$3247.07
903,Barbara,Reed,breedp2@people.com.cn,Female,$4911.96
904,Amy,Kennedy,akennedyp3@posterous.com,Female,$3083.88
905,Louis,Edwards,ledwardsp4@chron.com,Male,$4472.40
906,Aaron,Brown,abrownp5@ucoz.com,Male,$2910.24
907,Martin,Kim,mkimp6@dedecms.com,Male,$1982.93
908,Diana,Ortiz,dortizp7@cnn.com,Female,$3377.48
909,Patrick,Williams,pwilliamsp8@nih.gov,Male,$3673.27
910,Donna,Wright,dwrightp9@hatena.ne.jp,Female,$3372.33
911,Rose,Hall,rhallpa@netscape.com,Female,$4807.30
912,Robert,Knight,rknightpb@shop-pro.jp,Male,$1721.23
913,Clarence,Cunningham,ccunninghampc@europa.eu,Male,$2138.59
914,Timothy,Cruz,tcruzpd@a8.net,Male,$325.68
915,Margaret,Chapman,mchapmanpe@webnode.com,Female,$1762.28
916,Wayne,Foster,wfosterpf@usda.gov,Male,$2903.80
917,Janice,Long,jlongpg@blinklist.com,Female,$2109.74
918,Diane,Woods,dwoodsph@google.com.br,Female,$1172.60
919,Teresa,Howell,thowellpi@wikimedia.org,Female,$4578.57
920,Bobby,Hunt,bhuntpj@spiegel.de,Male,$4413.02
921,Daniel,Ford,dfordpk@diigo.com,Male,$4388.85
922,Roger,Robinson,rrobinsonpl@tiny.cc,Male,$1803.36
923,Lawrence,Weaver,lweaverpm@twitter.com,Male,$4992.56
924,Kimberly,Cruz,kcruzpn@mysql.com,Female,$1295.81
925,Samuel,Riley,srileypo@google.de,Male,$2283.83
926,Ann,Riley,arileypp@aol.com,Female,$4608.12
927,Jose,Porter,jporterpq@godaddy.com,Male,$68.00
928,John,Moreno,jmorenopr@redcross.org,Male,$4427.06
929,Louise,Fernandez,lfernandezps@mysql.com,Female,$3118.56
930,John,Gilbert,jgilbertpt@bloglovin.com,Male,$2913.55
931,Henry,Cox,hcoxpu@istockphoto.com,Male,$1515.08
932,Henry,Schmidt,hschmidtpv@ocn.ne.jp,Male,$1965.48
933,Sean,Matthews,smatthewspw@gizmodo.com,Male,$2581.19
934,Russell,Snyder,rsnyderpx@facebook.com,Male,$3746.98
935,Louise,Roberts,lrobertspy@gizmodo.com,Female,$3497.59
936,Matthew,Ramos,mramospz@printfriendly.com,Male,$3765.37
937,Jacqueline,Ross,jrossq0@networksolutions.com,Female,$1004.52
938,Robert,Alvarez,ralvarezq1@csmonitor.com,Male,$1887.87
939,Todd,Fields,tfieldsq2@hostgator.com,Male,$4272.26
940,Jimmy,Hill,jhillq3@google.pl,Male,$2425.52
941,Julia,Allen,jallenq4@dedecms.com,Female,$2847.44
942,Douglas,Howell,dhowellq5@chicagotribune.com,Male,$2278.10
943,Andrea,Carr,acarrq6@php.net,Female,$4856.38
944,Virginia,Burns,vburnsq7@china.com.cn,Female,$3938.66
945,Gregory,Fernandez,gfernandezq8@exblog.jp,Male,$3677.59
946,Kathryn,Ford,kfordq9@theguardian.com,Female,$4710.68
947,Theresa,Banks,tbanksqa@myspace.com,Female,$4809.02
948,Deborah,Simmons,dsimmonsqb@qq.com,Female,$3533.51
949,Nancy,Cole,ncoleqc@51.la,Female,$2358.82
950,Susan,Perez,sperezqd@live.com,Female,$2515.66
951,Brenda,Burke,bburkeqe@quantcast.com,Female,$2600.02
952,Barbara,Jenkins,bjenkinsqf@scribd.com,Female,$483.52
953,Cynthia,Washington,cwashingtonqg@cocolog-nifty.com,Female,$4022.07
954,Jane,Hunt,jhuntqh@github.com,Female,$4793.25
955,Lois,Banks,lbanksqi@rakuten.co.jp,Female,$704.98
956,Dennis,Banks,dbanksqj@accuweather.com,Male,$925.00
957,Gregory,Ward,gwardqk@qq.com,Male,$181.24
958,Alan,Ryan,aryanql@ning.com,Male,$1409.47
959,Elizabeth,Meyer,emeyerqm@miibeian.gov.cn,Female,$893.73
960,Russell,Medina,rmedinaqn@fema.gov,Male,$3269.10
961,Jerry,Ortiz,jortizqo@gmpg.org,Male,$3283.70
962,Linda,Banks,lbanksqp@youtu.be,Female,$3571.21
963,Anna,Bryant,abryantqq@smugmug.com,Female,$2178.08
964,Thomas,Hudson,thudsonqr@wordpress.com,Male,$37.21
965,Linda,Mason,lmasonqs@ucoz.ru,Female,$3611.21
966,Kevin,Hart,khartqt@amazon.co.jp,Male,$1744.57
967,Patricia,Arnold,parnoldqu@edublogs.org,Female,$66.23
968,Amy,George,ageorgeqv@mayoclinic.com,Female,$198.87
969,Ashley,Palmer,apalmerqw@uol.com.br,Female,$1182.40
970,Pamela,Knight,pknightqx@admin.ch,Female,$476.70
971,Andrew,Jenkins,ajenkinsqy@pinterest.com,Male,$1234.40
972,Bobby,Reid,breidqz@liveinternet.ru,Male,$25.04
973,Susan,Powell,spowellr0@icq.com,Female,$4226.01
974,Fred,Wood,fwoodr1@walmart.com,Male,$1274.20
975,Benjamin,Myers,bmyersr2@is.gd,Male,$2735.04
976,Johnny,Bryant,jbryantr3@blog.com,Male,$2359.18
977,Frank,Williamson,fwilliamsonr4@constantcontact.com,Male,$2081.14
978,William,Phillips,wphillipsr5@amazon.com,Male,$4567.21
979,Stephen,Chavez,schavezr6@sbwire.com,Male,$4635.79
980,Thomas,Armstrong,tarmstrongr7@yahoo.co.jp,Male,$4494.55
981,Wayne,Lopez,wlopezr8@forbes.com,Male,$2586.34
982,Todd,Willis,twillisr9@usatoday.com,Male,$288.03
983,Lillian,Garrett,lgarrettra@va.gov,Female,$83.26
984,Anna,Murphy,amurphyrb@skype.com,Female,$3773.17
985,Frances,Murray,fmurrayrc@histats.com,Female,$2451.00
986,Sara,Morales,smoralesrd@vimeo.com,Female,$982.21
987,Larry,Parker,lparkerre@shop-pro.jp,Male,$531.10
988,Harold,Daniels,hdanielsrf@tumblr.com,Male,$3013.12
989,Stephen,George,sgeorgerg@homestead.com,Male,$3777.64
990,Earl,Jordan,ejordanrh@domainmarket.com,Male,$215.52
991,Kimberly,Fields,kfieldsri@toplist.cz,Female,$3697.73
992,Jesse,Reynolds,jreynoldsrj@sciencedaily.com,Male,$2282.21
993,Aaron,Young,ayoungrk@g.co,Male,$4647.26
994,Douglas,Rose,droserl@statcounter.com,Male,$3336.35
995,Julie,Mills,jmillsrm@google.com.br,Female,$1600.08
996,Judith,Fisher,jfisherrn@weibo.com,Female,$397.00
997,Anna,Reid,areidro@amazon.co.uk,Female,$226.86
998,Phillip,Patterson,ppattersonrp@hugedomains.com,Male,$198.43
999,Jerry,Rice,jricerq@indiegogo.com,Male,$1896.95
1000,William,Murray,wmurrayrr@indiatimes.com,Male,$3980.77
