id,first_name,last_name,email,gender,ip_address
1,Pamela,Collins,pcollins0@instagram.com,Female,140.23.69.87
2,Donald,Hawkins,dhawkins1@va.gov,Male,167.173.185.221
3,Angela,Anderson,aanderson2@oakley.com,Female,145.236.78.19
4,Jeffrey,Henry,jhenry3@buzzfeed.com,Male,139.216.149.39
5,Evelyn,Carroll,ecarroll4@dion.ne.jp,Female,1.96.231.2
6,Albert,Matthews,amatthews5@list-manage.com,Male,64.95.177.58
7,Ralph,Chavez,rchavez6@4shared.com,Male,82.177.92.129
8,Walter,Nguyen,wnguyen7@github.io,Male,163.237.248.24
9,Lois,Mitchell,lmitchell8@blinklist.com,Female,18.191.8.209
10,Juan,Robinson,jrobinson9@etsy.com,Male,64.122.58.227
11,Arthur,Stewart,astewarta@de.vu,Male,222.212.182.151
12,Michelle,Chapman,mchapmanb@acquirethisname.com,Female,143.104.171.189
13,Fred,Henderson,fhendersonc@telegraph.co.uk,Male,226.253.215.107
14,Kevin,Johnston,kjohnstond@edublogs.org,Male,120.161.77.98
15,Frances,Thomas,fthomase@lycos.com,Female,72.78.18.232
16,Russell,Hanson,rhansonf@cbc.ca,Male,156.69.203.104
17,Alice,Lawrence,alawrenceg@illinois.edu,Female,20.150.22.196
18,Katherine,Reed,kreedh@seesaa.net,Female,247.205.42.210
19,Christine,Medina,cmedinai@pcworld.com,Female,83.171.75.42
20,Fred,Sanders,fsandersj@adobe.com,Male,162.177.210.198
21,Jason,Lynch,jlynchk@miitbeian.gov.cn,Male,130.102.132.105
22,Irene,Thompson,ithompsonl@soup.io,Female,8.195.87.234
23,Willie,Jacobs,wjacobsm@about.me,Male,85.109.103.184
24,Jose,Ford,jfordn@about.com,Male,95.168.20.119
25,Joshua,Martinez,jmartinezo@columbia.edu,Male,168.43.200.44
26,Jack,Gibson,jgibsonp@hubpages.com,Male,8.67.28.188
27,Justin,Spencer,jspencerq@miibeian.gov.cn,Male,78.9.253.79
28,Lois,Price,lpricer@umich.edu,Female,189.224.160.169
29,Benjamin,Cox,bcoxs@google.com.au,Male,245.156.71.61
30,Billy,Bennett,bbennettt@admin.ch,Male,92.202.68.19
31,Paula,Porter,pporteru@uiuc.edu,Female,52.253.220.100
32,Louise,Hudson,lhudsonv@google.com.hk,Female,95.2.15.102
33,Nicole,Palmer,npalmerw@dropbox.com,Female,113.165.164.44
34,Peter,Carroll,pcarrollx@parallels.com,Male,77.1.205.171
35,Bonnie,Parker,bparkery@europa.eu,Female,149.52.7.87
36,David,Coleman,dcolemanz@harvard.edu,Male,240.61.52.183
37,Michael,Lane,mlane10@indiatimes.com,Male,194.235.230.12
38,Deborah,Carpenter,dcarpenter11@cnn.com,Female,182.180.78.31
39,Debra,West,dwest12@ox.ac.uk,Female,66.177.17.88
40,John,Patterson,jpatterson13@nydailynews.com,Male,99.58.56.155
41,Robin,Carr,rcarr14@elpais.com,Female,224.93.163.168
42,Betty,Anderson,banderson15@census.gov,Female,22.160.89.214
43,Adam,Rogers,arogers16@ezinearticles.com,Male,176.41.119.99
44,Louise,Howell,lhowell17@wikipedia.org,Female,16.7.125.1
45,Carol,Diaz,cdiaz18@nydailynews.com,Female,219.88.74.22
46,Craig,Gonzalez,cgonzalez19@feedburner.com,Male,167.68.49.97
47,Cynthia,Coleman,ccoleman1a@time.com,Female,42.110.107.138
48,Barbara,Hernandez,bhernandez1b@netlog.com,Female,32.160.208.243
49,Harry,Harvey,hharvey1c@surveymonkey.com,Male,176.150.19.69
50,Cheryl,Bell,cbell1d@flavors.me,Female,15.229.225.113
51,Ronald,Lee,rlee1e@xing.com,Male,61.73.235.235
52,Mildred,Larson,mlarson1f@odnoklassniki.ru,Female,199.113.236.228
53,Louise,Dean,ldean1g@sakura.ne.jp,Female,41.237.193.77
54,Gregory,Gonzales,ggonzales1h@theatlantic.com,Male,149.64.190.183
55,Melissa,Gonzalez,mgonzalez1i@istockphoto.com,Female,4.163.34.128
56,Mildred,Watkins,mwatkins1j@msu.edu,Female,63.20.106.240
57,Martin,Elliott,melliott1k@microsoft.com,Male,69.163.85.45
58,Annie,Taylor,ataylor1l@booking.com,Female,87.82.44.227
59,Gregory,Thompson,gthompson1m@china.com.cn,Male,29.63.75.96
60,Dennis,Duncan,dduncan1n@aboutads.info,Male,98.219.70.233
61,Joshua,Alvarez,jalvarez1o@jiathis.com,Male,30.6.196.243
62,Henry,Armstrong,harmstrong1p@vk.com,Male,152.158.177.70
63,Jessica,Stone,jstone1q@4shared.com,Female,102.113.195.23
64,Russell,Rose,rrose1r@columbia.edu,Male,70.34.142.26
65,Pamela,Cruz,pcruz1s@baidu.com,Female,171.40.74.20
66,Maria,Reid,mreid1t@deviantart.com,Female,194.215.187.188
67,Louis,Ward,lward1u@cam.ac.uk,Male,209.246.179.240
68,Adam,Ryan,aryan1v@themeforest.net,Male,168.227.37.41
69,Lisa,Gordon,lgordon1w@desdev.cn,Female,200.254.17.142
70,Christina,Brown,cbrown1x@dropbox.com,Female,95.171.179.113
71,Peter,Reynolds,preynolds1y@phpbb.com,Male,174.134.232.98
72,Judy,Hunt,jhunt1z@earthlink.net,Female,233.55.1.34
73,Beverly,Berry,bberry20@reddit.com,Female,20.93.148.117
74,James,Ford,jford21@jimdo.com,Male,174.243.231.198
75,Benjamin,Armstrong,barmstrong22@google.com.br,Male,134.108.247.1
76,Stephen,Rose,srose23@bloglines.com,Male,185.84.245.106
77,Russell,Collins,rcollins24@booking.com,Male,29.115.182.197
78,Dennis,Greene,dgreene25@nyu.edu,Male,51.209.52.240
79,Michael,Gilbert,mgilbert26@creativecommons.org,Male,145.250.207.181
80,Theresa,Romero,tromero27@marketwatch.com,Female,211.20.4.161
81,Stephen,Romero,sromero28@jiathis.com,Male,26.77.38.124
82,Eugene,Mitchell,emitchell29@desdev.cn,Male,170.123.168.7
83,Tina,Johnson,tjohnson2a@indiatimes.com,Female,115.18.38.176
84,William,Perkins,wperkins2b@aol.com,Male,25.15.190.154
85,Clarence,Nelson,cnelson2c@netscape.com,Male,164.16.38.55
86,Dennis,Martin,dmartin2d@jalbum.net,Male,239.34.166.237
87,Aaron,Graham,agraham2e@geocities.jp,Male,169.152.11.78
88,Janet,Ross,jross2f@tinypic.com,Female,80.77.255.70
89,Roy,Alvarez,ralvarez2g@npr.org,Male,229.43.100.188
90,Ronald,Morgan,rmorgan2h@issuu.com,Male,52.22.7.63
91,Robin,Ward,rward2i@mail.ru,Female,187.198.22.44
92,Louise,Garrett,lgarrett2j@shareasale.com,Female,144.27.110.71
93,Robin,Payne,rpayne2k@yandex.ru,Female,67.4.84.152
94,Carl,Howard,choward2l@forbes.com,Male,19.224.127.48
95,Joyce,Baker,jbaker2m@hc360.com,Female,249.145.47.220
96,Ruth,Myers,rmyers2n@reference.com,Female,155.126.233.123
97,Karen,Duncan,kduncan2o@over-blog.com,Female,130.183.129.70
98,Lisa,Olson,lolson2p@ucla.edu,Female,231.166.219.14
99,Julia,Myers,jmyers2q@com.com,Female,230.57.189.235
100,Frank,Hall,fhall2r@drupal.org,Male,221.73.122.229
101,Matthew,Anderson,manderson2s@plala.or.jp,Male,210.66.213.221
102,Shirley,Daniels,sdaniels2t@printfriendly.com,Female,103.179.247.187
103,Margaret,Turner,mturner2u@hc360.com,Female,157.158.166.186
104,Amanda,Hudson,ahudson2v@technorati.com,Female,70.40.185.48
105,Kathy,Daniels,kdaniels2w@cyberchimps.com,Female,153.108.40.6
106,Mark,Marshall,mmarshall2x@digg.com,Male,33.199.212.189
107,Rebecca,Campbell,rcampbell2y@skyrock.com,Female,166.0.110.236
108,Tina,Daniels,tdaniels2z@sfgate.com,Female,79.25.203.159
109,Marilyn,Hunt,mhunt30@biblegateway.com,Female,166.211.181.48
110,Howard,Stevens,hstevens31@businessinsider.com,Male,107.92.127.6
111,Larry,Bowman,lbowman32@google.cn,Male,12.198.10.21
112,Theresa,Stephens,tstephens33@netlog.com,Female,20.193.11.177
113,Kenneth,Martin,kmartin34@cbslocal.com,Male,5.84.101.146
114,Ernest,Price,eprice35@bloomberg.com,Male,222.70.113.175
115,Wayne,Allen,wallen36@guardian.co.uk,Male,158.118.177.159
116,Rose,Sullivan,rsullivan37@cmu.edu,Female,18.211.13.49
117,Thomas,Collins,tcollins38@usgs.gov,Male,239.183.240.181
118,Virginia,Reed,vreed39@creativecommons.org,Female,80.241.72.236
119,Judith,Gonzalez,jgonzalez3a@joomla.org,Female,86.3.61.14
120,Janice,Wells,jwells3b@google.ca,Female,85.144.213.131
121,Philip,Stanley,pstanley3c@blogger.com,Male,102.133.78.137
122,Joshua,Hudson,jhudson3d@bloglovin.com,Male,87.135.172.164
123,Rachel,Walker,rwalker3e@patch.com,Female,41.177.250.163
124,Louise,Hudson,lhudson3f@blogtalkradio.com,Female,75.9.75.8
125,Gregory,Fowler,gfowler3g@over-blog.com,Male,16.158.44.172
126,Kelly,Chavez,kchavez3h@miibeian.gov.cn,Female,157.114.223.197
127,Samuel,White,swhite3i@hc360.com,Male,168.177.88.156
128,Carol,Jacobs,cjacobs3j@washington.edu,Female,61.252.124.237
129,Steve,Sims,ssims3k@alexa.com,Male,165.175.45.209
130,Michael,Henry,mhenry3l@paypal.com,Male,192.123.150.162
131,Mark,Hart,mhart3m@google.ca,Male,170.123.235.238
132,Nicole,Boyd,nboyd3n@oracle.com,Female,166.255.209.95
133,Sean,Watkins,swatkins3o@example.com,Male,26.100.100.11
134,Joe,Ryan,jryan3p@uiuc.edu,Male,12.16.163.108
135,Gloria,Matthews,gmatthews3q@mlb.com,Female,246.46.96.74
136,Phillip,Bryant,pbryant3r@wikispaces.com,Male,173.71.49.166
137,Joan,Ross,jross3s@noaa.gov,Female,112.9.198.29
138,Harry,Johnson,hjohnson3t@psu.edu,Male,45.42.1.219
139,Brandon,Ford,bford3u@wikispaces.com,Male,244.96.86.212
140,Laura,Snyder,lsnyder3v@issuu.com,Female,107.143.191.1
141,Thomas,Simmons,tsimmons3w@tumblr.com,Male,113.120.74.138
142,Chris,Olson,colson3x@bloglovin.com,Male,214.126.179.252
143,Joyce,Powell,jpowell3y@alibaba.com,Female,134.130.170.48
144,Timothy,Ortiz,tortiz3z@stanford.edu,Male,124.56.8.219
145,Patricia,Torres,ptorres40@imdb.com,Female,172.116.149.208
146,Angela,Jackson,ajackson41@reverbnation.com,Female,71.193.236.202
147,Beverly,Barnes,bbarnes42@huffingtonpost.com,Female,235.251.198.212
148,Ernest,Campbell,ecampbell43@purevolume.com,Male,201.187.115.83
149,Robin,Elliott,relliott44@skyrock.com,Female,34.138.54.35
150,Martha,Murray,mmurray45@ning.com,Female,218.173.172.221
151,Mary,Gordon,mgordon46@ask.com,Female,85.206.109.222
152,Joyce,Robinson,jrobinson47@weibo.com,Female,71.202.215.110
153,Johnny,Martin,jmartin48@twitpic.com,Male,175.177.255.115
154,Richard,Olson,rolson49@sun.com,Male,114.151.233.155
155,Elizabeth,George,egeorge4a@webnode.com,Female,131.124.120.110
156,Deborah,Perkins,dperkins4b@archive.org,Female,49.92.30.190
157,Ann,Chavez,achavez4c@vk.com,Female,238.224.71.190
158,Jeremy,Parker,jparker4d@sohu.com,Male,248.77.43.35
159,Patrick,Hawkins,phawkins4e@japanpost.jp,Male,54.252.53.112
160,Roger,Gomez,rgomez4f@ezinearticles.com,Male,107.60.206.238
161,Larry,Kelley,lkelley4g@sfgate.com,Male,216.44.51.39
162,Michelle,Green,mgreen4h@miibeian.gov.cn,Female,176.96.227.54
163,Lisa,Bennett,lbennett4i@uiuc.edu,Female,57.99.119.159
164,Christine,Howard,choward4j@wisc.edu,Female,251.37.228.123
165,Susan,Wagner,swagner4k@google.fr,Female,24.114.248.150
166,Antonio,Spencer,aspencer4l@barnesandnoble.com,Male,135.206.249.58
167,Richard,Bennett,rbennett4m@gmpg.org,Male,175.60.48.227
168,Evelyn,Williamson,ewilliamson4n@google.co.jp,Female,131.50.195.10
169,Ryan,Hill,rhill4o@ameblo.jp,Male,105.209.12.190
170,Eugene,Knight,eknight4p@paginegialle.it,Male,21.209.201.36
171,Julia,Riley,jriley4q@thetimes.co.uk,Female,159.251.27.141
172,Mildred,Olson,molson4r@google.es,Female,56.237.79.79
173,Anthony,King,aking4s@t-online.de,Male,241.15.233.45
174,Dennis,Ellis,dellis4t@bbb.org,Male,176.83.128.91
175,Aaron,Mason,amason4u@sphinn.com,Male,2.79.184.30
176,Sarah,Howard,showard4v@artisteer.com,Female,3.107.245.200
177,Steven,Fields,sfields4w@nih.gov,Male,60.126.136.113
178,Nicholas,Bishop,nbishop4x@craigslist.org,Male,139.31.105.215
179,Frances,Burke,fburke4y@adobe.com,Female,174.10.20.68
180,Paula,Perez,pperez4z@umn.edu,Female,8.179.204.181
181,Melissa,Taylor,mtaylor50@acquirethisname.com,Female,106.78.135.142
182,Harold,Harvey,hharvey51@netlog.com,Male,116.152.50.71
183,Jerry,Nguyen,jnguyen52@fema.gov,Male,199.106.104.216
184,Lois,Grant,lgrant53@hatena.ne.jp,Female,41.181.153.228
185,Annie,Powell,apowell54@unesco.org,Female,65.109.236.95
186,Steve,Peterson,speterson55@moonfruit.com,Male,101.202.111.64
187,Victor,Johnston,vjohnston56@cdbaby.com,Male,137.168.156.96
188,Nancy,Perkins,nperkins57@webeden.co.uk,Female,72.203.197.158
189,Martha,Bryant,mbryant58@yale.edu,Female,35.236.210.79
190,Jean,Lopez,jlopez59@tmall.com,Female,91.0.130.37
191,Brenda,Hamilton,bhamilton5a@pcworld.com,Female,112.78.44.197
192,Keith,Watson,kwatson5b@bloglovin.com,Male,218.7.224.181
193,Laura,Larson,llarson5c@geocities.jp,Female,244.159.130.36
194,Marilyn,Weaver,mweaver5d@stanford.edu,Female,106.55.92.208
195,Sara,Howell,showell5e@skyrock.com,Female,232.55.89.192
196,Gary,Montgomery,gmontgomery5f@hc360.com,Male,74.38.252.124
197,Beverly,Alexander,balexander5g@blogtalkradio.com,Female,216.4.206.246
198,Susan,Evans,sevans5h@dell.com,Female,206.72.50.132
199,Mildred,Burns,mburns5i@dedecms.com,Female,175.15.47.185
200,Chris,Moore,cmoore5j@baidu.com,Male,222.121.109.26
201,Ruth,Armstrong,rarmstrong5k@zdnet.com,Female,78.60.34.246
202,Joyce,Henderson,jhenderson5l@ebay.co.uk,Female,26.77.35.109
203,Matthew,Cunningham,mcunningham5m@dropbox.com,Male,21.84.229.175
204,Craig,Hamilton,chamilton5n@liveinternet.ru,Male,224.22.51.164
205,Albert,Ruiz,aruiz5o@theglobeandmail.com,Male,20.233.151.0
206,Gregory,Henderson,ghenderson5p@soup.io,Male,128.155.254.142
207,Jeremy,Jenkins,jjenkins5q@netscape.com,Male,19.62.205.167
208,Norma,Cole,ncole5r@fastcompany.com,Female,118.247.108.119
209,Kelly,Torres,ktorres5s@rediff.com,Female,149.168.44.148
210,Jeremy,Long,jlong5t@mozilla.org,Male,241.174.229.45
211,Daniel,Warren,dwarren5u@issuu.com,Male,75.10.247.170
212,Keith,Spencer,kspencer5v@who.int,Male,220.122.113.186
213,Thomas,Ryan,tryan5w@utexas.edu,Male,125.240.50.38
214,Sean,Bishop,sbishop5x@sourceforge.net,Male,49.157.230.240
215,Justin,Payne,jpayne5y@blog.com,Male,176.63.229.35
216,Jane,Ellis,jellis5z@geocities.com,Female,90.225.18.4
217,Bobby,Freeman,bfreeman60@intel.com,Male,106.231.244.197
218,Christopher,Meyer,cmeyer61@hugedomains.com,Male,106.138.112.212
219,Timothy,Henry,thenry62@joomla.org,Male,53.164.183.202
220,Jack,Schmidt,jschmidt63@bluehost.com,Male,138.169.83.80
221,David,Allen,dallen64@exblog.jp,Male,50.58.53.46
222,Melissa,Sullivan,msullivan65@wordpress.org,Female,82.106.114.165
223,Dorothy,Nichols,dnichols66@wp.com,Female,81.234.200.114
224,Brandon,Carpenter,bcarpenter67@hugedomains.com,Male,68.144.174.149
225,Chris,Powell,cpowell68@twitter.com,Male,241.200.230.30
226,Katherine,Duncan,kduncan69@nsw.gov.au,Female,220.194.240.26
227,Aaron,Ellis,aellis6a@networksolutions.com,Male,27.204.119.41
228,Daniel,Lynch,dlynch6b@deviantart.com,Male,215.241.6.232
229,Jonathan,Myers,jmyers6c@trellian.com,Male,206.174.8.21
230,Billy,Ruiz,bruiz6d@wikispaces.com,Male,221.41.83.51
231,Jane,Rodriguez,jrodriguez6e@mayoclinic.com,Female,29.126.166.194
232,Jean,Mccoy,jmccoy6f@indiegogo.com,Female,87.102.146.157
233,Marilyn,Lawrence,mlawrence6g@rambler.ru,Female,246.106.2.47
234,Andrew,Ross,aross6h@mtv.com,Male,55.84.36.80
235,Martin,Perry,mperry6i@examiner.com,Male,73.220.22.40
236,Harold,Rice,hrice6j@cargocollective.com,Male,2.61.114.177
237,Virginia,Morrison,vmorrison6k@addtoany.com,Female,237.211.71.124
238,Lori,Ryan,lryan6l@phpbb.com,Female,123.202.39.242
239,Christopher,Allen,callen6m@nationalgeographic.com,Male,76.226.12.7
240,Diane,Grant,dgrant6n@people.com.cn,Female,59.228.233.207
241,Gary,Ferguson,gferguson6o@unesco.org,Male,219.6.91.52
242,Mark,Griffin,mgriffin6p@noaa.gov,Male,181.193.143.78
243,Pamela,Green,pgreen6q@go.com,Female,60.249.12.88
244,Steven,Mccoy,smccoy6r@tmall.com,Male,116.96.140.104
245,Phillip,Carpenter,pcarpenter6s@dedecms.com,Male,76.14.43.243
246,Gary,Matthews,gmatthews6t@zimbio.com,Male,173.113.53.252
247,Andrea,Davis,adavis6u@cnet.com,Female,125.236.250.140
248,Anne,Williamson,awilliamson6v@hugedomains.com,Female,84.128.229.117
249,Dennis,Dean,ddean6w@ox.ac.uk,Male,52.160.170.235
250,Albert,Reed,areed6x@intel.com,Male,88.104.109.3
251,Judy,Mason,jmason6y@adobe.com,Female,113.193.55.147
252,Norma,Smith,nsmith6z@skype.com,Female,125.223.199.33
253,Steven,Scott,sscott70@bloglovin.com,Male,135.30.149.236
254,Ryan,Patterson,rpatterson71@answers.com,Male,242.136.10.217
255,Carolyn,Alexander,calexander72@techcrunch.com,Female,24.252.166.169
256,Carlos,Sanders,csanders73@bloglines.com,Male,75.231.115.243
257,Raymond,Wilson,rwilson74@ehow.com,Male,35.102.181.152
258,Jesse,Evans,jevans75@microsoft.com,Male,105.139.191.43
259,Frank,Johnson,fjohnson76@cdc.gov,Male,24.150.194.93
260,Eric,Chavez,echavez77@reddit.com,Male,227.222.43.103
261,Lillian,Larson,llarson78@mozilla.com,Female,68.87.76.139
262,Justin,Lewis,jlewis79@people.com.cn,Male,139.164.195.237
263,Clarence,Cruz,ccruz7a@51.la,Male,35.110.97.182
264,Evelyn,Welch,ewelch7b@smh.com.au,Female,68.66.226.249
265,Shirley,Watkins,swatkins7c@lulu.com,Female,205.204.80.190
266,Kenneth,Phillips,kphillips7d@jigsy.com,Male,36.182.224.51
267,Sarah,Duncan,sduncan7e@goo.ne.jp,Female,50.248.245.65
268,Joseph,Gonzalez,jgonzalez7f@geocities.com,Male,99.77.45.48
269,Gloria,Mason,gmason7g@addtoany.com,Female,159.124.87.234
270,Eric,Sanchez,esanchez7h@ft.com,Male,64.62.75.109
271,Harry,Schmidt,hschmidt7i@adobe.com,Male,223.100.45.11
272,Donna,Owens,dowens7j@github.com,Female,22.11.241.52
273,Gerald,Peterson,gpeterson7k@yolasite.com,Male,234.156.77.15
274,Tammy,Scott,tscott7l@harvard.edu,Female,71.107.189.224
275,Lori,Henry,lhenry7m@gmpg.org,Female,203.79.34.142
276,Debra,Gardner,dgardner7n@e-recht24.de,Female,254.125.75.188
277,Willie,Ray,wray7o@discuz.net,Male,92.10.253.233
278,Phillip,Collins,pcollins7p@sfgate.com,Male,48.210.132.197
279,Jimmy,Hansen,jhansen7q@over-blog.com,Male,101.40.128.173
280,Joseph,Morrison,jmorrison7r@themeforest.net,Male,250.245.239.27
281,Walter,Richardson,wrichardson7s@ebay.com,Male,180.228.173.134
282,Albert,Hudson,ahudson7t@bbc.co.uk,Male,198.224.191.88
283,Michael,Kim,mkim7u@microsoft.com,Male,174.90.104.127
284,Christina,Price,cprice7v@ycombinator.com,Female,186.125.241.106
285,Earl,Berry,eberry7w@usa.gov,Male,120.156.42.176
286,Juan,Diaz,jdiaz7x@tripadvisor.com,Male,10.252.74.92
287,Judy,Lawson,jlawson7y@marriott.com,Female,143.97.200.171
288,Alan,Jordan,ajordan7z@mlb.com,Male,155.252.117.230
289,Linda,Wilson,lwilson80@geocities.jp,Female,76.196.75.194
290,Alan,Elliott,aelliott81@cyberchimps.com,Male,88.9.126.187
291,Donna,Kennedy,dkennedy82@engadget.com,Female,49.6.144.95
292,Katherine,Morrison,kmorrison83@nps.gov,Female,1.46.209.17
293,Randy,Little,rlittle84@w3.org,Male,232.241.19.122
294,Antonio,Watson,awatson85@google.com.br,Male,148.221.171.226
295,Ruby,Fernandez,rfernandez86@guardian.co.uk,Female,52.121.97.255
296,James,Evans,jevans87@addtoany.com,Male,242.38.129.227
297,Judith,Walker,jwalker88@dailymotion.com,Female,60.173.25.139
298,Ernest,Hayes,ehayes89@mail.ru,Male,6.117.118.100
299,Robin,Gordon,rgordon8a@privacy.gov.au,Female,92.243.185.80
300,Melissa,Payne,mpayne8b@bloglovin.com,Female,243.209.133.70
301,Amy,Webb,awebb8c@admin.ch,Female,192.124.99.16
302,Anna,Castillo,acastillo8d@slate.com,Female,97.147.40.152
303,Diane,Jacobs,djacobs8e@fda.gov,Female,246.164.227.89
304,Louise,Romero,lromero8f@cafepress.com,Female,112.184.51.249
305,Ryan,Allen,rallen8g@issuu.com,Male,162.14.23.225
306,Jane,Hill,jhill8h@google.nl,Female,227.68.91.179
307,Melissa,Ferguson,mferguson8i@netlog.com,Female,182.66.192.252
308,Carol,Fisher,cfisher8j@hexun.com,Female,66.77.249.84
309,Emily,Carter,ecarter8k@nps.gov,Female,132.50.221.28
310,Sarah,Hanson,shanson8l@hatena.ne.jp,Female,66.212.226.76
311,Catherine,Torres,ctorres8m@liveinternet.ru,Female,124.174.233.206
312,Ralph,Moore,rmoore8n@cam.ac.uk,Male,219.84.169.156
313,Joshua,Ray,jray8o@deviantart.com,Male,155.45.194.218
314,Christina,Young,cyoung8p@loc.gov,Female,142.43.190.150
315,Daniel,Crawford,dcrawford8q@seattletimes.com,Male,38.182.176.74
316,Lori,Hall,lhall8r@slideshare.net,Female,12.217.31.206
317,Patrick,Brooks,pbrooks8s@dailymail.co.uk,Male,132.227.164.172
318,Joshua,Matthews,jmatthews8t@51.la,Male,208.70.72.76
319,Catherine,Garza,cgarza8u@usa.gov,Female,51.12.166.200
320,Carol,Elliott,celliott8v@mozilla.com,Female,200.205.130.85
321,Irene,Fowler,ifowler8w@zimbio.com,Female,58.78.193.246
322,Phillip,Murray,pmurray8x@elegantthemes.com,Male,104.23.221.114
323,Sean,Romero,sromero8y@globo.com,Male,12.69.166.199
324,Steven,Greene,sgreene8z@wired.com,Male,244.20.134.251
325,Bonnie,Berry,bberry90@tuttocitta.it,Female,110.193.139.204
326,Joyce,Medina,jmedina91@illinois.edu,Female,196.142.113.74
327,Matthew,Rodriguez,mrodriguez92@opensource.org,Male,237.183.71.52
328,Frances,Crawford,fcrawford93@nationalgeographic.com,Female,52.211.8.179
329,Carlos,Walker,cwalker94@mashable.com,Male,165.146.145.192
330,Joshua,Bryant,jbryant95@smugmug.com,Male,69.46.98.36
331,Walter,Cox,wcox96@php.net,Male,45.48.249.199
332,Richard,Burns,rburns97@wufoo.com,Male,58.37.80.211
333,Justin,Boyd,jboyd98@baidu.com,Male,8.125.177.139
334,Juan,Diaz,jdiaz99@nhs.uk,Male,173.177.197.64
335,Todd,Kelley,tkelley9a@washington.edu,Male,175.240.242.190
336,Carol,Martinez,cmartinez9b@instagram.com,Female,196.40.53.49
337,Elizabeth,Dean,edean9c@1688.com,Female,173.250.216.43
338,Douglas,Jones,djones9d@oakley.com,Male,194.110.253.3
339,Sarah,Woods,swoods9e@redcross.org,Female,189.201.221.195
340,Larry,Payne,lpayne9f@wiley.com,Male,8.48.187.171
341,Stephanie,Hart,shart9g@goo.gl,Female,4.203.54.146
342,Lisa,Williamson,lwilliamson9h@mapquest.com,Female,175.170.192.242
343,Frank,Williams,fwilliams9i@spotify.com,Male,215.139.205.242
344,Sandra,Allen,sallen9j@google.com.hk,Female,192.201.189.239
345,Anthony,Thompson,athompson9k@constantcontact.com,Male,167.97.127.154
346,Rose,Hughes,rhughes9l@4shared.com,Female,117.131.176.23
347,Donald,Robinson,drobinson9m@tinypic.com,Male,109.148.220.36
348,Kimberly,Sullivan,ksullivan9n@jugem.jp,Female,13.92.253.244
349,Norma,Ferguson,nferguson9o@nsw.gov.au,Female,200.54.192.89
350,Jack,Ramirez,jramirez9p@google.co.uk,Male,5.41.113.195
351,Norma,Coleman,ncoleman9q@geocities.jp,Female,19.138.23.202
352,Scott,Payne,spayne9r@wix.com,Male,33.237.30.48
353,Nicholas,Richardson,nrichardson9s@xrea.com,Male,62.110.56.31
354,Julie,Ellis,jellis9t@army.mil,Female,253.134.195.6
355,Kathleen,Gutierrez,kgutierrez9u@reddit.com,Female,57.82.107.215
356,Julie,Weaver,jweaver9v@foxnews.com,Female,18.61.1.29
357,Sean,Kelly,skelly9w@dropbox.com,Male,72.66.63.155
358,Pamela,Ryan,pryan9x@usa.gov,Female,88.14.169.222
359,Jane,Gonzalez,jgonzalez9y@live.com,Female,106.84.97.255
360,Benjamin,Mitchell,bmitchell9z@aboutads.info,Male,145.176.168.163
361,Catherine,Garza,cgarzaa0@ebay.com,Female,220.127.48.110
362,Robert,Wells,rwellsa1@free.fr,Male,117.226.235.211
363,Marie,Grant,mgranta2@geocities.jp,Female,122.90.173.72
364,Susan,Murphy,smurphya3@imgur.com,Female,211.128.198.235
365,Joseph,Simmons,jsimmonsa4@dyndns.org,Male,186.217.22.64
366,Ronald,Berry,rberrya5@cmu.edu,Male,198.185.251.182
367,Albert,Howard,ahowarda6@webs.com,Male,22.78.104.251
368,Paula,Harrison,pharrisona7@oracle.com,Female,228.41.63.99
369,Richard,Weaver,rweavera8@businessweek.com,Male,226.224.91.181
370,Jennifer,Reed,jreeda9@booking.com,Female,217.88.83.10
371,Justin,Rice,jriceaa@shareasale.com,Male,33.226.133.238
372,Terry,Weaver,tweaverab@360.cn,Male,118.47.226.133
373,Sharon,Vasquez,svasquezac@tinyurl.com,Female,143.62.46.154
374,Jennifer,Edwards,jedwardsad@ameblo.jp,Female,154.1.23.81
375,Louis,Little,llittleae@mtv.com,Male,21.128.147.19
376,Gregory,Carter,gcarteraf@scientificamerican.com,Male,250.9.17.229
377,Judy,Turner,jturnerag@bizjournals.com,Female,198.122.155.30
378,Antonio,Howell,ahowellah@google.it,Male,71.175.171.176
379,Gregory,Sanders,gsandersai@issuu.com,Male,177.39.7.243
380,Bruce,Castillo,bcastilloaj@wix.com,Male,162.127.12.218
381,Rose,Jacobs,rjacobsak@a8.net,Female,195.217.12.79
382,Teresa,Pierce,tpierceal@trellian.com,Female,180.158.212.127
383,Donna,Coleman,dcolemanam@comsenz.com,Female,166.121.114.80
384,Jerry,Frazier,jfrazieran@mtv.com,Male,97.107.207.228
385,Amy,Carr,acarrao@reddit.com,Female,95.166.200.143
386,Lillian,Kelley,lkelleyap@mapy.cz,Female,106.140.99.133
387,Steven,Gray,sgrayaq@usda.gov,Male,118.224.15.142
388,Fred,Robertson,frobertsonar@a8.net,Male,70.157.42.52
389,Carolyn,Harris,charrisas@disqus.com,Female,77.107.198.73
390,Nancy,White,nwhiteat@youku.com,Female,88.32.172.240
391,Kevin,Kelly,kkellyau@xinhuanet.com,Male,34.103.176.7
392,Michelle,Tucker,mtuckerav@cisco.com,Female,92.191.3.192
393,Eugene,Cooper,ecooperaw@wikipedia.org,Male,238.24.33.19
394,Maria,Gibson,mgibsonax@wikipedia.org,Female,240.72.25.214
395,Jack,Stevens,jstevensay@issuu.com,Male,80.60.157.168
396,Jerry,Young,jyoungaz@techcrunch.com,Male,148.1.48.37
397,Nancy,Stevens,nstevensb0@prweb.com,Female,27.98.58.3
398,Lori,Jackson,ljacksonb1@adobe.com,Female,150.2.90.179
399,Ruby,Gilbert,rgilbertb2@sakura.ne.jp,Female,255.207.187.71
400,Christine,Rogers,crogersb3@jigsy.com,Female,155.158.0.197
401,Alice,Hamilton,ahamiltonb4@scribd.com,Female,195.100.10.219
402,Ronald,Jacobs,rjacobsb5@nifty.com,Male,79.180.224.192
403,Shawn,Hamilton,shamiltonb6@uiuc.edu,Male,118.85.175.77
404,Jennifer,Miller,jmillerb7@blogspot.com,Female,68.10.21.34
405,Shirley,Graham,sgrahamb8@ox.ac.uk,Female,59.114.74.78
406,John,Garcia,jgarciab9@desdev.cn,Male,106.235.64.142
407,James,Freeman,jfreemanba@springer.com,Male,166.77.176.90
408,Ashley,Kelly,akellybb@apple.com,Female,178.38.135.60
409,Bruce,Olson,bolsonbc@angelfire.com,Male,6.241.21.128
410,Joyce,Fields,jfieldsbd@sciencedirect.com,Female,105.200.162.22
411,Catherine,Fields,cfieldsbe@fastcompany.com,Female,23.224.19.15
412,Gregory,Powell,gpowellbf@tamu.edu,Male,146.9.253.187
413,Ronald,Clark,rclarkbg@boston.com,Male,60.117.202.240
414,Raymond,Hansen,rhansenbh@exblog.jp,Male,5.91.82.244
415,Harry,Palmer,hpalmerbi@infoseek.co.jp,Male,68.176.252.242
416,Billy,Knight,bknightbj@twitter.com,Male,26.26.183.4
417,Wanda,Price,wpricebk@soundcloud.com,Female,84.72.187.195
418,Louise,Kelly,lkellybl@boston.com,Female,24.59.115.247
419,Barbara,Berry,bberrybm@twitter.com,Female,230.46.209.169
420,Carol,Brown,cbrownbn@biglobe.ne.jp,Female,23.129.150.24
421,Fred,Coleman,fcolemanbo@twitter.com,Male,7.12.205.114
422,Joe,Hamilton,jhamiltonbp@domainmarket.com,Male,141.151.255.124
423,Janice,Watkins,jwatkinsbq@paypal.com,Female,7.29.252.109
424,Donna,Morris,dmorrisbr@google.it,Female,147.15.0.6
425,Margaret,Mills,mmillsbs@npr.org,Female,248.13.53.114
426,Dorothy,Baker,dbakerbt@samsung.com,Female,52.199.142.167
427,Sandra,Collins,scollinsbu@comcast.net,Female,190.192.124.174
428,Andrew,Welch,awelchbv@bloglovin.com,Male,153.182.39.92
429,Joseph,Hanson,jhansonbw@va.gov,Male,123.166.201.111
430,Julia,Fields,jfieldsbx@google.ca,Female,55.228.162.52
431,Cynthia,Myers,cmyersby@google.fr,Female,191.77.205.43
432,Sandra,Morales,smoralesbz@nydailynews.com,Female,223.70.251.48
433,Joe,Gibson,jgibsonc0@weebly.com,Male,83.16.59.184
434,Shawn,Ross,srossc1@bizjournals.com,Male,119.5.75.36
435,Nicholas,Gibson,ngibsonc2@plala.or.jp,Male,40.226.50.174
436,Judy,Fuller,jfullerc3@sourceforge.net,Female,64.92.230.53
437,Amanda,Robinson,arobinsonc4@oaic.gov.au,Female,249.216.15.72
438,Dennis,Bryant,dbryantc5@tinyurl.com,Male,206.18.113.145
439,Annie,Palmer,apalmerc6@jugem.jp,Female,42.20.79.31
440,Ryan,Berry,rberryc7@goo.ne.jp,Male,247.18.88.19
441,Lori,Riley,lrileyc8@yellowbook.com,Female,18.253.33.104
442,Christine,Rose,crosec9@parallels.com,Female,10.173.23.22
443,Craig,Mcdonald,cmcdonaldca@mozilla.org,Male,213.231.34.124
444,Billy,Fernandez,bfernandezcb@oracle.com,Male,171.206.181.189
445,Jacqueline,Hunter,jhuntercc@utexas.edu,Female,44.240.227.111
446,Anne,Stevens,astevenscd@spiegel.de,Female,143.91.17.131
447,Cynthia,Wilson,cwilsonce@nbcnews.com,Female,120.7.32.148
448,Katherine,Harrison,kharrisoncf@cisco.com,Female,57.198.134.246
449,Benjamin,Martin,bmartincg@mysql.com,Male,97.216.22.82
450,Adam,Harper,aharperch@wufoo.com,Male,91.79.78.26
451,Antonio,Martin,amartinci@1688.com,Male,32.212.195.190
452,Martin,Wright,mwrightcj@wsj.com,Male,54.50.100.152
453,Raymond,Stanley,rstanleyck@unblog.fr,Male,198.251.36.126
454,Chris,Evans,cevanscl@mtv.com,Male,39.184.19.243
455,Tina,Franklin,tfranklincm@icio.us,Female,142.191.82.203
456,Fred,Knight,fknightcn@hugedomains.com,Male,138.214.205.41
457,Stephen,Hudson,shudsonco@nhs.uk,Male,194.125.129.174
458,Roger,Ellis,relliscp@unblog.fr,Male,236.252.36.204
459,Mark,Scott,mscottcq@nba.com,Male,247.119.41.199
460,Sharon,Wilson,swilsoncr@theglobeandmail.com,Female,172.132.34.11
461,Sarah,Rose,srosecs@google.nl,Female,212.159.187.134
462,Steven,Simmons,ssimmonsct@twitpic.com,Male,251.219.57.219
463,Diana,Olson,dolsoncu@latimes.com,Female,143.247.157.92
464,Karen,Henry,khenrycv@gravatar.com,Female,107.29.95.82
465,Jose,Hansen,jhansencw@dropbox.com,Male,18.1.132.45
466,Jerry,Williamson,jwilliamsoncx@harvard.edu,Male,8.161.178.224
467,Henry,Harrison,hharrisoncy@home.pl,Male,58.142.106.68
468,Ernest,Powell,epowellcz@harvard.edu,Male,173.173.6.217
469,Phyllis,Peters,ppetersd0@wikia.com,Female,252.189.130.78
470,Raymond,Meyer,rmeyerd1@wired.com,Male,36.84.246.138
471,Terry,Matthews,tmatthewsd2@paypal.com,Male,25.249.208.51
472,Sara,Martinez,smartinezd3@paypal.com,Female,62.48.29.197
473,Eric,Holmes,eholmesd4@seattletimes.com,Male,97.227.73.84
474,Doris,Holmes,dholmesd5@hibu.com,Female,132.149.163.220
475,Carol,Hall,challd6@dailymail.co.uk,Female,76.94.57.233
476,Denise,Morales,dmoralesd7@hibu.com,Female,207.50.239.13
477,Carlos,Rivera,criverad8@cdc.gov,Male,79.77.32.25
478,James,Hansen,jhansend9@devhub.com,Male,225.198.95.0
479,Kenneth,Ray,krayda@bigcartel.com,Male,166.223.86.204
480,Sandra,Chapman,schapmandb@bizjournals.com,Female,192.59.27.192
481,Dorothy,Stevens,dstevensdc@woothemes.com,Female,6.176.61.58
482,Joseph,Gardner,jgardnerdd@blogtalkradio.com,Male,206.154.9.193
483,John,Ortiz,jortizde@columbia.edu,Male,141.192.162.133
484,Kevin,Ford,kforddf@tamu.edu,Male,63.114.105.180
485,Larry,Dunn,ldunndg@delicious.com,Male,215.217.200.138
486,Sandra,Reid,sreiddh@dailymail.co.uk,Female,92.224.58.145
487,Keith,Morris,kmorrisdi@constantcontact.com,Male,33.78.22.227
488,Rebecca,Gutierrez,rgutierrezdj@dailymail.co.uk,Female,190.187.16.60
489,Stephanie,George,sgeorgedk@tinyurl.com,Female,223.199.226.194
490,Jimmy,Fields,jfieldsdl@theglobeandmail.com,Male,106.253.208.99
491,Alan,Ramirez,aramirezdm@fema.gov,Male,131.9.12.130
492,Janice,Reed,jreeddn@ehow.com,Female,143.133.237.123
493,Joyce,Berry,jberrydo@bandcamp.com,Female,121.181.24.104
494,Howard,Roberts,hrobertsdp@opensource.org,Male,62.155.72.222
495,Joyce,Thompson,jthompsondq@wp.com,Female,114.171.99.200
496,Joshua,Burton,jburtondr@ftc.gov,Male,191.232.127.200
497,Lillian,Hill,lhillds@pbs.org,Female,183.102.145.37
498,Walter,Garcia,wgarciadt@china.com.cn,Male,210.160.164.109
499,Scott,Baker,sbakerdu@ed.gov,Male,91.247.248.146
500,Joan,Campbell,jcampbelldv@barnesandnoble.com,Female,245.129.248.114
501,Patrick,Hill,philldw@dyndns.org,Male,29.223.240.64
502,Rachel,Martinez,rmartinezdx@cisco.com,Female,35.137.146.149
503,Jesse,Olson,jolsondy@telegraph.co.uk,Male,245.174.118.248
504,Joe,Marshall,jmarshalldz@msn.com,Male,72.44.117.18
505,Wanda,Fisher,wfishere0@discovery.com,Female,191.47.64.150
506,Mary,Carr,mcarre1@who.int,Female,200.188.192.187
507,Jacqueline,Kelley,jkelleye2@linkedin.com,Female,183.93.8.175
508,Anne,Nguyen,anguyene3@hugedomains.com,Female,11.221.71.48
509,Eric,Butler,ebutlere4@tiny.cc,Male,102.213.185.62
510,Stephanie,Matthews,smatthewse5@exblog.jp,Female,172.130.6.122
511,Keith,Nelson,knelsone6@upenn.edu,Male,39.78.149.231
512,Sandra,Stephens,sstephense7@dropbox.com,Female,47.40.189.126
513,Cheryl,Roberts,crobertse8@example.com,Female,111.232.177.206
514,Jeremy,Fernandez,jfernandeze9@angelfire.com,Male,68.248.21.118
515,Catherine,Kelley,ckelleyea@oakley.com,Female,182.116.41.129
516,Daniel,Hunter,dhuntereb@bbb.org,Male,125.68.76.219
517,Ralph,Morris,rmorrisec@dailymotion.com,Male,120.152.73.238
518,Fred,Carr,fcarred@thetimes.co.uk,Male,124.109.14.143
519,Tammy,Powell,tpowellee@t.co,Female,70.221.238.112
520,Pamela,Gonzalez,pgonzalezef@bbb.org,Female,170.46.42.174
521,Scott,Cox,scoxeg@indiegogo.com,Male,3.76.2.170
522,William,Duncan,wduncaneh@tiny.cc,Male,145.140.87.140
523,William,Henry,whenryei@goo.gl,Male,100.147.122.88
524,Andrea,Hicks,ahicksej@comcast.net,Female,104.74.243.239
525,Kelly,Matthews,kmatthewsek@bigcartel.com,Female,101.135.39.0
526,Joan,Wallace,jwallaceel@tiny.cc,Female,136.176.132.4
527,Pamela,Bishop,pbishopem@noaa.gov,Female,80.218.155.17
528,Dorothy,Arnold,darnolden@photobucket.com,Female,11.18.134.31
529,Jean,Price,jpriceeo@furl.net,Female,153.102.242.179
530,John,Burke,jburkeep@timesonline.co.uk,Male,32.15.90.140
531,Janet,Meyer,jmeyereq@toplist.cz,Female,39.166.81.246
532,Sarah,Edwards,sedwardser@npr.org,Female,224.106.237.152
533,Victor,Coleman,vcolemanes@surveymonkey.com,Male,160.223.101.153
534,Howard,Thomas,hthomaset@simplemachines.org,Male,178.195.54.21
535,Lois,Rogers,lrogerseu@wordpress.org,Female,155.157.213.52
536,Christine,Knight,cknightev@ycombinator.com,Female,81.149.134.199
537,Willie,Hawkins,whawkinsew@webeden.co.uk,Male,98.31.179.239
538,Howard,Fuller,hfullerex@slashdot.org,Male,95.150.103.121
539,Raymond,Castillo,rcastilloey@odnoklassniki.ru,Male,62.22.106.85
540,Kenneth,Hunter,khunterez@discovery.com,Male,88.119.128.110
541,Antonio,Fernandez,afernandezf0@linkedin.com,Male,97.227.30.74
542,Jose,Wood,jwoodf1@wufoo.com,Male,108.153.76.188
543,Christina,Barnes,cbarnesf2@bbb.org,Female,84.83.13.182
544,Carolyn,Garrett,cgarrettf3@smugmug.com,Female,51.156.211.166
545,Pamela,George,pgeorgef4@fema.gov,Female,101.7.59.250
546,Raymond,Parker,rparkerf5@telegraph.co.uk,Male,62.240.245.103
547,Anthony,Cole,acolef6@nps.gov,Male,158.167.183.177
548,Debra,Kelley,dkelleyf7@cisco.com,Female,182.41.244.241
549,Clarence,Sims,csimsf8@sciencedirect.com,Male,4.107.34.192
550,Kenneth,Cruz,kcruzf9@techcrunch.com,Male,102.175.153.255
551,Donald,Knight,dknightfa@google.cn,Male,233.224.10.253
552,Willie,Jenkins,wjenkinsfb@sohu.com,Male,139.52.65.182
553,Justin,Ramirez,jramirezfc@cornell.edu,Male,252.7.81.238
554,Stephanie,Howell,showellfd@ask.com,Female,108.100.136.66
555,Patrick,Crawford,pcrawfordfe@gnu.org,Male,247.22.20.16
556,Craig,Wagner,cwagnerff@w3.org,Male,30.39.95.57
557,Sharon,Warren,swarrenfg@blogspot.com,Female,234.127.167.160
558,Daniel,Ryan,dryanfh@theguardian.com,Male,206.221.96.15
559,Christopher,Lawrence,clawrencefi@goo.gl,Male,104.185.199.138
560,Thomas,Jackson,tjacksonfj@miibeian.gov.cn,Male,61.3.207.234
561,Steve,Woods,swoodsfk@imageshack.us,Male,54.82.239.20
562,Anne,Chapman,achapmanfl@mac.com,Female,112.245.14.55
563,William,Carr,wcarrfm@bloglovin.com,Male,214.251.122.8
564,Jose,Morales,jmoralesfn@joomla.org,Male,180.163.56.51
565,Kathleen,Dixon,kdixonfo@illinois.edu,Female,195.52.206.104
566,Edward,Gardner,egardnerfp@paypal.com,Male,187.19.187.108
567,Bonnie,Dixon,bdixonfq@e-recht24.de,Female,37.150.15.68
568,Todd,Rivera,triverafr@google.nl,Male,51.47.237.131
569,Tammy,Fields,tfieldsfs@pinterest.com,Female,1.31.243.149
570,James,Rice,jriceft@elegantthemes.com,Male,147.141.5.193
571,Judy,Jacobs,jjacobsfu@webmd.com,Female,114.53.245.218
572,Cheryl,Baker,cbakerfv@statcounter.com,Female,66.180.76.160
573,Roy,Henderson,rhendersonfw@bandcamp.com,Male,176.195.72.128
574,Jean,Stewart,jstewartfx@bloglovin.com,Female,188.73.200.180
575,Anne,Olson,aolsonfy@elegantthemes.com,Female,45.179.5.106
576,Patricia,Garcia,pgarciafz@ted.com,Female,128.183.73.109
577,Jose,Young,jyoungg0@networksolutions.com,Male,215.211.60.142
578,Benjamin,Morgan,bmorgang1@upenn.edu,Male,73.183.54.205
579,Eugene,Snyder,esnyderg2@e-recht24.de,Male,200.70.134.153
580,Kelly,Reed,kreedg3@smh.com.au,Female,183.127.136.35
581,Ernest,Harper,eharperg4@elegantthemes.com,Male,241.202.127.41
582,Matthew,Lane,mlaneg5@51.la,Male,56.166.146.16
583,Theresa,Mendoza,tmendozag6@imgur.com,Female,236.116.25.110
584,Sean,Flores,sfloresg7@ameblo.jp,Male,73.236.55.99
585,Timothy,Taylor,ttaylorg8@ning.com,Male,187.57.106.17
586,Louis,George,lgeorgeg9@paypal.com,Male,190.129.152.234
587,Julie,Thompson,jthompsonga@goodreads.com,Female,222.143.149.38
588,Deborah,Hunt,dhuntgb@businesswire.com,Female,44.205.96.227
589,Dorothy,Fuller,dfullergc@phpbb.com,Female,164.239.176.171
590,Ann,Mccoy,amccoygd@pcworld.com,Female,116.196.136.163
591,Billy,Smith,bsmithge@usnews.com,Male,145.230.176.213
592,Amanda,Allen,aallengf@uiuc.edu,Female,185.25.239.151
593,Lillian,Perez,lperezgg@e-recht24.de,Female,244.220.152.131
594,Michael,Dunn,mdunngh@dyndns.org,Male,134.164.17.157
595,Paula,Perkins,pperkinsgi@ocn.ne.jp,Female,208.183.73.38
596,Jean,Perry,jperrygj@miitbeian.gov.cn,Female,34.250.71.118
597,Amy,Ruiz,aruizgk@reference.com,Female,126.160.114.134
598,Roy,Lawson,rlawsongl@behance.net,Male,112.42.129.149
599,Dennis,Stevens,dstevensgm@unesco.org,Male,145.155.22.6
600,Evelyn,Walker,ewalkergn@printfriendly.com,Female,33.207.222.58
601,Roger,Hamilton,rhamiltongo@usa.gov,Male,167.106.87.192
602,Nicholas,Adams,nadamsgp@wikimedia.org,Male,189.89.177.104
603,Dorothy,Shaw,dshawgq@usda.gov,Female,26.190.69.28
604,Jessica,Green,jgreengr@wordpress.com,Female,35.57.105.122
605,Bonnie,Ortiz,bortizgs@ihg.com,Female,237.211.55.120
606,Nancy,Armstrong,narmstronggt@alibaba.com,Female,190.240.176.64
607,Ruth,Fowler,rfowlergu@devhub.com,Female,237.217.151.135
608,Adam,Payne,apaynegv@multiply.com,Male,12.95.101.133
609,Helen,Hanson,hhansongw@parallels.com,Female,235.154.107.224
610,Beverly,Carr,bcarrgx@yahoo.co.jp,Female,215.254.43.11
611,Clarence,Dixon,cdixongy@google.cn,Male,53.15.204.233
612,Jose,Bryant,jbryantgz@samsung.com,Male,105.59.237.89
613,Diana,Riley,drileyh0@unesco.org,Female,240.134.159.214
614,Michael,Edwards,medwardsh1@unc.edu,Male,96.231.31.175
615,Craig,Greene,cgreeneh2@nhs.uk,Male,247.199.85.86
616,Christopher,Lewis,clewish3@trellian.com,Male,213.211.86.69
617,Philip,Rogers,progersh4@desdev.cn,Male,64.233.19.127
618,Samuel,Powell,spowellh5@acquirethisname.com,Male,92.236.248.211
619,Matthew,Moreno,mmorenoh6@goo.ne.jp,Male,195.76.146.86
620,Pamela,Graham,pgrahamh7@nifty.com,Female,26.2.128.247
621,Michael,Davis,mdavish8@infoseek.co.jp,Male,199.190.6.31
622,Kenneth,Fox,kfoxh9@purevolume.com,Male,93.89.105.165
623,Diane,Morgan,dmorganha@cbc.ca,Female,71.233.190.0
624,Bonnie,Gibson,bgibsonhb@infoseek.co.jp,Female,125.208.194.186
625,Kathryn,Murphy,kmurphyhc@deviantart.com,Female,203.214.194.40
626,Ryan,Burke,rburkehd@squarespace.com,Male,237.255.239.186
627,Walter,Brown,wbrownhe@ted.com,Male,70.236.132.139
628,Rebecca,Cox,rcoxhf@last.fm,Female,207.20.108.177
629,Helen,Baker,hbakerhg@clickbank.net,Female,243.7.0.31
630,Michelle,Wells,mwellshh@wordpress.org,Female,255.252.59.162
631,Richard,Chavez,rchavezhi@whitehouse.gov,Male,97.207.39.47
632,Juan,Gray,jgrayhj@liveinternet.ru,Male,22.213.131.59
633,Janet,Dixon,jdixonhk@surveymonkey.com,Female,189.205.244.153
634,Gloria,Perry,gperryhl@twitter.com,Female,164.111.11.165
635,Ruth,Simmons,rsimmonshm@fda.gov,Female,177.173.103.253
636,Christina,Fernandez,cfernandezhn@wunderground.com,Female,41.77.77.132
637,James,Dixon,jdixonho@arizona.edu,Male,86.119.181.135
638,Ernest,Meyer,emeyerhp@howstuffworks.com,Male,230.22.231.56
639,Julia,Miller,jmillerhq@mit.edu,Female,178.219.235.61
640,Virginia,Romero,vromerohr@va.gov,Female,151.106.198.43
641,Katherine,Nguyen,knguyenhs@yale.edu,Female,25.24.199.221
642,Gregory,Carpenter,gcarpenterht@dmoz.org,Male,217.118.178.63
643,Aaron,Alvarez,aalvarezhu@360.cn,Male,0.184.68.233
644,Kathy,Garcia,kgarciahv@webs.com,Female,239.254.165.131
645,Philip,Parker,pparkerhw@plala.or.jp,Male,89.50.215.245
646,Benjamin,Chavez,bchavezhx@bbb.org,Male,113.127.31.213
647,Kelly,Baker,kbakerhy@mysql.com,Female,24.92.62.157
648,Mary,Morgan,mmorganhz@state.tx.us,Female,154.197.145.119
649,Daniel,Gardner,dgardneri0@yolasite.com,Male,123.59.174.51
650,Phyllis,Rodriguez,prodriguezi1@photobucket.com,Female,4.36.180.179
651,Bruce,Bishop,bbishopi2@usa.gov,Male,62.159.91.162
652,Nicole,Fisher,nfisheri3@oracle.com,Female,84.54.189.149
653,Martha,Johnston,mjohnstoni4@unc.edu,Female,182.37.151.251
654,Shirley,Boyd,sboydi5@sbwire.com,Female,155.104.140.209
655,Kimberly,Patterson,kpattersoni6@skype.com,Female,86.87.164.123
656,Jose,Hayes,jhayesi7@free.fr,Male,124.153.159.204
657,Barbara,Banks,bbanksi8@amazon.co.jp,Female,254.56.232.79
658,Bruce,Flores,bfloresi9@jugem.jp,Male,78.109.46.150
659,Eugene,Fernandez,efernandezia@hp.com,Male,205.81.37.218
660,Sara,Wheeler,swheelerib@scribd.com,Female,159.161.22.231
661,Stephanie,Mason,smasonic@xinhuanet.com,Female,94.113.13.255
662,Ryan,Carroll,rcarrollid@bloglovin.com,Male,57.33.78.141
663,Ralph,Stanley,rstanleyie@123-reg.co.uk,Male,205.130.250.118
664,Harold,Dean,hdeanif@issuu.com,Male,154.126.206.10
665,Alice,Brooks,abrooksig@arizona.edu,Female,93.23.82.120
666,Bonnie,Lawson,blawsonih@noaa.gov,Female,180.199.49.45
667,Johnny,Hill,jhillii@jugem.jp,Male,120.164.135.147
668,Sarah,Shaw,sshawij@wufoo.com,Female,164.142.11.202
669,Jacqueline,Austin,jaustinik@blogspot.com,Female,63.33.114.106
670,Chris,Reynolds,creynoldsil@e-recht24.de,Male,208.1.146.35
671,Gary,Ferguson,gfergusonim@japanpost.jp,Male,22.28.103.128
672,Theresa,Collins,tcollinsin@wikispaces.com,Female,234.206.171.101
673,Paula,Duncan,pduncanio@github.com,Female,246.165.187.198
674,Mary,Taylor,mtaylorip@huffingtonpost.com,Female,106.15.93.75
675,Helen,Duncan,hduncaniq@forbes.com,Female,62.202.123.97
676,Peter,Ray,prayir@columbia.edu,Male,122.90.240.132
677,Roger,Long,rlongis@facebook.com,Male,56.246.142.194
678,Clarence,Burke,cburkeit@businesswire.com,Male,247.114.1.23
679,Timothy,Moore,tmooreiu@digg.com,Male,168.229.237.131
680,Linda,Alexander,lalexanderiv@dailymail.co.uk,Female,242.181.5.198
681,Angela,Harrison,aharrisoniw@tinypic.com,Female,137.241.241.126
682,Emily,King,ekingix@washingtonpost.com,Female,181.46.220.210
683,Janice,Reynolds,jreynoldsiy@statcounter.com,Female,216.119.41.14
684,Marie,Moore,mmooreiz@reddit.com,Female,117.10.104.222
685,Michelle,Daniels,mdanielsj0@de.vu,Female,100.31.0.58
686,Dennis,Stanley,dstanleyj1@ameblo.jp,Male,186.156.189.202
687,Ruth,Mills,rmillsj2@stanford.edu,Female,67.199.166.255
688,Carolyn,Reynolds,creynoldsj3@va.gov,Female,255.227.27.167
689,Laura,Kennedy,lkennedyj4@phoca.cz,Female,143.20.38.43
690,Harold,Larson,hlarsonj5@wikispaces.com,Male,108.85.99.28
691,Willie,Miller,wmillerj6@cmu.edu,Male,138.222.209.8
692,Beverly,Fuller,bfullerj7@adobe.com,Female,74.83.124.33
693,Janice,Arnold,jarnoldj8@acquirethisname.com,Female,163.225.191.165
694,Martin,Butler,mbutlerj9@booking.com,Male,190.216.221.39
695,Teresa,Stevens,tstevensja@hubpages.com,Female,76.229.119.12
696,Doris,Long,dlongjb@wordpress.org,Female,206.1.180.38
697,Paul,Hanson,phansonjc@ibm.com,Male,48.86.168.165
698,Phillip,Scott,pscottjd@eepurl.com,Male,44.188.24.65
699,Peter,Nelson,pnelsonje@mtv.com,Male,126.117.194.130
700,Kathleen,Wagner,kwagnerjf@dedecms.com,Female,188.232.51.139
701,Antonio,Hall,ahalljg@shareasale.com,Male,215.201.134.236
702,John,Stephens,jstephensjh@sakura.ne.jp,Male,238.217.51.227
703,Amanda,Price,apriceji@fda.gov,Female,7.205.113.214
704,Howard,Garrett,hgarrettjj@geocities.jp,Male,169.215.240.159
705,Samuel,Perez,sperezjk@mozilla.org,Male,134.170.19.182
706,Rose,Walker,rwalkerjl@etsy.com,Female,108.207.203.231
707,Scott,Ferguson,sfergusonjm@biblegateway.com,Male,249.41.21.238
708,Shawn,Harvey,sharveyjn@is.gd,Male,128.221.235.153
709,Russell,Kelley,rkelleyjo@google.it,Male,142.129.144.134
710,Shirley,Clark,sclarkjp@sogou.com,Female,205.199.247.52
711,Katherine,Wright,kwrightjq@nbcnews.com,Female,92.123.123.148
712,Martha,Bell,mbelljr@princeton.edu,Female,141.112.139.88
713,Carolyn,Wheeler,cwheelerjs@edublogs.org,Female,38.221.109.109
714,Wanda,Flores,wfloresjt@sogou.com,Female,217.123.228.210
715,Kevin,Simpson,ksimpsonju@dot.gov,Male,105.187.102.236
716,Alan,Jordan,ajordanjv@deviantart.com,Male,195.96.191.248
717,Frank,Mills,fmillsjw@psu.edu,Male,133.252.5.21
718,Teresa,Webb,twebbjx@altervista.org,Female,230.72.246.177
719,Daniel,Mitchell,dmitchelljy@skype.com,Male,118.239.216.106
720,Julia,Graham,jgrahamjz@newsvine.com,Female,34.5.24.204
721,Scott,Austin,saustink0@ning.com,Male,126.127.190.36
722,Tina,Henry,thenryk1@jalbum.net,Female,162.202.222.203
723,Margaret,Thomas,mthomask2@amazonaws.com,Female,152.100.60.132
724,Eric,Medina,emedinak3@networkadvertising.org,Male,145.172.44.107
725,Maria,Davis,mdavisk4@nbcnews.com,Female,170.252.60.114
726,Irene,Fox,ifoxk5@seattletimes.com,Female,193.92.132.2
727,Julia,Stephens,jstephensk6@xinhuanet.com,Female,23.34.131.91
728,Bobby,Watson,bwatsonk7@who.int,Male,22.12.7.179
729,Joshua,Hicks,jhicksk8@latimes.com,Male,228.149.207.65
730,George,Gomez,ggomezk9@ebay.com,Male,210.167.230.21
731,Juan,Fox,jfoxka@php.net,Male,125.236.161.111
732,Diane,Porter,dporterkb@mlb.com,Female,220.245.169.228
733,Gregory,Davis,gdaviskc@ted.com,Male,47.38.61.199
734,Terry,Reyes,treyeskd@ibm.com,Male,205.148.116.19
735,Kenneth,Freeman,kfreemanke@yahoo.com,Male,148.5.66.234
736,Marilyn,Johnston,mjohnstonkf@house.gov,Female,10.77.145.109
737,Laura,Kelly,lkellykg@abc.net.au,Female,206.127.85.33
738,Laura,Foster,lfosterkh@canalblog.com,Female,153.16.131.24
739,James,Stevens,jstevenski@mac.com,Male,34.12.1.236
740,Nicholas,Garza,ngarzakj@alibaba.com,Male,113.29.217.52
741,Betty,Kelley,bkelleykk@cmu.edu,Female,92.1.20.12
742,Christopher,Tucker,ctuckerkl@dell.com,Male,29.67.110.134
743,Jeffrey,Richards,jrichardskm@thetimes.co.uk,Male,114.133.128.7
744,Joyce,Butler,jbutlerkn@independent.co.uk,Female,252.68.201.184
745,Michelle,Wheeler,mwheelerko@ihg.com,Female,208.93.238.159
746,Jimmy,Bishop,jbishopkp@myspace.com,Male,206.212.18.219
747,Kimberly,Morris,kmorriskq@phoca.cz,Female,165.118.126.51
748,Shirley,Reed,sreedkr@auda.org.au,Female,74.248.214.118
749,Bobby,Long,blongks@dedecms.com,Male,189.67.120.58
750,Cynthia,Wood,cwoodkt@pagesperso-orange.fr,Female,74.114.51.114
751,Kathy,Kim,kkimku@free.fr,Female,128.80.16.237
752,Carolyn,Ellis,celliskv@printfriendly.com,Female,175.211.194.203
753,Keith,Reed,kreedkw@wikimedia.org,Male,134.127.21.246
754,Debra,Scott,dscottkx@illinois.edu,Female,197.172.234.47
755,Sara,Jacobs,sjacobsky@accuweather.com,Female,199.135.165.80
756,Donna,Harper,dharperkz@hugedomains.com,Female,87.109.78.235
757,Laura,Chapman,lchapmanl0@topsy.com,Female,86.237.36.57
758,Albert,Lewis,alewisl1@clickbank.net,Male,223.241.23.62
759,Diana,Torres,dtorresl2@yelp.com,Female,248.31.70.159
760,Rachel,Edwards,redwardsl3@foxnews.com,Female,15.120.176.34
761,Deborah,Holmes,dholmesl4@scribd.com,Female,71.29.52.29
762,Alan,Schmidt,aschmidtl5@woothemes.com,Male,128.60.227.186
763,Fred,Palmer,fpalmerl6@edublogs.org,Male,148.141.37.203
764,Frances,Greene,fgreenel7@amazonaws.com,Female,103.203.150.226
765,Jack,Butler,jbutlerl8@pinterest.com,Male,129.74.119.95
766,Stephen,Kelley,skelleyl9@exblog.jp,Male,181.156.96.245
767,Bruce,Banks,bbanksla@guardian.co.uk,Male,166.135.37.99
768,Donald,Hart,dhartlb@51.la,Male,9.21.35.177
769,Antonio,Shaw,ashawlc@youtube.com,Male,160.192.119.47
770,Kathryn,Cooper,kcooperld@bravesites.com,Female,189.210.211.137
771,Arthur,Hawkins,ahawkinsle@blogger.com,Male,254.126.228.98
772,Scott,Willis,swillislf@google.cn,Male,222.14.4.167
773,Cheryl,Bradley,cbradleylg@goo.gl,Female,52.112.221.191
774,Cynthia,Hansen,chansenlh@homestead.com,Female,24.55.215.107
775,Rose,Alvarez,ralvarezli@wikispaces.com,Female,143.109.226.103
776,Denise,Ruiz,druizlj@freewebs.com,Female,35.0.238.43
777,Patrick,Reynolds,preynoldslk@rambler.ru,Male,149.63.15.240
778,Harry,Day,hdayll@t-online.de,Male,79.218.36.71
779,Bonnie,Wood,bwoodlm@ehow.com,Female,31.247.20.216
780,Nicole,Ortiz,nortizln@bigcartel.com,Female,83.44.236.156
781,Jessica,Gonzales,jgonzaleslo@elpais.com,Female,239.237.7.145
782,Michael,Young,myounglp@reverbnation.com,Male,180.19.56.208
783,Jonathan,Peterson,jpetersonlq@oaic.gov.au,Male,204.101.25.223
784,Walter,Reid,wreidlr@sakura.ne.jp,Male,75.42.29.173
785,Tina,Foster,tfosterls@woothemes.com,Female,215.113.61.174
786,Annie,Cook,acooklt@whitehouse.gov,Female,111.127.227.95
787,Timothy,Shaw,tshawlu@fotki.com,Male,210.205.121.140
788,Cynthia,Gonzalez,cgonzalezlv@arizona.edu,Female,156.68.111.83
789,Shirley,Hernandez,shernandezlw@whitehouse.gov,Female,56.207.76.179
790,Roger,Boyd,rboydlx@hp.com,Male,128.58.255.244
791,Matthew,Welch,mwelchly@sohu.com,Male,213.88.91.57
792,Theresa,Patterson,tpattersonlz@fc2.com,Female,219.51.198.173
793,Julia,Daniels,jdanielsm0@mysql.com,Female,21.31.65.255
794,Robert,Anderson,randersonm1@comsenz.com,Male,213.181.36.26
795,Terry,Willis,twillism2@house.gov,Male,137.179.57.217
796,Lisa,Walker,lwalkerm3@go.com,Female,139.172.163.167
797,Ruby,Ryan,rryanm4@usatoday.com,Female,30.96.79.185
798,Lawrence,Little,llittlem5@trellian.com,Male,113.175.251.163
799,Frances,Hunt,fhuntm6@alexa.com,Female,69.80.30.50
800,Michael,White,mwhitem7@geocities.com,Male,50.202.26.47
801,Paula,Kim,pkimm8@boston.com,Female,32.152.199.24
802,Carl,Oliver,coliverm9@youtu.be,Male,15.102.67.51
803,Paula,Hudson,phudsonma@columbia.edu,Female,112.171.161.57
804,John,Sanchez,jsanchezmb@seesaa.net,Male,184.247.153.252
805,Mildred,Duncan,mduncanmc@github.com,Female,247.100.216.79
806,Jason,Flores,jfloresmd@homestead.com,Male,59.92.98.203
807,Christina,Murphy,cmurphyme@parallels.com,Female,181.20.201.17
808,Kevin,Reyes,kreyesmf@google.com,Male,195.226.85.177
809,Edward,Ferguson,efergusonmg@trellian.com,Male,131.77.137.41
810,Catherine,Day,cdaymh@bloglines.com,Female,17.148.124.90
811,Philip,Warren,pwarrenmi@msn.com,Male,4.77.175.161
812,Rose,Graham,rgrahammj@google.co.jp,Female,72.248.103.254
813,Cynthia,Morris,cmorrismk@bigcartel.com,Female,8.80.47.202
814,Diana,Stone,dstoneml@prnewswire.com,Female,104.25.140.53
815,Carlos,Larson,clarsonmm@ox.ac.uk,Male,39.75.102.48
816,Steven,Hayes,shayesmn@amazon.co.jp,Male,110.203.56.134
817,Cynthia,Crawford,ccrawfordmo@over-blog.com,Female,252.117.175.250
818,Phyllis,Banks,pbanksmp@pcworld.com,Female,247.147.207.229
819,Ashley,White,awhitemq@amazon.co.jp,Female,163.179.133.242
820,Frank,Lopez,flopezmr@yahoo.co.jp,Male,206.46.82.48
821,Jane,Gomez,jgomezms@abc.net.au,Female,94.177.100.192
822,Willie,Cox,wcoxmt@nsw.gov.au,Male,26.131.2.26
823,Jessica,Gomez,jgomezmu@rambler.ru,Female,243.86.105.163
824,Pamela,Wallace,pwallacemv@istockphoto.com,Female,241.21.56.110
825,Patricia,Howell,phowellmw@oakley.com,Female,113.128.82.121
826,Bobby,Mason,bmasonmx@squarespace.com,Male,162.147.139.92
827,Susan,Murray,smurraymy@free.fr,Female,178.43.149.213
828,Rose,Brooks,rbrooksmz@phpbb.com,Female,148.76.146.68
829,Sara,Hudson,shudsonn0@un.org,Female,135.132.92.190
830,Anna,Mccoy,amccoyn1@e-recht24.de,Female,61.171.201.237
831,Douglas,Lynch,dlynchn2@wiley.com,Male,10.163.183.152
832,David,Edwards,dedwardsn3@bloglovin.com,Male,209.159.165.92
833,Jane,Rice,jricen4@virginia.edu,Female,149.232.225.235
834,Joseph,Lee,jleen5@europa.eu,Male,74.178.214.86
835,Cynthia,Stanley,cstanleyn6@tinypic.com,Female,146.113.75.149
836,Diana,Lawrence,dlawrencen7@myspace.com,Female,24.98.218.34
837,Joseph,Sullivan,jsullivann8@imageshack.us,Male,152.227.102.39
838,Janice,Robinson,jrobinsonn9@dell.com,Female,17.216.158.146
839,Dorothy,Arnold,darnoldna@gov.uk,Female,1.45.150.154
840,Adam,Hayes,ahayesnb@miitbeian.gov.cn,Male,150.79.121.176
841,Adam,Wells,awellsnc@wufoo.com,Male,35.43.14.234
842,Virginia,Campbell,vcampbellnd@parallels.com,Female,108.18.237.28
843,Jeffrey,Gibson,jgibsonne@shop-pro.jp,Male,20.164.17.244
844,Sarah,Hanson,shansonnf@list-manage.com,Female,173.34.19.123
845,Ann,Lewis,alewisng@yellowbook.com,Female,154.23.186.229
846,Mildred,Wilson,mwilsonnh@hatena.ne.jp,Female,188.13.92.107
847,Jessica,Russell,jrussellni@bing.com,Female,15.15.223.194
848,Bruce,Kennedy,bkennedynj@chicagotribune.com,Male,175.234.232.231
849,Kelly,Butler,kbutlernk@digg.com,Female,12.234.68.105
850,Kenneth,Anderson,kandersonnl@dedecms.com,Male,174.94.74.137
851,Alice,Graham,agrahamnm@weibo.com,Female,169.108.139.78
852,Jonathan,Gordon,jgordonnn@gmpg.org,Male,111.71.92.214
853,Ryan,Howell,rhowellno@i2i.jp,Male,120.126.245.29
854,Jeremy,Smith,jsmithnp@nationalgeographic.com,Male,152.47.38.149
855,Alan,Diaz,adiaznq@google.es,Male,95.127.167.133
856,Evelyn,Torres,etorresnr@canalblog.com,Female,32.81.179.128
857,Christine,Dean,cdeanns@aol.com,Female,80.68.255.85
858,Emily,Lewis,elewisnt@time.com,Female,253.229.150.189
859,Christopher,Gonzalez,cgonzaleznu@berkeley.edu,Male,35.12.57.204
860,Henry,Ortiz,hortiznv@ox.ac.uk,Male,71.3.204.229
861,Billy,Burton,bburtonnw@google.de,Male,166.64.3.179
862,Matthew,Chapman,mchapmannx@cocolog-nifty.com,Male,184.172.41.62
863,Clarence,Collins,ccollinsny@cpanel.net,Male,54.101.136.198
864,Marie,Diaz,mdiaznz@surveymonkey.com,Female,192.120.162.188
865,Joshua,Scott,jscotto0@tumblr.com,Male,81.223.185.143
866,Brenda,Wallace,bwallaceo1@themeforest.net,Female,185.113.88.227
867,John,Alexander,jalexandero2@cisco.com,Male,116.170.49.78
868,Todd,Brown,tbrowno3@home.pl,Male,50.41.51.96
869,Gloria,Daniels,gdanielso4@java.com,Female,190.224.39.151
870,James,Black,jblacko5@earthlink.net,Male,110.33.77.102
871,Julie,Dixon,jdixono6@dell.com,Female,235.209.192.104
872,Maria,Baker,mbakero7@oracle.com,Female,103.161.7.192
873,Bonnie,Hernandez,bhernandezo8@angelfire.com,Female,212.189.134.54
874,William,Lawrence,wlawrenceo9@squarespace.com,Male,239.165.63.221
875,Amanda,Spencer,aspenceroa@php.net,Female,197.47.253.210
876,Nancy,Howard,nhowardob@typepad.com,Female,153.83.187.61
877,Kathryn,Reid,kreidoc@xrea.com,Female,182.116.76.137
878,Phyllis,Bryant,pbryantod@youku.com,Female,52.176.14.189
879,Joshua,Chapman,jchapmanoe@google.pl,Male,251.149.251.191
880,Joe,Freeman,jfreemanof@artisteer.com,Male,240.115.9.7
881,Cheryl,Young,cyoungog@gmpg.org,Female,68.254.186.217
882,Paula,Gordon,pgordonoh@va.gov,Female,164.47.249.26
883,Paul,Murray,pmurrayoi@odnoklassniki.ru,Male,171.8.199.13
884,Elizabeth,Moreno,emorenooj@github.com,Female,198.170.112.218
885,Norma,Wright,nwrightok@multiply.com,Female,210.127.135.71
886,Larry,Holmes,lholmesol@reference.com,Male,147.212.5.217
887,Laura,Marshall,lmarshallom@issuu.com,Female,220.0.146.38
888,George,Grant,ggranton@uol.com.br,Male,199.188.251.77
889,Albert,Kelley,akelleyoo@ning.com,Male,118.181.7.241
890,Willie,Adams,wadamsop@taobao.com,Male,143.62.162.12
891,Laura,Rodriguez,lrodriguezoq@unesco.org,Female,64.242.251.27
892,Annie,Montgomery,amontgomeryor@bing.com,Female,92.230.0.255
893,Diane,Collins,dcollinsos@bigcartel.com,Female,168.196.228.36
894,Martin,Griffin,mgriffinot@alibaba.com,Male,144.38.130.167
895,Kathleen,King,kkingou@bandcamp.com,Female,205.67.231.45
896,Janice,Butler,jbutlerov@uiuc.edu,Female,112.20.99.64
897,Pamela,Crawford,pcrawfordow@sfgate.com,Female,151.209.98.234
898,Kenneth,Stewart,kstewartox@wix.com,Male,85.31.117.14
899,Brenda,Greene,bgreeneoy@sourceforge.net,Female,32.24.201.24
900,Michelle,Griffin,mgriffinoz@netlog.com,Female,241.181.129.96
901,Todd,Turner,tturnerp0@blinklist.com,Male,173.44.5.6
902,Billy,Day,bdayp1@desdev.cn,Male,154.247.210.218
903,Bobby,Brown,bbrownp2@usnews.com,Male,5.56.97.173
904,Paul,Wells,pwellsp3@marriott.com,Male,49.57.143.13
905,Brian,Chavez,bchavezp4@mac.com,Male,206.201.162.145
906,Louis,Kennedy,lkennedyp5@nbcnews.com,Male,118.162.26.151
907,Mark,Elliott,melliottp6@cyberchimps.com,Male,249.30.126.28
908,Kathy,Jones,kjonesp7@freewebs.com,Female,12.34.234.121
909,Denise,Hart,dhartp8@telegraph.co.uk,Female,72.171.67.159
910,Larry,Harper,lharperp9@jiathis.com,Male,254.56.231.97
911,Justin,Ross,jrosspa@businesswire.com,Male,183.168.67.87
912,Eugene,Fisher,efisherpb@apache.org,Male,73.181.30.124
913,David,Elliott,delliottpc@noaa.gov,Male,230.238.33.235
914,Jennifer,Johnston,jjohnstonpd@reuters.com,Female,199.1.107.150
915,Henry,Fox,hfoxpe@cmu.edu,Male,26.87.233.152
916,Peter,Elliott,pelliottpf@hatena.ne.jp,Male,33.251.39.154
917,Carolyn,Evans,cevanspg@google.com.au,Female,191.77.241.9
918,Julia,Kim,jkimph@infoseek.co.jp,Female,65.255.114.64
919,Nicholas,Gibson,ngibsonpi@sciencedirect.com,Male,175.39.82.40
920,Peter,Perkins,pperkinspj@sourceforge.net,Male,254.160.82.18
921,Susan,Armstrong,sarmstrongpk@pinterest.com,Female,233.130.218.253
922,Andrew,Hall,ahallpl@ucsd.edu,Male,251.97.207.91
923,Sharon,Johnston,sjohnstonpm@com.com,Female,238.144.79.120
924,Stephanie,Harper,sharperpn@photobucket.com,Female,94.105.157.5
925,Harry,Simpson,hsimpsonpo@chronoengine.com,Male,194.169.122.223
926,Bonnie,Banks,bbankspp@squarespace.com,Female,30.53.197.14
927,Joyce,Jones,jjonespq@yellowpages.com,Female,229.51.54.240
928,Nancy,Richards,nrichardspr@baidu.com,Female,115.153.43.23
929,Melissa,Dixon,mdixonps@nationalgeographic.com,Female,101.180.146.123
930,Jonathan,Cook,jcookpt@umn.edu,Male,52.70.190.228
931,Thomas,Davis,tdavispu@biglobe.ne.jp,Male,226.225.224.219
932,Stephanie,Adams,sadamspv@cnbc.com,Female,15.61.83.133
933,Charles,Henderson,chendersonpw@yellowpages.com,Male,35.245.172.108
934,Victor,Williamson,vwilliamsonpx@java.com,Male,222.126.249.50
935,Kevin,Brown,kbrownpy@tumblr.com,Male,136.126.254.46
936,Louise,Rodriguez,lrodriguezpz@uiuc.edu,Female,196.20.209.95
937,Maria,Romero,mromeroq0@aol.com,Female,215.168.105.209
938,Betty,Clark,bclarkq1@sohu.com,Female,64.43.22.123
939,Carol,Castillo,ccastilloq2@360.cn,Female,6.232.10.226
940,Kathy,Freeman,kfreemanq3@nbcnews.com,Female,175.183.85.145
941,Tammy,Sanchez,tsanchezq4@telegraph.co.uk,Female,5.69.165.140
942,Maria,Hawkins,mhawkinsq5@samsung.com,Female,140.68.209.32
943,Lillian,Jackson,ljacksonq6@yale.edu,Female,171.122.47.223
944,Susan,Hayes,shayesq7@princeton.edu,Female,215.5.128.255
945,Kathleen,Stephens,kstephensq8@last.fm,Female,56.107.64.146
946,Evelyn,Flores,efloresq9@youku.com,Female,34.66.110.90
947,Rose,Snyder,rsnyderqa@time.com,Female,186.65.182.112
948,Carlos,Bowman,cbowmanqb@wisc.edu,Male,171.247.50.120
949,Anthony,Tucker,atuckerqc@squidoo.com,Male,71.43.110.127
950,William,Riley,wrileyqd@harvard.edu,Male,218.31.55.75
951,Jose,Williamson,jwilliamsonqe@businesswire.com,Male,133.253.59.129
952,Steve,Elliott,selliottqf@irs.gov,Male,139.246.71.232
953,Christopher,Weaver,cweaverqg@uiuc.edu,Male,71.247.36.168
954,Cynthia,Peterson,cpetersonqh@drupal.org,Female,134.157.33.55
955,Betty,Snyder,bsnyderqi@walmart.com,Female,116.7.235.240
956,Victor,Knight,vknightqj@ebay.com,Male,115.164.50.96
957,Roger,Reynolds,rreynoldsqk@accuweather.com,Male,70.186.96.158
958,Stephen,Meyer,smeyerql@netscape.com,Male,197.89.75.131
959,Norma,Ruiz,nruizqm@twitpic.com,Female,85.72.180.43
960,Heather,Sullivan,hsullivanqn@youtu.be,Female,74.230.226.57
961,Virginia,Washington,vwashingtonqo@abc.net.au,Female,234.139.86.181
962,Janice,Washington,jwashingtonqp@about.com,Female,119.45.251.30
963,Amy,Bradley,abradleyqq@huffingtonpost.com,Female,16.22.167.1
964,Andrew,Alvarez,aalvarezqr@scribd.com,Male,127.240.17.199
965,Jessica,Gilbert,jgilbertqs@cmu.edu,Female,187.211.148.11
966,Laura,Ortiz,lortizqt@blogs.com,Female,132.41.2.191
967,Margaret,Pierce,mpiercequ@rediff.com,Female,95.12.61.26
968,Sandra,Barnes,sbarnesqv@freewebs.com,Female,232.167.83.49
969,Doris,Garza,dgarzaqw@1688.com,Female,133.228.237.13
970,Justin,Lewis,jlewisqx@over-blog.com,Male,66.1.197.64
971,Nicholas,Lee,nleeqy@so-net.ne.jp,Male,18.37.93.74
972,Thomas,Riley,trileyqz@ning.com,Male,164.27.32.245
973,Steven,Moreno,smorenor0@posterous.com,Male,7.216.62.72
974,Sarah,Webb,swebbr1@instagram.com,Female,251.95.119.74
975,Louis,Hanson,lhansonr2@creativecommons.org,Male,133.192.154.13
976,Jessica,King,jkingr3@hexun.com,Female,98.189.242.92
977,Bobby,Hall,bhallr4@hibu.com,Male,47.35.80.23
978,Shirley,Crawford,scrawfordr5@hexun.com,Female,110.173.10.121
979,Sean,Robertson,srobertsonr6@cnbc.com,Male,113.136.36.212
980,Philip,Sanders,psandersr7@nytimes.com,Male,94.147.203.11
981,Patricia,Anderson,pandersonr8@upenn.edu,Female,187.90.161.6
982,Jeffrey,Watson,jwatsonr9@drupal.org,Male,31.70.198.44
983,Jimmy,Gonzales,jgonzalesra@jugem.jp,Male,238.49.111.127
984,Rose,Gray,rgrayrb@google.ca,Female,50.207.145.14
985,Alice,Stanley,astanleyrc@reuters.com,Female,154.136.91.208
986,Kathy,Mitchell,kmitchellrd@cbslocal.com,Female,7.73.20.141
987,Kenneth,Dixon,kdixonre@simplemachines.org,Male,21.219.107.136
988,James,Frazier,jfrazierrf@independent.co.uk,Male,208.230.146.96
989,Matthew,Williamson,mwilliamsonrg@vk.com,Male,140.132.25.136
990,Wayne,Price,wpricerh@facebook.com,Male,209.163.131.144
991,Lawrence,Gomez,lgomezri@wisc.edu,Male,229.93.98.100
992,Anne,Murphy,amurphyrj@nymag.com,Female,61.122.232.153
993,Carl,Garza,cgarzark@google.co.uk,Male,180.165.109.75
994,Antonio,Garrett,agarrettrl@paginegialle.it,Male,194.50.249.116
995,Judith,Simpson,jsimpsonrm@surveymonkey.com,Female,132.97.9.81
996,Donna,Stone,dstonern@usatoday.com,Female,142.56.19.253
997,Louis,Sanders,lsandersro@sphinn.com,Male,148.127.154.104
998,Bobby,Ortiz,bortizrp@youtu.be,Male,172.96.181.179
999,Billy,Morales,bmoralesrq@reference.com,Male,114.115.128.59
1000,Andrea,Hicks,ahicksrr@nps.gov,Female,97.229.203.207
