id,first_name,last_name,email,gender,ip_address
1,Richard,Mason,rmason0@ycombinator.com,Male,23.252.229.161
2,Sarah,Ward,sward1@china.com.cn,Female,60.61.36.5
3,Catherine,Rodriguez,crodriguez2@csmonitor.com,Female,232.114.69.111
4,Julie,Watkins,jwatkins3@example.com,Female,41.164.142.84
5,Jimmy,Weaver,jweaver4@unesco.org,Male,72.5.180.130
6,Gregory,Morris,gmorris5@bloglines.com,Male,186.211.110.31
7,Angela,Castillo,acastillo6@cbslocal.com,Female,95.120.164.156
8,Mildred,Cole,mcole7@smh.com.au,Female,165.30.86.89
9,Carl,Wells,cwells8@liveinternet.ru,Male,160.120.227.173
10,Nancy,Richardson,nrichardson9@mail.ru,Female,251.67.230.49
11,Carol,Stone,cstonea@elpais.com,Female,45.51.98.104
12,Ronald,Diaz,rdiazb@vkontakte.ru,Male,158.32.173.75
13,Frances,Sanchez,fsanchezc@ifeng.com,Female,98.44.191.253
14,Michael,Williamson,mwilliamsond@ifeng.com,Male,40.242.239.8
15,Linda,Rice,lricee@tuttocitta.it,Female,28.246.47.42
16,Wayne,Harrison,wharrisonf@eepurl.com,Male,68.46.150.13
17,Julia,Cole,jcoleg@miitbeian.gov.cn,Female,219.3.95.224
18,Steven,Harrison,sharrisonh@bing.com,Male,211.246.160.88
19,Patricia,Lewis,plewisi@dmoz.org,Female,82.250.102.32
20,Norma,Morris,nmorrisj@biblegateway.com,Female,240.35.146.4
21,Gary,Dunn,gdunnk@ezinearticles.com,Male,250.158.173.226
22,Diana,Payne,dpaynel@angelfire.com,Female,38.23.151.204
23,Keith,Baker,kbakerm@istockphoto.com,Male,20.85.126.245
24,Kevin,Jordan,kjordann@so-net.ne.jp,Male,144.230.111.18
25,Betty,Cook,bcooko@upenn.edu,Female,251.21.79.37
26,Jacqueline,Cunningham,jcunninghamp@webeden.co.uk,Female,79.71.107.191
27,Ernest,Diaz,ediazq@unc.edu,Male,246.115.210.124
28,Scott,Coleman,scolemanr@nyu.edu,Male,82.198.161.113
29,Norma,Carter,ncarters@xing.com,Female,245.238.161.56
30,Martin,Austin,maustint@ibm.com,Male,15.130.49.24
31,Gregory,Moore,gmooreu@mac.com,Male,195.239.33.169
32,Willie,Gray,wgrayv@engadget.com,Male,155.52.40.70
33,Roy,Mendoza,rmendozaw@wordpress.org,Male,103.53.182.193
34,Evelyn,Lee,eleex@earthlink.net,Female,3.51.198.169
35,Bonnie,Warren,bwarreny@state.tx.us,Female,69.39.207.221
36,Judith,Ward,jwardz@nasa.gov,Female,247.237.177.130
37,Charles,Griffin,cgriffin10@meetup.com,Male,220.110.214.150
38,Linda,Harris,lharris11@ibm.com,Female,214.53.239.179
39,Jason,Meyer,jmeyer12@weibo.com,Male,59.141.195.174
40,Cynthia,Welch,cwelch13@marketwatch.com,Female,50.206.130.162
41,Lisa,Jacobs,ljacobs14@wufoo.com,Female,219.182.247.219
42,Julia,Murray,jmurray15@photobucket.com,Female,106.217.86.109
43,Wayne,Garza,wgarza16@unblog.fr,Male,209.199.205.142
44,Alice,Myers,amyers17@is.gd,Female,169.144.197.238
45,Martha,Castillo,mcastillo18@canalblog.com,Female,236.220.48.56
46,Patrick,Dixon,pdixon19@mapquest.com,Male,162.169.238.160
47,Steven,Moore,smoore1a@bloglines.com,Male,174.34.80.181
48,Bobby,Howard,bhoward1b@usda.gov,Male,46.74.88.176
49,Robin,Perry,rperry1c@ucoz.com,Female,227.186.184.7
50,Eric,Rose,erose1d@intel.com,Male,23.100.65.102
51,Edward,Hall,ehall1e@mit.edu,Male,180.221.252.119
52,John,Wheeler,jwheeler1f@home.pl,Male,101.248.165.114
53,Sharon,Harris,sharris1g@princeton.edu,Female,130.235.12.215
54,Phyllis,Jacobs,pjacobs1h@ca.gov,Female,19.80.12.143
55,Cynthia,Matthews,cmatthews1i@hc360.com,Female,83.86.52.79
56,Antonio,Tucker,atucker1j@facebook.com,Male,13.34.78.249
57,Benjamin,Diaz,bdiaz1k@wsj.com,Male,248.86.39.223
58,Jesse,Rice,jrice1l@ezinearticles.com,Male,176.218.79.211
59,David,Fernandez,dfernandez1m@multiply.com,Male,151.145.47.64
60,Carolyn,Cole,ccole1n@cnet.com,Female,66.65.240.16
61,Carolyn,Freeman,cfreeman1o@hhs.gov,Female,50.219.95.15
62,Betty,Burns,bburns1p@furl.net,Female,167.134.5.249
63,Walter,Williamson,wwilliamson1q@deliciousdays.com,Male,176.191.253.45
64,Albert,Clark,aclark1r@theatlantic.com,Male,184.169.29.216
65,Raymond,West,rwest1s@google.it,Male,7.182.74.183
66,Kimberly,Walker,kwalker1t@ning.com,Female,198.31.21.72
67,Julia,Shaw,jshaw1u@fema.gov,Female,5.162.249.105
68,Harry,Allen,hallen1v@time.com,Male,105.125.85.41
69,Patricia,Garcia,pgarcia1w@godaddy.com,Female,201.41.219.150
70,Douglas,Morrison,dmorrison1x@addthis.com,Male,89.129.59.19
71,Rebecca,Mcdonald,rmcdonald1y@huffingtonpost.com,Female,3.225.215.199
72,James,Little,jlittle1z@webnode.com,Male,195.244.104.15
73,Earl,Day,eday20@paginegialle.it,Male,189.54.158.36
74,Teresa,Larson,tlarson21@npr.org,Female,229.244.17.8
75,Frances,Harris,fharris22@google.es,Female,55.77.113.179
76,Brandon,Garrett,bgarrett23@wunderground.com,Male,17.102.201.101
77,Martha,Stephens,mstephens24@acquirethisname.com,Female,187.56.199.160
78,Julie,Weaver,jweaver25@twitpic.com,Female,1.3.61.13
79,Betty,Gonzalez,bgonzalez26@webs.com,Female,194.127.131.51
80,Kevin,Watkins,kwatkins27@bluehost.com,Male,45.141.145.5
81,Gerald,Ray,gray28@barnesandnoble.com,Male,186.146.100.205
82,Arthur,Carroll,acarroll29@drupal.org,Male,236.72.18.64
83,Susan,Roberts,sroberts2a@mail.ru,Female,140.32.133.41
84,Fred,Russell,frussell2b@buzzfeed.com,Male,249.186.141.214
85,Kimberly,Ramos,kramos2c@reddit.com,Female,88.253.6.250
86,Louise,Rice,lrice2d@goodreads.com,Female,98.152.249.19
87,Joshua,Green,jgreen2e@japanpost.jp,Male,251.14.195.160
88,Barbara,Chapman,bchapman2f@npr.org,Female,132.254.226.184
89,David,Lane,dlane2g@paypal.com,Male,213.37.28.15
90,Heather,Martinez,hmartinez2h@techcrunch.com,Female,42.91.35.172
91,Scott,Cruz,scruz2i@elegantthemes.com,Male,183.38.222.107
92,Margaret,Brown,mbrown2j@mapquest.com,Female,180.68.109.122
93,Pamela,Kim,pkim2k@msu.edu,Female,58.163.186.22
94,Robert,Garcia,rgarcia2l@irs.gov,Male,231.217.231.66
95,Sara,Hart,shart2m@amazon.co.jp,Female,79.244.98.94
96,Todd,Palmer,tpalmer2n@timesonline.co.uk,Male,148.98.198.69
97,Patrick,Dean,pdean2o@sourceforge.net,Male,18.243.85.235
98,Gary,Dunn,gdunn2p@qq.com,Male,43.114.67.236
99,Carl,Scott,cscott2q@google.ca,Male,232.138.222.43
100,Annie,Cox,acox2r@bing.com,Female,34.192.49.255
101,Carlos,Young,cyoung2s@icq.com,Male,65.162.227.255
102,Melissa,Pierce,mpierce2t@cbc.ca,Female,194.241.96.255
103,Patrick,Andrews,pandrews2u@behance.net,Male,60.4.193.234
104,Joseph,Sanders,jsanders2v@loc.gov,Male,237.51.163.234
105,Jonathan,White,jwhite2w@creativecommons.org,Male,77.75.105.115
106,Kathy,Hanson,khanson2x@joomla.org,Female,40.161.48.152
107,Benjamin,White,bwhite2y@printfriendly.com,Male,121.8.168.234
108,Catherine,Ward,cward2z@aboutads.info,Female,12.59.192.200
109,Diane,Stanley,dstanley30@google.de,Female,115.167.56.197
110,Ashley,Murphy,amurphy31@google.ca,Female,27.14.113.114
111,Cheryl,Morris,cmorris32@usnews.com,Female,247.46.115.30
112,Gregory,Nichols,gnichols33@yellowbook.com,Male,14.59.185.105
113,Cheryl,Bowman,cbowman34@linkedin.com,Female,246.86.74.90
114,Beverly,Woods,bwoods35@histats.com,Female,162.76.218.71
115,Wanda,Carter,wcarter36@si.edu,Female,146.145.194.85
116,Phyllis,Morrison,pmorrison37@alexa.com,Female,76.246.192.251
117,Lois,Burns,lburns38@acquirethisname.com,Female,249.127.174.48
118,Raymond,Burke,rburke39@over-blog.com,Male,13.86.104.30
119,Donna,Austin,daustin3a@princeton.edu,Female,189.196.3.45
120,Juan,Bowman,jbowman3b@wikispaces.com,Male,72.216.3.251
121,Larry,Lewis,llewis3c@tumblr.com,Male,100.146.239.213
122,Diana,Henry,dhenry3d@sciencedaily.com,Female,71.91.216.43
123,Ruth,Kelley,rkelley3e@weebly.com,Female,26.145.1.100
124,Stephanie,Bradley,sbradley3f@squidoo.com,Female,116.69.9.28
125,Peter,Harrison,pharrison3g@github.com,Male,185.99.165.155
126,Phillip,Bowman,pbowman3h@foxnews.com,Male,130.147.254.3
127,Karen,Watson,kwatson3i@fema.gov,Female,223.65.148.47
128,William,Burns,wburns3j@engadget.com,Male,167.183.114.248
129,Raymond,Sims,rsims3k@unc.edu,Male,194.146.253.235
130,Kathleen,Peterson,kpeterson3l@fotki.com,Female,198.224.147.249
131,Betty,Fernandez,bfernandez3m@redcross.org,Female,97.141.10.117
132,Phillip,Burns,pburns3n@wufoo.com,Male,177.24.190.242
133,Daniel,Sims,dsims3o@miibeian.gov.cn,Male,199.153.147.81
134,Phyllis,Rice,price3p@dropbox.com,Female,165.98.250.188
135,Susan,Mills,smills3q@plala.or.jp,Female,74.97.15.32
136,Jerry,Miller,jmiller3r@dell.com,Male,179.1.163.49
137,David,Rice,drice3s@wufoo.com,Male,219.104.174.38
138,Judith,Jenkins,jjenkins3t@bandcamp.com,Female,118.21.223.190
139,Shirley,Larson,slarson3u@upenn.edu,Female,126.233.90.99
140,Jane,Ross,jross3v@ucoz.com,Female,1.232.28.94
141,Helen,Gardner,hgardner3w@comsenz.com,Female,213.15.216.111
142,Peter,Harrison,pharrison3x@smh.com.au,Male,168.228.220.212
143,Diane,Snyder,dsnyder3y@constantcontact.com,Female,122.138.116.205
144,Todd,Carr,tcarr3z@wikimedia.org,Male,180.44.27.228
145,Jason,Patterson,jpatterson40@google.co.uk,Male,134.159.19.237
146,Andrea,Alexander,aalexander41@oakley.com,Female,105.134.47.225
147,Steven,Mitchell,smitchell42@comcast.net,Male,108.247.246.93
148,Adam,Hunter,ahunter43@soundcloud.com,Male,114.80.202.121
149,Peter,Burke,pburke44@people.com.cn,Male,225.140.65.77
150,Antonio,Richards,arichards45@senate.gov,Male,42.35.149.220
151,Albert,Lawrence,alawrence46@qq.com,Male,250.53.251.237
152,Terry,Harris,tharris47@ibm.com,Male,194.188.225.183
153,Anthony,Peterson,apeterson48@engadget.com,Male,155.176.59.207
154,Craig,Clark,cclark49@cornell.edu,Male,88.192.154.19
155,Norma,Hicks,nhicks4a@wordpress.org,Female,89.85.4.252
156,Fred,Gordon,fgordon4b@macromedia.com,Male,152.191.84.46
157,Nicholas,Oliver,noliver4c@jalbum.net,Male,52.155.74.34
158,Emily,Austin,eaustin4d@devhub.com,Female,81.211.98.115
159,Raymond,Hawkins,rhawkins4e@ebay.com,Male,223.9.53.187
160,Scott,Dixon,sdixon4f@dropbox.com,Male,136.227.102.157
161,Dorothy,Coleman,dcoleman4g@meetup.com,Female,37.236.30.27
162,Kimberly,Daniels,kdaniels4h@cnet.com,Female,25.128.61.51
163,Johnny,Ross,jross4i@bandcamp.com,Male,166.57.164.146
164,Wayne,Bailey,wbailey4j@vistaprint.com,Male,185.77.85.250
165,Theresa,Williams,twilliams4k@shareasale.com,Female,137.219.86.252
166,Sharon,Schmidt,sschmidt4l@ihg.com,Female,238.197.162.146
167,Jonathan,Little,jlittle4m@about.com,Male,213.243.134.228
168,Douglas,Crawford,dcrawford4n@plala.or.jp,Male,210.109.119.53
169,William,Hicks,whicks4o@sourceforge.net,Male,153.81.170.106
170,Helen,Gordon,hgordon4p@cnbc.com,Female,153.227.37.242
171,Rose,Martinez,rmartinez4q@hubpages.com,Female,244.38.122.183
172,Julia,Weaver,jweaver4r@patch.com,Female,43.140.4.113
173,Raymond,Ryan,rryan4s@jiathis.com,Male,2.65.191.13
174,Frank,Marshall,fmarshall4t@baidu.com,Male,167.57.135.233
175,Clarence,Robertson,crobertson4u@google.fr,Male,84.167.212.216
176,Sean,Taylor,staylor4v@google.pl,Male,130.191.143.40
177,Stephen,Perry,sperry4w@go.com,Male,7.232.239.53
178,Rebecca,Grant,rgrant4x@bravesites.com,Female,231.120.227.105
179,Ralph,Cunningham,rcunningham4y@xrea.com,Male,24.203.67.147
180,Mark,Peterson,mpeterson4z@parallels.com,Male,220.19.131.2
181,Rachel,Cook,rcook50@sbwire.com,Female,32.117.138.10
182,Tina,Henderson,thenderson51@photobucket.com,Female,18.62.126.213
183,Anne,Larson,alarson52@cbsnews.com,Female,87.88.191.73
184,Lillian,Williams,lwilliams53@miitbeian.gov.cn,Female,118.0.35.204
185,Douglas,Cook,dcook54@ifeng.com,Male,181.209.99.87
186,Catherine,Butler,cbutler55@chron.com,Female,153.49.165.60
187,Randy,Smith,rsmith56@51.la,Male,228.34.180.122
188,Norma,Harris,nharris57@statcounter.com,Female,207.238.137.136
189,William,Peterson,wpeterson58@surveymonkey.com,Male,103.198.237.202
190,Gary,Montgomery,gmontgomery59@whitehouse.gov,Male,31.242.51.22
191,Randy,Gibson,rgibson5a@businessinsider.com,Male,29.216.89.113
192,Gerald,Perez,gperez5b@unesco.org,Male,50.62.167.194
193,Henry,Wells,hwells5c@ehow.com,Male,174.196.121.33
194,Steve,Burton,sburton5d@blogtalkradio.com,Male,31.241.151.238
195,Victor,Richards,vrichards5e@youtube.com,Male,38.56.186.161
196,Paula,Stanley,pstanley5f@elegantthemes.com,Female,33.118.20.212
197,Jennifer,Lewis,jlewis5g@mayoclinic.com,Female,221.39.172.150
198,Roger,Nguyen,rnguyen5h@so-net.ne.jp,Male,146.251.134.193
199,Wayne,Nguyen,wnguyen5i@wikispaces.com,Male,190.141.92.88
200,Mark,Bishop,mbishop5j@paginegialle.it,Male,182.10.5.105
201,Cheryl,Reed,creed5k@sbwire.com,Female,89.203.27.75
202,Daniel,Barnes,dbarnes5l@over-blog.com,Male,114.226.43.163
203,Evelyn,Flores,eflores5m@indiatimes.com,Female,160.46.168.225
204,Harry,Thompson,hthompson5n@github.io,Male,30.104.155.142
205,Russell,Harper,rharper5o@mit.edu,Male,53.136.66.8
206,Michelle,Cole,mcole5p@free.fr,Female,184.117.226.143
207,Jose,Chapman,jchapman5q@de.vu,Male,207.94.198.94
208,Richard,Olson,rolson5r@alibaba.com,Male,51.204.62.252
209,Jason,Torres,jtorres5s@intel.com,Male,18.18.204.188
210,Craig,Moore,cmoore5t@oakley.com,Male,201.102.104.165
211,Patricia,Hansen,phansen5u@constantcontact.com,Female,90.148.117.213
212,Rebecca,Thompson,rthompson5v@intel.com,Female,52.184.26.136
213,Susan,Reynolds,sreynolds5w@cyberchimps.com,Female,27.214.196.2
214,Scott,Morales,smorales5x@list-manage.com,Male,16.192.175.241
215,Charles,Medina,cmedina5y@1688.com,Male,242.48.36.95
216,Deborah,Thomas,dthomas5z@google.ca,Female,234.153.15.199
217,Elizabeth,Edwards,eedwards60@123-reg.co.uk,Female,75.35.183.222
218,Heather,Lane,hlane61@wunderground.com,Female,115.151.87.77
219,Jack,Coleman,jcoleman62@privacy.gov.au,Male,227.39.60.220
220,Betty,Simpson,bsimpson63@dyndns.org,Female,25.114.213.7
221,Judy,Olson,jolson64@usnews.com,Female,203.158.238.192
222,Kathleen,Reed,kreed65@biglobe.ne.jp,Female,201.139.204.197
223,Kelly,Garrett,kgarrett66@webmd.com,Female,123.45.147.109
224,Samuel,Black,sblack67@amazonaws.com,Male,209.212.195.222
225,Sean,Harrison,sharrison68@washingtonpost.com,Male,138.17.248.140
226,Beverly,Little,blittle69@fotki.com,Female,137.90.142.85
227,Paul,Johnson,pjohnson6a@reverbnation.com,Male,137.211.146.231
228,Lillian,Spencer,lspencer6b@nationalgeographic.com,Female,180.242.78.220
229,Michael,Fox,mfox6c@canalblog.com,Male,135.99.236.173
230,Carol,Perkins,cperkins6d@illinois.edu,Female,222.21.203.167
231,Judith,Pierce,jpierce6e@studiopress.com,Female,215.67.159.185
232,Terry,Brooks,tbrooks6f@chicagotribune.com,Male,10.15.19.123
233,Linda,Burton,lburton6g@123-reg.co.uk,Female,4.203.205.30
234,Dorothy,Andrews,dandrews6h@mit.edu,Female,89.222.143.38
235,Charles,Mills,cmills6i@prweb.com,Male,81.132.17.31
236,Jason,Powell,jpowell6j@cornell.edu,Male,196.133.163.152
237,Teresa,Turner,tturner6k@rambler.ru,Female,14.6.131.134
238,Lori,Cook,lcook6l@google.ru,Female,40.136.156.237
239,Andrew,Wood,awood6m@naver.com,Male,51.62.160.70
240,Jonathan,Olson,jolson6n@seattletimes.com,Male,153.51.180.176
241,Bobby,Ruiz,bruiz6o@uiuc.edu,Male,208.22.101.203
242,Lois,Lewis,llewis6p@blog.com,Female,104.94.14.56
243,Dennis,Sanchez,dsanchez6q@moonfruit.com,Male,22.176.237.235
244,Ashley,Dunn,adunn6r@spiegel.de,Female,76.210.34.237
245,Theresa,Franklin,tfranklin6s@taobao.com,Female,227.63.168.214
246,Michelle,Murphy,mmurphy6t@harvard.edu,Female,47.123.182.127
247,Terry,Graham,tgraham6u@google.nl,Male,46.223.147.30
248,Teresa,Watson,twatson6v@yellowbook.com,Female,18.215.31.236
249,Jerry,Foster,jfoster6w@xinhuanet.com,Male,233.97.158.80
250,Douglas,Crawford,dcrawford6x@amazon.co.jp,Male,57.124.31.247
251,Daniel,Mitchell,dmitchell6y@istockphoto.com,Male,235.25.143.146
252,Gloria,Turner,gturner6z@unicef.org,Female,84.83.188.118
253,Billy,Ramirez,bramirez70@livejournal.com,Male,176.56.67.24
254,Paul,Gray,pgray71@state.tx.us,Male,100.135.6.172
255,Gloria,Kelly,gkelly72@prnewswire.com,Female,7.7.9.149
256,Ernest,Miller,emiller73@springer.com,Male,53.105.183.152
257,David,Adams,dadams74@hugedomains.com,Male,136.143.189.99
258,Pamela,Duncan,pduncan75@hatena.ne.jp,Female,156.70.189.63
259,Joyce,Fisher,jfisher76@squidoo.com,Female,161.105.14.237
260,Patrick,Burke,pburke77@google.co.jp,Male,128.100.253.154
261,Kathleen,Alexander,kalexander78@amazon.com,Female,129.32.203.3
262,Philip,Morgan,pmorgan79@marriott.com,Male,127.145.92.75
263,Matthew,Carroll,mcarroll7a@oaic.gov.au,Male,156.27.214.39
264,Paula,Williams,pwilliams7b@sfgate.com,Female,176.93.134.119
265,Heather,Brooks,hbrooks7c@sphinn.com,Female,4.71.86.191
266,Gerald,Tucker,gtucker7d@mayoclinic.com,Male,158.249.165.37
267,Kathleen,Kennedy,kkennedy7e@intel.com,Female,18.214.221.77
268,Sarah,Burns,sburns7f@vistaprint.com,Female,58.160.170.219
269,David,Hayes,dhayes7g@amazonaws.com,Male,163.187.71.109
270,Wayne,Schmidt,wschmidt7h@cmu.edu,Male,114.233.207.230
271,Donna,White,dwhite7i@tumblr.com,Female,160.141.152.250
272,Ronald,Black,rblack7j@thetimes.co.uk,Male,130.130.191.91
273,Kelly,Elliott,kelliott7k@upenn.edu,Female,135.192.78.58
274,Joshua,Morgan,jmorgan7l@bbc.co.uk,Male,226.110.16.141
275,Laura,Hall,lhall7m@4shared.com,Female,162.246.198.60
276,Julie,Russell,jrussell7n@dedecms.com,Female,29.139.101.57
277,Barbara,Moreno,bmoreno7o@prnewswire.com,Female,25.118.254.74
278,Diana,Bradley,dbradley7p@eventbrite.com,Female,34.77.25.207
279,Mary,Johnson,mjohnson7q@ucoz.ru,Female,145.3.134.81
280,Mary,Elliott,melliott7r@seattletimes.com,Female,74.152.127.172
281,Janet,Knight,jknight7s@vimeo.com,Female,93.134.158.196
282,Christopher,Richardson,crichardson7t@elpais.com,Male,218.192.24.151
283,Mark,Cunningham,mcunningham7u@mozilla.com,Male,196.143.52.228
284,Kevin,Rivera,krivera7v@yahoo.co.jp,Male,11.153.54.177
285,Gloria,Brown,gbrown7w@cyberchimps.com,Female,71.175.64.204
286,Sandra,Ortiz,sortiz7x@un.org,Female,102.191.137.52
287,Marie,Gomez,mgomez7y@nbcnews.com,Female,132.52.248.162
288,Kathleen,Smith,ksmith7z@army.mil,Female,237.23.84.47
289,Janice,Dixon,jdixon80@nba.com,Female,113.109.240.235
290,Bruce,Vasquez,bvasquez81@google.nl,Male,107.90.2.116
291,Brian,Murphy,bmurphy82@house.gov,Male,77.98.225.237
292,Juan,Murphy,jmurphy83@vinaora.com,Male,233.157.167.179
293,Randy,Howell,rhowell84@moonfruit.com,Male,15.250.55.33
294,Victor,Hill,vhill85@cbsnews.com,Male,237.84.93.117
295,Denise,Reed,dreed86@berkeley.edu,Female,130.99.224.15
296,Maria,Kennedy,mkennedy87@amazon.de,Female,47.120.44.103
297,Theresa,Evans,tevans88@npr.org,Female,84.192.239.59
298,Rachel,Larson,rlarson89@sina.com.cn,Female,203.8.73.226
299,Jonathan,Wright,jwright8a@yelp.com,Male,120.201.208.198
300,Heather,Diaz,hdiaz8b@alexa.com,Female,152.137.162.40
301,Louis,Hanson,lhanson8c@illinois.edu,Male,194.48.241.186
302,Fred,Wells,fwells8d@facebook.com,Male,42.215.59.126
303,Matthew,Andrews,mandrews8e@goo.ne.jp,Male,12.86.46.167
304,Jennifer,Gomez,jgomez8f@yellowpages.com,Female,117.53.141.163
305,Phyllis,Armstrong,parmstrong8g@scribd.com,Female,190.157.248.201
306,Bruce,Price,bprice8h@rambler.ru,Male,233.137.63.200
307,Steve,Collins,scollins8i@army.mil,Male,8.77.34.21
308,Roger,Fowler,rfowler8j@epa.gov,Male,189.163.123.122
309,Kelly,Fisher,kfisher8k@google.cn,Female,230.224.87.52
310,James,Mendoza,jmendoza8l@loc.gov,Male,94.88.251.179
311,Randy,Ray,rray8m@deliciousdays.com,Male,11.231.135.233
312,Sharon,Pierce,spierce8n@smugmug.com,Female,146.138.251.144
313,Frank,Chapman,fchapman8o@is.gd,Male,160.24.249.42
314,Carlos,Hawkins,chawkins8p@joomla.org,Male,96.73.51.126
315,Chris,Schmidt,cschmidt8q@bloglovin.com,Male,9.237.107.128
316,Lawrence,Webb,lwebb8r@bloomberg.com,Male,98.21.155.46
317,Patrick,Carr,pcarr8s@t.co,Male,112.185.43.235
318,Jennifer,Robertson,jrobertson8t@prnewswire.com,Female,130.1.171.59
319,Joseph,Gonzales,jgonzales8u@upenn.edu,Male,55.193.204.65
320,Andrew,Nelson,anelson8v@salon.com,Male,50.138.57.109
321,Jeffrey,Austin,jaustin8w@1688.com,Male,111.161.247.61
322,Amy,Sanchez,asanchez8x@de.vu,Female,242.16.158.252
323,George,Hernandez,ghernandez8y@people.com.cn,Male,206.191.222.20
324,Catherine,Richards,crichards8z@nymag.com,Female,10.184.59.47
325,Kathryn,Gray,kgray90@sphinn.com,Female,114.195.22.165
326,Jason,Roberts,jroberts91@theguardian.com,Male,230.196.4.139
327,Ashley,Stanley,astanley92@acquirethisname.com,Female,45.203.6.8
328,Todd,Reynolds,treynolds93@godaddy.com,Male,91.248.144.200
329,William,Davis,wdavis94@wikispaces.com,Male,130.175.109.247
330,Ralph,Gordon,rgordon95@webnode.com,Male,32.151.208.139
331,Katherine,Fernandez,kfernandez96@engadget.com,Female,171.130.84.89
332,Albert,Perry,aperry97@vk.com,Male,206.176.123.149
333,George,Morrison,gmorrison98@examiner.com,Male,106.140.2.241
334,Kathryn,Webb,kwebb99@is.gd,Female,124.97.97.177
335,Peter,Ross,pross9a@businessinsider.com,Male,216.230.214.237
336,Evelyn,Jackson,ejackson9b@myspace.com,Female,33.197.28.82
337,Antonio,Woods,awoods9c@prnewswire.com,Male,119.157.107.28
338,Joe,Wilson,jwilson9d@themeforest.net,Male,42.122.56.104
339,Lillian,Vasquez,lvasquez9e@instagram.com,Female,114.142.163.55
340,Timothy,Porter,tporter9f@biblegateway.com,Male,167.149.249.28
341,Linda,Fuller,lfuller9g@narod.ru,Female,152.118.6.203
342,Brenda,Mendoza,bmendoza9h@free.fr,Female,230.71.33.97
343,Donald,Rivera,drivera9i@utexas.edu,Male,212.68.51.229
344,Keith,Dunn,kdunn9j@pen.io,Male,54.48.34.230
345,Cheryl,Gray,cgray9k@ucoz.ru,Female,153.72.8.231
346,Lisa,Pierce,lpierce9l@elegantthemes.com,Female,74.22.252.217
347,Douglas,Lawrence,dlawrence9m@ucoz.com,Male,32.77.190.83
348,Sharon,Murphy,smurphy9n@ibm.com,Female,152.172.151.249
349,Arthur,Castillo,acastillo9o@delicious.com,Male,121.210.50.227
350,Henry,Washington,hwashington9p@oracle.com,Male,21.240.73.89
351,Fred,Rogers,frogers9q@qq.com,Male,20.79.175.210
352,Michelle,Evans,mevans9r@aboutads.info,Female,31.109.223.239
353,Jerry,Dixon,jdixon9s@barnesandnoble.com,Male,218.177.29.214
354,Marie,Wood,mwood9t@imdb.com,Female,226.205.33.139
355,Christina,Stevens,cstevens9u@pcworld.com,Female,134.10.226.110
356,Chris,Duncan,cduncan9v@surveymonkey.com,Male,165.247.22.196
357,Emily,Nelson,enelson9w@taobao.com,Female,209.10.234.163
358,James,Myers,jmyers9x@craigslist.org,Male,129.51.171.151
359,Lawrence,Black,lblack9y@army.mil,Male,132.227.129.68
360,Jessica,Holmes,jholmes9z@time.com,Female,110.130.105.134
361,Howard,Mendoza,hmendozaa0@vk.com,Male,180.246.89.191
362,Jimmy,Gray,jgraya1@mapy.cz,Male,167.29.9.210
363,Marilyn,Fowler,mfowlera2@youtu.be,Female,19.173.46.136
364,Willie,Wagner,wwagnera3@prnewswire.com,Male,63.76.39.18
365,Denise,Campbell,dcampbella4@amazon.co.uk,Female,60.122.129.195
366,Diane,Perez,dpereza5@imageshack.us,Female,167.96.53.7
367,James,Ellis,jellisa6@seattletimes.com,Male,165.140.130.190
368,Melissa,Washington,mwashingtona7@amazon.de,Female,233.131.226.87
369,Annie,Porter,aportera8@freewebs.com,Female,172.104.62.120
370,Doris,Davis,ddavisa9@eepurl.com,Female,37.70.134.252
371,Donald,Peterson,dpetersonaa@github.io,Male,250.254.209.173
372,Paula,Simpson,psimpsonab@harvard.edu,Female,156.180.221.88
373,Samuel,Hughes,shughesac@webs.com,Male,101.7.126.217
374,Betty,Gonzalez,bgonzalezad@rakuten.co.jp,Female,101.111.102.194
375,Carl,Gonzalez,cgonzalezae@weebly.com,Male,14.27.229.106
376,Amy,Thompson,athompsonaf@i2i.jp,Female,78.32.231.160
377,Peter,Anderson,pandersonag@go.com,Male,234.30.205.170
378,Justin,Hicks,jhicksah@admin.ch,Male,104.7.48.75
379,Robin,Peterson,rpetersonai@europa.eu,Female,7.105.117.7
380,Bruce,Little,blittleaj@ft.com,Male,173.157.40.104
381,Bruce,Chavez,bchavezak@g.co,Male,13.106.224.40
382,Karen,Mason,kmasonal@nba.com,Female,71.38.6.53
383,Walter,Williams,wwilliamsam@technorati.com,Male,72.161.89.169
384,Joyce,Reyes,jreyesan@ovh.net,Female,54.155.148.156
385,Ruby,Dean,rdeanao@guardian.co.uk,Female,126.114.251.30
386,Adam,Thompson,athompsonap@sfgate.com,Male,69.97.185.92
387,Randy,Ramirez,rramirezaq@bizjournals.com,Male,21.103.192.104
388,Patricia,Webb,pwebbar@bing.com,Female,211.91.73.211
389,Kelly,Larson,klarsonas@lulu.com,Female,230.68.190.10
390,Bruce,Turner,bturnerat@who.int,Male,82.207.138.248
391,Jesse,Bell,jbellau@hc360.com,Male,252.63.28.103
392,Kathleen,Cunningham,kcunninghamav@wordpress.org,Female,183.176.47.106
393,Theresa,James,tjamesaw@state.gov,Female,207.174.183.189
394,Mary,Evans,mevansax@vinaora.com,Female,86.141.111.35
395,Kathryn,Payne,kpayneay@wp.com,Female,126.165.113.102
396,Ryan,Henderson,rhendersonaz@umich.edu,Male,172.213.108.77
397,Ashley,Fernandez,afernandezb0@newsvine.com,Female,105.74.95.205
398,Carolyn,Daniels,cdanielsb1@earthlink.net,Female,15.192.240.248
399,Janet,Nichols,jnicholsb2@ox.ac.uk,Female,251.97.173.72
400,Cynthia,Morrison,cmorrisonb3@berkeley.edu,Female,139.139.110.150
401,Kathleen,Rice,kriceb4@sourceforge.net,Female,234.98.9.255
402,Dorothy,Ray,drayb5@irs.gov,Female,180.24.96.110
403,Sharon,Garza,sgarzab6@plala.or.jp,Female,75.118.43.138
404,Betty,Kelly,bkellyb7@about.com,Female,229.251.0.56
405,Harry,Baker,hbakerb8@uiuc.edu,Male,223.82.35.46
406,Lori,Hayes,lhayesb9@ibm.com,Female,185.102.192.110
407,Jonathan,Garcia,jgarciaba@printfriendly.com,Male,145.172.34.2
408,Richard,Myers,rmyersbb@sina.com.cn,Male,0.200.93.193
409,Frances,Holmes,fholmesbc@sun.com,Female,56.94.0.79
410,Marie,Lawson,mlawsonbd@bravesites.com,Female,212.76.230.49
411,Brian,Richardson,brichardsonbe@unblog.fr,Male,132.232.56.100
412,Samuel,Chapman,schapmanbf@usatoday.com,Male,237.92.117.142
413,Richard,Gardner,rgardnerbg@google.com.br,Male,181.139.184.60
414,Jeremy,Anderson,jandersonbh@google.es,Male,196.253.249.82
415,Wayne,Collins,wcollinsbi@bandcamp.com,Male,144.137.94.135
416,Louise,Carpenter,lcarpenterbj@acquirethisname.com,Female,85.93.231.67
417,Bruce,Williamson,bwilliamsonbk@slideshare.net,Male,246.222.247.4
418,Adam,Mcdonald,amcdonaldbl@51.la,Male,244.239.252.105
419,Anna,Hall,ahallbm@slashdot.org,Female,190.220.182.21
420,Eric,Walker,ewalkerbn@scientificamerican.com,Male,93.174.213.99
421,Doris,Rivera,driverabo@fda.gov,Female,207.26.168.200
422,Paula,Parker,pparkerbp@indiatimes.com,Female,212.121.189.10
423,Walter,Reyes,wreyesbq@ucoz.ru,Male,255.51.131.36
424,Michael,Dean,mdeanbr@indiegogo.com,Male,252.202.252.4
425,Richard,Daniels,rdanielsbs@bloglovin.com,Male,146.171.165.178
426,Brandon,Tucker,btuckerbt@ask.com,Male,224.88.95.42
427,Cheryl,Gardner,cgardnerbu@vk.com,Female,177.68.175.179
428,Rebecca,Miller,rmillerbv@narod.ru,Female,135.62.2.1
429,Margaret,Boyd,mboydbw@irs.gov,Female,35.86.25.163
430,Roger,Wagner,rwagnerbx@chronoengine.com,Male,239.247.203.110
431,Rachel,Flores,rfloresby@epa.gov,Female,55.162.41.177
432,Benjamin,Perez,bperezbz@prnewswire.com,Male,81.84.89.146
433,Mary,Boyd,mboydc0@yale.edu,Female,193.22.39.35
434,Julia,Hanson,jhansonc1@nature.com,Female,25.59.10.19
435,Christina,Watson,cwatsonc2@arstechnica.com,Female,133.120.248.164
436,Antonio,Boyd,aboydc3@wp.com,Male,189.32.111.207
437,Laura,Coleman,lcolemanc4@ask.com,Female,90.17.112.245
438,Janice,Evans,jevansc5@gmpg.org,Female,59.13.167.18
439,Douglas,Jenkins,djenkinsc6@cpanel.net,Male,240.105.136.161
440,Matthew,Duncan,mduncanc7@sitemeter.com,Male,158.203.15.158
441,Jason,Evans,jevansc8@canalblog.com,Male,111.163.215.190
442,Brenda,Foster,bfosterc9@netvibes.com,Female,27.161.128.227
443,Sean,Matthews,smatthewsca@usnews.com,Male,23.148.165.212
444,Sharon,Lopez,slopezcb@ifeng.com,Female,140.79.19.253
445,Tammy,Phillips,tphillipscc@nbcnews.com,Female,116.14.14.211
446,Phillip,Cook,pcookcd@barnesandnoble.com,Male,165.131.80.87
447,Donald,Coleman,dcolemance@i2i.jp,Male,26.246.250.61
448,Wanda,Dixon,wdixoncf@bloglovin.com,Female,196.27.238.21
449,Ruby,White,rwhitecg@usgs.gov,Female,98.207.20.123
450,Donna,Bowman,dbowmanch@google.nl,Female,58.83.246.223
451,Robin,James,rjamesci@opensource.org,Female,131.254.235.89
452,Bruce,Adams,badamscj@npr.org,Male,20.108.15.156
453,Lois,Bailey,lbaileyck@samsung.com,Female,19.57.15.4
454,Matthew,Gomez,mgomezcl@tumblr.com,Male,226.79.58.142
455,Jimmy,White,jwhitecm@live.com,Male,60.219.156.126
456,Joseph,Harris,jharriscn@unc.edu,Male,70.96.155.147
457,Helen,Olson,holsonco@mapy.cz,Female,245.162.142.83
458,Joyce,Larson,jlarsoncp@icq.com,Female,168.51.145.14
459,Benjamin,Ryan,bryancq@eepurl.com,Male,97.253.23.139
460,Billy,Andrews,bandrewscr@netvibes.com,Male,21.125.233.159
461,Sarah,Cox,scoxcs@spiegel.de,Female,184.31.224.246
462,Sara,Day,sdayct@desdev.cn,Female,51.34.87.230
463,Walter,Hall,whallcu@godaddy.com,Male,249.95.189.239
464,Lori,Griffin,lgriffincv@dot.gov,Female,182.154.6.70
465,Linda,Jacobs,ljacobscw@narod.ru,Female,71.128.109.191
466,Mary,Lynch,mlynchcx@issuu.com,Female,213.161.203.138
467,Eugene,Dixon,edixoncy@buzzfeed.com,Male,175.7.210.245
468,Christopher,Franklin,cfranklincz@indiegogo.com,Male,62.83.49.144
469,Norma,Armstrong,narmstrongd0@wiley.com,Female,122.223.94.175
470,Sharon,Porter,sporterd1@princeton.edu,Female,133.125.113.38
471,Rebecca,Bishop,rbishopd2@printfriendly.com,Female,63.81.35.201
472,Dennis,Boyd,dboydd3@taobao.com,Male,73.109.40.10
473,Deborah,Henry,dhenryd4@constantcontact.com,Female,218.174.102.97
474,Louise,Dixon,ldixond5@ebay.co.uk,Female,202.5.109.90
475,Brandon,Peterson,bpetersond6@irs.gov,Male,243.133.88.208
476,James,Black,jblackd7@economist.com,Male,37.107.22.209
477,Brenda,Johnston,bjohnstond8@miibeian.gov.cn,Female,40.220.114.15
478,Matthew,Hunt,mhuntd9@themeforest.net,Male,151.77.158.128
479,Louis,Thompson,lthompsonda@usgs.gov,Male,139.106.22.12
480,Doris,Matthews,dmatthewsdb@newsvine.com,Female,9.68.90.47
481,Catherine,Gordon,cgordondc@discuz.net,Female,192.23.198.73
482,Ernest,Gardner,egardnerdd@woothemes.com,Male,10.81.211.62
483,Steve,Ramirez,sramirezde@hostgator.com,Male,72.92.72.46
484,Steve,Hunter,shunterdf@wufoo.com,Male,27.67.9.44
485,Aaron,Fox,afoxdg@clickbank.net,Male,182.215.134.173
486,Marie,Wood,mwooddh@moonfruit.com,Female,133.159.98.129
487,Sandra,Woods,swoodsdi@yellowpages.com,Female,91.49.19.96
488,Kathryn,Hill,khilldj@jiathis.com,Female,223.74.45.218
489,Michael,Hudson,mhudsondk@weather.com,Male,250.33.81.94
490,Steve,Ryan,sryandl@live.com,Male,17.190.11.240
491,Harry,Garcia,hgarciadm@163.com,Male,41.248.76.193
492,Kimberly,Garrett,kgarrettdn@admin.ch,Female,186.207.53.217
493,Michelle,Diaz,mdiazdo@istockphoto.com,Female,145.154.154.238
494,Bruce,Payne,bpaynedp@networksolutions.com,Male,129.162.197.213
495,Brandon,Reyes,breyesdq@aol.com,Male,174.75.71.203
496,Timothy,Webb,twebbdr@zimbio.com,Male,39.87.175.83
497,Andrew,Hunt,ahuntds@twitpic.com,Male,138.245.152.96
498,Larry,Lane,llanedt@edublogs.org,Male,165.119.235.13
499,Craig,Sims,csimsdu@yelp.com,Male,182.10.248.135
500,Louis,Lee,lleedv@baidu.com,Male,113.209.168.228
501,Louis,Gray,lgraydw@github.io,Male,176.3.203.237
502,Tammy,Bryant,tbryantdx@is.gd,Female,67.129.123.199
503,Marie,Franklin,mfranklindy@studiopress.com,Female,92.234.6.28
504,Martin,Ryan,mryandz@geocities.jp,Male,13.2.0.247
505,Beverly,Ruiz,bruize0@archive.org,Female,11.83.65.87
506,Russell,Ward,rwarde1@nasa.gov,Male,65.200.45.33
507,Christine,Wallace,cwallacee2@cpanel.net,Female,127.125.104.157
508,Brian,Adams,badamse3@redcross.org,Male,70.245.38.228
509,Alice,Butler,abutlere4@altervista.org,Female,235.165.234.175
510,Cheryl,Rivera,criverae5@dmoz.org,Female,39.60.110.252
511,Craig,Frazier,cfraziere6@mail.ru,Male,125.232.146.105
512,Christopher,Pierce,cpiercee7@de.vu,Male,35.108.237.2
513,Aaron,Montgomery,amontgomerye8@census.gov,Male,59.130.140.169
514,Gary,Bradley,gbradleye9@jiathis.com,Male,98.241.234.135
515,Julia,Turner,jturnerea@earthlink.net,Female,195.22.13.30
516,Roger,Jenkins,rjenkinseb@people.com.cn,Male,6.200.85.113
517,Kathy,Lopez,klopezec@blogspot.com,Female,115.193.231.219
518,Victor,Adams,vadamsed@sina.com.cn,Male,197.201.239.255
519,Beverly,Foster,bfosteree@accuweather.com,Female,131.108.200.179
520,Billy,Rice,briceef@uol.com.br,Male,237.210.186.73
521,Keith,Daniels,kdanielseg@list-manage.com,Male,200.27.42.104
522,Janice,Kim,jkimeh@toplist.cz,Female,6.138.197.230
523,Janice,Fowler,jfowlerei@usatoday.com,Female,18.189.133.167
524,Joshua,Price,jpriceej@multiply.com,Male,219.10.62.97
525,Ronald,Ford,rfordek@gizmodo.com,Male,56.238.118.227
526,Louise,Roberts,lrobertsel@nifty.com,Female,191.171.191.85
527,James,Franklin,jfranklinem@imgur.com,Male,46.186.17.173
528,Daniel,Little,dlittleen@tinypic.com,Male,79.243.203.156
529,Bruce,Romero,bromeroeo@aol.com,Male,90.116.236.209
530,Jane,Lawrence,jlawrenceep@pinterest.com,Female,232.167.209.245
531,Scott,Lawrence,slawrenceeq@hud.gov,Male,76.189.38.78
532,Brenda,Austin,baustiner@dion.ne.jp,Female,4.124.6.191
533,Louis,Bell,lbelles@cmu.edu,Male,84.24.50.226
534,Victor,Mason,vmasonet@gnu.org,Male,165.203.27.91
535,Brenda,Bradley,bbradleyeu@theglobeandmail.com,Female,184.43.249.27
536,Kimberly,Garza,kgarzaev@nasa.gov,Female,236.182.191.240
537,Carl,Fowler,cfowlerew@friendfeed.com,Male,169.224.183.57
538,Diane,Armstrong,darmstrongex@t.co,Female,219.48.241.78
539,Joshua,George,jgeorgeey@comsenz.com,Male,179.12.79.80
540,Ernest,Wagner,ewagnerez@csmonitor.com,Male,146.199.28.171
541,Raymond,Wheeler,rwheelerf0@com.com,Male,214.117.103.13
542,Scott,Henderson,shendersonf1@rediff.com,Male,8.119.103.156
543,Andrew,Freeman,afreemanf2@netvibes.com,Male,223.175.65.223
544,Carolyn,Collins,ccollinsf3@who.int,Female,232.170.170.83
545,Debra,Ross,drossf4@pbs.org,Female,97.233.180.94
546,Rose,Fisher,rfisherf5@dion.ne.jp,Female,240.31.146.145
547,Harold,Hansen,hhansenf6@wiley.com,Male,47.42.80.246
548,Frances,Bishop,fbishopf7@pen.io,Female,10.12.220.27
549,Robin,Duncan,rduncanf8@mapquest.com,Female,5.244.57.88
550,Alice,Kennedy,akennedyf9@hostgator.com,Female,248.98.35.153
551,Irene,Boyd,iboydfa@g.co,Female,233.162.108.51
552,Christine,Austin,caustinfb@google.com,Female,112.196.66.155
553,Russell,Crawford,rcrawfordfc@zdnet.com,Male,11.84.120.99
554,Carlos,Fernandez,cfernandezfd@eventbrite.com,Male,6.156.222.250
555,Ernest,Carpenter,ecarpenterfe@army.mil,Male,51.200.108.64
556,Julia,Mendoza,jmendozaff@ameblo.jp,Female,233.103.110.229
557,Jose,Morris,jmorrisfg@mit.edu,Male,43.83.136.153
558,Steven,Morgan,smorganfh@clickbank.net,Male,77.233.70.163
559,Harold,Barnes,hbarnesfi@businessinsider.com,Male,136.118.237.10
560,Angela,Cruz,acruzfj@freewebs.com,Female,59.237.181.3
561,Julia,Stewart,jstewartfk@lulu.com,Female,230.132.37.38
562,Christopher,Romero,cromerofl@hugedomains.com,Male,45.104.47.204
563,Andrew,Jacobs,ajacobsfm@princeton.edu,Male,200.234.93.225
564,Eric,Nelson,enelsonfn@blogger.com,Male,65.61.5.130
565,Anne,Riley,arileyfo@weather.com,Female,112.50.219.65
566,Alice,Burke,aburkefp@mit.edu,Female,158.52.116.22
567,Benjamin,Nichols,bnicholsfq@pcworld.com,Male,96.57.132.195
568,Mark,Reynolds,mreynoldsfr@weather.com,Male,76.130.219.177
569,Julie,Perkins,jperkinsfs@com.com,Female,14.244.125.224
570,Elizabeth,Lewis,elewisft@bravesites.com,Female,71.93.12.134
571,Diana,Dean,ddeanfu@boston.com,Female,0.241.150.232
572,Carol,Burton,cburtonfv@census.gov,Female,77.23.220.8
573,Jeremy,Ferguson,jfergusonfw@cornell.edu,Male,139.2.17.11
574,Lori,Ross,lrossfx@timesonline.co.uk,Female,98.115.124.74
575,Barbara,Oliver,boliverfy@home.pl,Female,125.103.253.164
576,Frances,West,fwestfz@nymag.com,Female,83.112.7.141
577,Judy,Garrett,jgarrettg0@narod.ru,Female,92.238.249.132
578,Bruce,Moreno,bmorenog1@chron.com,Male,13.148.108.44
579,Mildred,Washington,mwashingtong2@hugedomains.com,Female,14.144.56.16
580,Cynthia,Snyder,csnyderg3@utexas.edu,Female,240.12.77.229
581,Janice,Morrison,jmorrisong4@so-net.ne.jp,Female,73.73.174.168
582,Tina,Lee,tleeg5@domainmarket.com,Female,89.161.214.85
583,Eugene,Woods,ewoodsg6@latimes.com,Male,203.127.110.23
584,Carol,Scott,cscottg7@example.com,Female,231.249.194.188
585,Arthur,Scott,ascottg8@yahoo.co.jp,Male,148.128.102.178
586,Barbara,Lawson,blawsong9@amazon.de,Female,145.145.34.8
587,Linda,Johnson,ljohnsonga@umn.edu,Female,24.248.80.28
588,Scott,Wagner,swagnergb@kickstarter.com,Male,164.7.104.93
589,Jack,Wheeler,jwheelergc@army.mil,Male,88.212.153.251
590,Stephen,Cruz,scruzgd@tripadvisor.com,Male,112.202.56.119
591,Ernest,Ryan,eryange@themeforest.net,Male,93.24.14.209
592,Roger,Russell,rrussellgf@indiatimes.com,Male,248.239.206.199
593,Ronald,Medina,rmedinagg@umn.edu,Male,216.159.199.223
594,Christine,Henry,chenrygh@unicef.org,Female,33.42.18.9
595,Wanda,Cunningham,wcunninghamgi@oaic.gov.au,Female,22.93.84.159
596,Debra,Harvey,dharveygj@youku.com,Female,85.85.98.188
597,Todd,Boyd,tboydgk@admin.ch,Male,29.97.83.232
598,Paula,Fox,pfoxgl@squarespace.com,Female,86.77.238.240
599,Elizabeth,Lawson,elawsongm@cnbc.com,Female,151.26.67.120
600,Roger,Hamilton,rhamiltongn@wikipedia.org,Male,96.241.61.250
601,Anne,Mendoza,amendozago@blinklist.com,Female,76.39.221.252
602,Rachel,Brooks,rbrooksgp@engadget.com,Female,144.4.191.201
603,Harry,Meyer,hmeyergq@craigslist.org,Male,122.217.97.91
604,Norma,Thompson,nthompsongr@shutterfly.com,Female,165.134.11.52
605,Pamela,Carter,pcartergs@google.cn,Female,79.54.152.84
606,Craig,Wright,cwrightgt@wikia.com,Male,199.163.200.88
607,Robert,Kim,rkimgu@mapquest.com,Male,217.176.119.24
608,Laura,Fields,lfieldsgv@odnoklassniki.ru,Female,235.249.133.193
609,Mildred,Mason,mmasongw@moonfruit.com,Female,20.97.235.35
610,Stephanie,Coleman,scolemangx@chron.com,Female,23.37.54.204
611,Eric,Edwards,eedwardsgy@statcounter.com,Male,249.59.243.29
612,Ann,Fields,afieldsgz@1688.com,Female,244.102.62.203
613,Jimmy,Lawrence,jlawrenceh0@acquirethisname.com,Male,82.215.57.139
614,Laura,Olson,lolsonh1@merriam-webster.com,Female,131.97.136.123
615,Lawrence,Patterson,lpattersonh2@marriott.com,Male,31.100.120.124
616,Sandra,Parker,sparkerh3@bloomberg.com,Female,117.165.20.159
617,Sandra,Clark,sclarkh4@arstechnica.com,Female,226.8.110.178
618,Andrew,Daniels,adanielsh5@mozilla.org,Male,100.196.37.254
619,Antonio,White,awhiteh6@fastcompany.com,Male,171.179.38.167
620,Jason,Howell,jhowellh7@godaddy.com,Male,10.90.118.30
621,Christina,Sanders,csandersh8@npr.org,Female,17.5.207.237
622,Melissa,Crawford,mcrawfordh9@mediafire.com,Female,107.27.220.189
623,Eugene,Cunningham,ecunninghamha@rediff.com,Male,196.191.148.99
624,Shawn,Moreno,smorenohb@jalbum.net,Male,120.203.82.239
625,Joe,Young,jyounghc@ifeng.com,Male,61.167.30.83
626,Mildred,Fowler,mfowlerhd@businessinsider.com,Female,66.151.29.34
627,Jerry,Ramirez,jramirezhe@merriam-webster.com,Male,95.206.140.87
628,Gregory,Carter,gcarterhf@boston.com,Male,31.47.101.230
629,James,Hudson,jhudsonhg@miibeian.gov.cn,Male,130.202.122.225
630,Wayne,Ellis,wellishh@rakuten.co.jp,Male,156.168.44.1
631,Roy,Harvey,rharveyhi@mozilla.org,Male,38.160.178.207
632,Sandra,James,sjameshj@biblegateway.com,Female,39.232.72.193
633,Anne,Campbell,acampbellhk@uiuc.edu,Female,2.208.119.8
634,Roger,Martinez,rmartinezhl@godaddy.com,Male,114.173.139.185
635,Lillian,Lynch,llynchhm@statcounter.com,Female,19.130.153.227
636,Gloria,Nichols,gnicholshn@feedburner.com,Female,197.218.244.202
637,Joshua,West,jwestho@dell.com,Male,69.62.166.77
638,Jacqueline,Gibson,jgibsonhp@home.pl,Female,159.67.224.38
639,Lori,Lane,llanehq@discovery.com,Female,184.94.104.149
640,Robert,Burns,rburnshr@github.com,Male,228.242.176.13
641,Arthur,Cruz,acruzhs@ebay.co.uk,Male,251.59.122.66
642,Joyce,Robinson,jrobinsonht@theatlantic.com,Female,232.103.112.110
643,Brenda,Griffin,bgriffinhu@japanpost.jp,Female,123.65.94.228
644,Peter,Frazier,pfrazierhv@e-recht24.de,Male,93.52.183.82
645,Sharon,Robinson,srobinsonhw@w3.org,Female,209.243.248.249
646,Ruth,Hunt,rhunthx@europa.eu,Female,220.79.247.60
647,Maria,Alvarez,malvarezhy@answers.com,Female,197.180.211.206
648,Mildred,Adams,madamshz@usa.gov,Female,227.146.186.245
649,Ashley,Stone,astonei0@altervista.org,Female,37.11.246.168
650,Patrick,Palmer,ppalmeri1@phoca.cz,Male,101.178.44.149
651,Nicholas,Dunn,ndunni2@unc.edu,Male,67.160.191.97
652,Brian,Berry,bberryi3@issuu.com,Male,184.23.229.3
653,Jennifer,Smith,jsmithi4@alibaba.com,Female,219.176.185.7
654,Arthur,Powell,apowelli5@privacy.gov.au,Male,139.146.6.203
655,Scott,Stephens,sstephensi6@wikimedia.org,Male,125.12.213.43
656,Samuel,Morris,smorrisi7@tinyurl.com,Male,163.219.183.205
657,Steve,Robertson,srobertsoni8@harvard.edu,Male,90.177.196.40
658,Brian,Kennedy,bkennedyi9@unblog.fr,Male,250.184.174.176
659,Ashley,Alvarez,aalvarezia@msu.edu,Female,186.90.169.2
660,Joshua,Ellis,jellisib@infoseek.co.jp,Male,227.230.4.6
661,Mark,Riley,mrileyic@cocolog-nifty.com,Male,157.241.157.45
662,Jennifer,Dunn,jdunnid@live.com,Female,165.132.221.184
663,Ruby,Owens,rowensie@hostgator.com,Female,153.150.240.232
664,Carol,Lewis,clewisif@cocolog-nifty.com,Female,149.110.6.219
665,Donald,Coleman,dcolemanig@sfgate.com,Male,121.216.209.141
666,Anne,Reyes,areyesih@squarespace.com,Female,67.175.41.217
667,Patrick,Lopez,plopezii@uol.com.br,Male,110.119.40.251
668,Maria,Ortiz,mortizij@ca.gov,Female,224.87.35.21
669,Joseph,Green,jgreenik@bloglines.com,Male,228.6.173.210
670,Angela,Bryant,abryantil@bizjournals.com,Female,65.2.227.39
671,Andrea,Adams,aadamsim@columbia.edu,Female,62.88.59.36
672,Dennis,Romero,dromeroin@cdbaby.com,Male,62.124.133.12
673,Jerry,Green,jgreenio@huffingtonpost.com,Male,114.181.23.135
674,Nicholas,Graham,ngrahamip@mozilla.com,Male,133.254.231.26
675,Linda,Fisher,lfisheriq@cbc.ca,Female,196.76.21.3
676,Jessica,Lynch,jlynchir@booking.com,Female,110.12.150.41
677,Billy,George,bgeorgeis@nsw.gov.au,Male,145.16.78.132
678,Virginia,Lewis,vlewisit@com.com,Female,122.53.74.26
679,Jimmy,Daniels,jdanielsiu@edublogs.org,Male,98.22.28.104
680,Aaron,Frazier,afrazieriv@uiuc.edu,Male,137.69.186.61
681,Peter,Harper,pharperiw@gizmodo.com,Male,196.138.159.205
682,Fred,Warren,fwarrenix@sbwire.com,Male,239.105.196.67
683,Daniel,Schmidt,dschmidtiy@google.co.uk,Male,41.178.214.240
684,David,Nguyen,dnguyeniz@plala.or.jp,Male,227.221.100.22
685,Victor,Anderson,vandersonj0@zdnet.com,Male,211.87.40.170
686,Jean,Hamilton,jhamiltonj1@imdb.com,Female,79.210.31.96
687,Donald,Schmidt,dschmidtj2@e-recht24.de,Male,47.28.55.232
688,Nicole,Duncan,nduncanj3@t-online.de,Female,16.92.107.184
689,Shawn,Elliott,selliottj4@flickr.com,Male,194.195.239.238
690,Chris,Reid,creidj5@list-manage.com,Male,252.51.35.195
691,Jeremy,Brooks,jbrooksj6@artisteer.com,Male,32.109.252.145
692,Anna,Andrews,aandrewsj7@washingtonpost.com,Female,203.69.80.152
693,Marilyn,Murphy,mmurphyj8@yellowpages.com,Female,114.113.212.142
694,Frank,Reed,freedj9@shareasale.com,Male,38.133.214.65
695,Andrea,Lawrence,alawrenceja@hhs.gov,Female,17.226.158.146
696,Wanda,Lewis,wlewisjb@issuu.com,Female,22.160.131.2
697,Deborah,Hunt,dhuntjc@jiathis.com,Female,46.217.7.159
698,Teresa,Carroll,tcarrolljd@unc.edu,Female,126.246.103.92
699,Philip,Meyer,pmeyerje@gmpg.org,Male,161.246.41.26
700,Sandra,Hunter,shunterjf@skype.com,Female,243.170.195.48
701,Joe,Simpson,jsimpsonjg@washington.edu,Male,215.92.253.20
702,Eugene,Thomas,ethomasjh@nasa.gov,Male,238.177.149.164
703,Virginia,Allen,vallenji@theguardian.com,Female,28.74.84.110
704,Roy,Coleman,rcolemanjj@canalblog.com,Male,119.79.160.246
705,Sandra,Campbell,scampbelljk@salon.com,Female,211.194.239.14
706,Andrea,Shaw,ashawjl@fastcompany.com,Female,172.53.229.181
707,Anne,Henderson,ahendersonjm@ucoz.ru,Female,138.59.30.71
708,Victor,Olson,volsonjn@army.mil,Male,61.199.193.147
709,Lisa,Duncan,lduncanjo@photobucket.com,Female,231.43.180.63
710,Terry,Moreno,tmorenojp@yahoo.com,Male,68.189.75.76
711,Sandra,Watson,swatsonjq@newsvine.com,Female,113.61.97.226
712,Andrew,Jenkins,ajenkinsjr@springer.com,Male,164.34.42.190
713,Justin,Kim,jkimjs@google.co.jp,Male,74.204.202.114
714,Helen,Turner,hturnerjt@youtube.com,Female,169.120.192.237
715,Lois,Harris,lharrisju@home.pl,Female,87.53.134.139
716,Timothy,Daniels,tdanielsjv@barnesandnoble.com,Male,63.192.42.109
717,Wayne,Miller,wmillerjw@yolasite.com,Male,191.223.223.6
718,Brian,Armstrong,barmstrongjx@wikia.com,Male,47.27.61.245
719,Shirley,Jackson,sjacksonjy@istockphoto.com,Female,103.46.10.185
720,Paula,Marshall,pmarshalljz@ovh.net,Female,110.238.153.179
721,Johnny,Hansen,jhansenk0@twitpic.com,Male,25.22.67.97
722,Anthony,Riley,arileyk1@barnesandnoble.com,Male,213.219.157.185
723,Judith,Perkins,jperkinsk2@github.io,Female,166.32.147.168
724,Benjamin,Gray,bgrayk3@telegraph.co.uk,Male,77.56.72.43
725,Elizabeth,Johnston,ejohnstonk4@telegraph.co.uk,Female,80.122.234.204
726,Pamela,Marshall,pmarshallk5@mediafire.com,Female,191.74.234.23
727,Brian,Wagner,bwagnerk6@google.es,Male,238.107.183.234
728,Jennifer,Moreno,jmorenok7@histats.com,Female,63.120.118.230
729,Johnny,Williamson,jwilliamsonk8@dedecms.com,Male,123.108.29.161
730,Mildred,Robertson,mrobertsonk9@shop-pro.jp,Female,88.10.189.202
731,Clarence,Gilbert,cgilbertka@freewebs.com,Male,154.208.5.36
732,Jane,Carpenter,jcarpenterkb@mtv.com,Female,231.107.221.5
733,Larry,Gray,lgraykc@zimbio.com,Male,8.25.219.78
734,Brian,Gutierrez,bgutierrezkd@cnn.com,Male,80.34.2.79
735,Eugene,Oliver,eoliverke@cnbc.com,Male,79.25.17.69
736,Catherine,Gonzalez,cgonzalezkf@homestead.com,Female,82.31.200.111
737,Phillip,Freeman,pfreemankg@wunderground.com,Male,213.19.45.153
738,Juan,Moreno,jmorenokh@squarespace.com,Male,35.51.135.12
739,Andrew,Lewis,alewiski@java.com,Male,100.164.233.163
740,Cheryl,Garcia,cgarciakj@cornell.edu,Female,23.132.143.93
741,Paul,Phillips,pphillipskk@cdc.gov,Male,236.160.142.233
742,Angela,Gray,agraykl@icio.us,Female,132.60.220.92
743,Eric,Barnes,ebarneskm@nifty.com,Male,254.162.60.40
744,Gregory,Jones,gjoneskn@delicious.com,Male,144.108.10.29
745,Susan,Mason,smasonko@prweb.com,Female,98.142.14.164
746,Jean,Roberts,jrobertskp@dailymotion.com,Female,53.131.47.111
747,Martin,Watson,mwatsonkq@vk.com,Male,188.45.190.91
748,Betty,Wheeler,bwheelerkr@cbslocal.com,Female,82.133.19.100
749,Alan,Perry,aperryks@rambler.ru,Male,222.255.119.196
750,Larry,Gonzalez,lgonzalezkt@dell.com,Male,70.129.53.238
751,Louis,Matthews,lmatthewsku@histats.com,Male,215.47.228.126
752,Shawn,Morris,smorriskv@ifeng.com,Male,63.228.200.215
753,David,Howell,dhowellkw@hhs.gov,Male,25.151.103.11
754,Jane,Taylor,jtaylorkx@globo.com,Female,179.229.66.78
755,Wayne,Snyder,wsnyderky@ibm.com,Male,225.49.112.151
756,Joyce,Holmes,jholmeskz@weebly.com,Female,81.206.79.27
757,Donna,Kennedy,dkennedyl0@canalblog.com,Female,192.198.152.100
758,Rose,Grant,rgrantl1@baidu.com,Female,220.83.237.148
759,Jerry,Wood,jwoodl2@chron.com,Male,175.68.198.46
760,Lori,Hill,lhilll3@cdbaby.com,Female,65.137.70.49
761,Russell,Lewis,rlewisl4@illinois.edu,Male,248.52.202.76
762,Nancy,Miller,nmillerl5@bloglines.com,Female,171.78.10.254
763,Emily,Bennett,ebennettl6@nba.com,Female,131.90.163.60
764,Maria,Gonzales,mgonzalesl7@yellowbook.com,Female,247.224.58.88
765,Joseph,Nichols,jnicholsl8@webmd.com,Male,109.220.126.14
766,Rebecca,Kim,rkiml9@elegantthemes.com,Female,105.244.80.82
767,Marilyn,Fowler,mfowlerla@zdnet.com,Female,107.60.248.158
768,Margaret,Elliott,melliottlb@artisteer.com,Female,75.99.40.74
769,Kenneth,Ramirez,kramirezlc@economist.com,Male,174.192.39.66
770,Patricia,Montgomery,pmontgomeryld@salon.com,Female,25.37.231.111
771,Sean,Carr,scarrle@fastcompany.com,Male,231.123.152.78
772,Kathy,Lawrence,klawrencelf@biblegateway.com,Female,68.199.126.177
773,Dennis,Alvarez,dalvarezlg@ca.gov,Male,150.143.202.237
774,Samuel,Carroll,scarrolllh@theglobeandmail.com,Male,168.249.122.21
775,Justin,Lane,jlaneli@is.gd,Male,254.26.143.85
776,Patrick,Spencer,pspencerlj@reference.com,Male,10.153.4.75
777,Johnny,Daniels,jdanielslk@so-net.ne.jp,Male,137.68.57.45
778,John,Hansen,jhansenll@liveinternet.ru,Male,235.27.252.203
779,Mary,Fox,mfoxlm@earthlink.net,Female,218.82.79.157
780,Larry,Brooks,lbrooksln@soundcloud.com,Male,248.62.153.4
781,Virginia,Henry,vhenrylo@wsj.com,Female,174.209.71.107
782,Aaron,Long,alonglp@arizona.edu,Male,165.88.238.199
783,Evelyn,Marshall,emarshalllq@purevolume.com,Female,112.231.87.246
784,David,Ferguson,dfergusonlr@umich.edu,Male,52.154.92.242
785,Anthony,Jacobs,ajacobsls@cargocollective.com,Male,225.242.242.230
786,Nicholas,Arnold,narnoldlt@plala.or.jp,Male,236.110.138.32
787,Keith,Reyes,kreyeslu@google.com.au,Male,65.226.136.114
788,John,Hamilton,jhamiltonlv@goodreads.com,Male,102.25.73.64
789,Tina,Franklin,tfranklinlw@freewebs.com,Female,120.244.39.149
790,Sara,Roberts,srobertslx@reddit.com,Female,36.104.128.166
791,Cheryl,Hughes,chughesly@ameblo.jp,Female,0.150.9.93
792,Ryan,Mcdonald,rmcdonaldlz@msu.edu,Male,237.116.12.172
793,Alice,Fisher,afisherm0@usatoday.com,Female,86.69.117.219
794,Janice,Walker,jwalkerm1@angelfire.com,Female,216.169.111.44
795,Antonio,Hall,ahallm2@smugmug.com,Male,176.39.105.136
796,Louis,Edwards,ledwardsm3@csmonitor.com,Male,42.179.29.57
797,Douglas,Coleman,dcolemanm4@wordpress.com,Male,143.25.98.255
798,Jennifer,Stanley,jstanleym5@t-online.de,Female,253.187.244.174
799,Ralph,Hicks,rhicksm6@apache.org,Male,121.31.173.82
800,Eric,Wheeler,ewheelerm7@imdb.com,Male,34.255.164.230
801,Kathy,Elliott,kelliottm8@tinyurl.com,Female,148.117.184.213
802,Frances,Palmer,fpalmerm9@bloglovin.com,Female,181.132.132.180
803,Martha,Hall,mhallma@theglobeandmail.com,Female,204.230.43.151
804,Benjamin,Reed,breedmb@nps.gov,Male,110.86.246.111
805,Earl,Wheeler,ewheelermc@mozilla.org,Male,151.72.99.46
806,Paula,Banks,pbanksmd@feedburner.com,Female,94.235.40.245
807,Walter,Fields,wfieldsme@posterous.com,Male,91.146.138.108
808,Bonnie,Lopez,blopezmf@stumbleupon.com,Female,224.50.221.16
809,Jack,Johnston,jjohnstonmg@un.org,Male,55.98.243.35
810,Michael,Richards,mrichardsmh@discovery.com,Male,234.114.157.226
811,Cheryl,Long,clongmi@theglobeandmail.com,Female,125.52.211.252
812,Juan,Cook,jcookmj@cnet.com,Male,75.225.54.233
813,Scott,Howell,showellmk@ning.com,Male,136.50.5.90
814,Jane,Watkins,jwatkinsml@engadget.com,Female,169.61.177.214
815,Michelle,Shaw,mshawmm@hp.com,Female,156.188.69.31
816,Virginia,Williams,vwilliamsmn@soundcloud.com,Female,119.234.70.188
817,Christine,Little,clittlemo@npr.org,Female,161.162.142.134
818,Terry,Nguyen,tnguyenmp@ovh.net,Male,24.44.12.159
819,Tina,Watkins,twatkinsmq@creativecommons.org,Female,185.199.108.94
820,Jerry,Mills,jmillsmr@epa.gov,Male,132.219.162.1
821,Eric,Nelson,enelsonms@wufoo.com,Male,114.84.224.148
822,Alan,Ford,afordmt@barnesandnoble.com,Male,47.59.118.126
823,Susan,Gardner,sgardnermu@usgs.gov,Female,145.123.158.176
824,Margaret,Woods,mwoodsmv@seesaa.net,Female,167.242.91.189
825,Ruby,Patterson,rpattersonmw@clickbank.net,Female,132.236.229.243
826,Douglas,Cruz,dcruzmx@google.nl,Male,211.143.167.233
827,Sara,Tucker,stuckermy@vimeo.com,Female,138.176.47.211
828,Beverly,Berry,bberrymz@hc360.com,Female,253.49.222.97
829,Bonnie,Kelley,bkelleyn0@marketwatch.com,Female,6.118.159.54
830,Phyllis,Thompson,pthompsonn1@drupal.org,Female,115.129.134.156
831,Ruby,Dunn,rdunnn2@cdc.gov,Female,43.17.90.168
832,Andrew,Marshall,amarshalln3@ucoz.ru,Male,180.51.90.132
833,Benjamin,Montgomery,bmontgomeryn4@sitemeter.com,Male,192.30.64.87
834,Jeremy,Kennedy,jkennedyn5@biglobe.ne.jp,Male,34.228.235.171
835,Sara,Peters,spetersn6@scribd.com,Female,243.126.154.229
836,Martin,Allen,mallenn7@huffingtonpost.com,Male,194.44.254.67
837,Shawn,Bradley,sbradleyn8@parallels.com,Male,177.12.19.14
838,Gary,Nelson,gnelsonn9@senate.gov,Male,197.91.106.114
839,Douglas,Snyder,dsnyderna@yellowbook.com,Male,253.73.203.70
840,James,Hawkins,jhawkinsnb@archive.org,Male,63.111.246.191
841,Annie,Simmons,asimmonsnc@slashdot.org,Female,45.56.163.87
842,Nicholas,Greene,ngreenend@trellian.com,Male,237.66.173.7
843,Judy,Turner,jturnerne@geocities.com,Female,53.134.187.157
844,Jean,Murray,jmurraynf@purevolume.com,Female,65.107.228.132
845,Wanda,Bennett,wbennettng@imgur.com,Female,113.70.49.125
846,Kimberly,Evans,kevansnh@sphinn.com,Female,22.113.56.214
847,Ralph,Cox,rcoxni@sphinn.com,Male,135.162.77.213
848,Ryan,Green,rgreennj@woothemes.com,Male,177.235.33.210
849,Ruby,Mills,rmillsnk@state.gov,Female,110.215.136.12
850,Samuel,Henry,shenrynl@sfgate.com,Male,142.5.23.220
851,Dorothy,Mccoy,dmccoynm@digg.com,Female,175.75.32.57
852,Andrew,Nichols,anicholsnn@unicef.org,Male,199.123.22.190
853,Larry,Hanson,lhansonno@apple.com,Male,18.33.86.16
854,Carolyn,Ferguson,cfergusonnp@ezinearticles.com,Female,163.147.158.89
855,Angela,Castillo,acastillonq@eepurl.com,Female,165.229.186.151
856,Fred,Schmidt,fschmidtnr@issuu.com,Male,202.103.24.83
857,Diane,Dixon,ddixonns@usatoday.com,Female,48.126.132.7
858,Jose,Pierce,jpiercent@eventbrite.com,Male,11.161.166.194
859,Katherine,Ray,kraynu@clickbank.net,Female,164.213.207.91
860,Joyce,Knight,jknightnv@deliciousdays.com,Female,249.167.22.196
861,Benjamin,Russell,brussellnw@networkadvertising.org,Male,38.82.30.129
862,Bobby,Matthews,bmatthewsnx@techcrunch.com,Male,12.26.198.164
863,Sara,Owens,sowensny@addthis.com,Female,49.80.89.120
864,Eric,Coleman,ecolemannz@biglobe.ne.jp,Male,36.107.38.188
865,Samuel,Johnson,sjohnsono0@123-reg.co.uk,Male,209.165.114.182
866,Peter,Gibson,pgibsono1@mail.ru,Male,95.213.237.8
867,Phillip,Wood,pwoodo2@t.co,Male,42.84.48.118
868,Juan,Moreno,jmorenoo3@artisteer.com,Male,114.160.119.73
869,Jacqueline,Wood,jwoodo4@geocities.jp,Female,29.238.185.53
870,Douglas,Meyer,dmeyero5@seattletimes.com,Male,69.38.130.96
871,Larry,Spencer,lspencero6@about.com,Male,221.187.219.178
872,Margaret,Baker,mbakero7@bandcamp.com,Female,110.136.93.119
873,Kimberly,Parker,kparkero8@smh.com.au,Female,34.16.184.91
874,Albert,Hayes,ahayeso9@about.me,Male,23.48.58.86
875,Nancy,Carpenter,ncarpenteroa@cloudflare.com,Female,239.16.187.230
876,Craig,Lawson,clawsonob@dedecms.com,Male,143.227.231.104
877,Frank,Riley,frileyoc@tuttocitta.it,Male,84.254.186.25
878,Ralph,Jackson,rjacksonod@google.ru,Male,166.196.42.104
879,Kathy,Morris,kmorrisoe@imageshack.us,Female,122.194.150.217
880,Christopher,Johnson,cjohnsonof@google.pl,Male,129.71.68.225
881,Phyllis,Bowman,pbowmanog@google.com,Female,80.149.51.129
882,Gerald,Fox,gfoxoh@psu.edu,Male,125.67.105.181
883,Rebecca,Dean,rdeanoi@digg.com,Female,162.128.189.108
884,Rose,Diaz,rdiazoj@nifty.com,Female,253.221.171.255
885,Jason,Lee,jleeok@cargocollective.com,Male,74.83.136.200
886,Christina,Hart,chartol@wikipedia.org,Female,221.177.53.24
887,Samuel,Daniels,sdanielsom@china.com.cn,Male,95.9.41.42
888,Amanda,Willis,awillison@google.de,Female,53.126.230.106
889,Johnny,Garza,jgarzaoo@php.net,Male,92.150.246.117
890,Ruth,Sanders,rsandersop@w3.org,Female,2.194.208.182
891,Ruth,Collins,rcollinsoq@theguardian.com,Female,160.108.9.37
892,Jessica,Carroll,jcarrollor@odnoklassniki.ru,Female,7.124.182.234
893,Carolyn,Nguyen,cnguyenos@naver.com,Female,92.89.74.224
894,Lois,Reid,lreidot@tiny.cc,Female,97.18.161.55
895,Samuel,Davis,sdavisou@usa.gov,Male,50.128.108.107
896,Katherine,Baker,kbakerov@oakley.com,Female,85.175.109.62
897,Julie,Wood,jwoodow@dailymotion.com,Female,218.178.211.120
898,Dennis,Johnston,djohnstonox@nifty.com,Male,114.144.240.53
899,Howard,Morales,hmoralesoy@tuttocitta.it,Male,100.93.32.175
900,Paula,Fox,pfoxoz@cbsnews.com,Female,5.244.86.245
901,Randy,Nelson,rnelsonp0@imgur.com,Male,89.122.219.111
902,Carl,Henry,chenryp1@timesonline.co.uk,Male,194.93.81.211
903,Michelle,Reyes,mreyesp2@spotify.com,Female,94.156.225.6
904,Christine,Welch,cwelchp3@stanford.edu,Female,172.68.36.206
905,Wanda,Ryan,wryanp4@army.mil,Female,161.204.132.71
906,Heather,Marshall,hmarshallp5@vimeo.com,Female,219.51.97.246
907,Carl,Thomas,cthomasp6@360.cn,Male,169.75.88.237
908,Alice,Ryan,aryanp7@ovh.net,Female,194.2.36.201
909,Beverly,Johnston,bjohnstonp8@google.co.uk,Female,13.167.211.73
910,Gerald,Collins,gcollinsp9@webs.com,Male,12.166.211.108
911,Jessica,Walker,jwalkerpa@opera.com,Female,83.166.33.197
912,Ruth,Daniels,rdanielspb@360.cn,Female,221.232.171.218
913,Victor,Lynch,vlynchpc@cdc.gov,Male,22.158.177.247
914,William,Boyd,wboydpd@infoseek.co.jp,Male,186.54.135.12
915,Cheryl,Green,cgreenpe@yelp.com,Female,26.32.21.93
916,Albert,Hart,ahartpf@elegantthemes.com,Male,163.225.103.163
917,Martha,Burke,mburkepg@uol.com.br,Female,106.149.6.243
918,Anna,Wells,awellsph@taobao.com,Female,160.233.196.233
919,Rose,Mason,rmasonpi@reference.com,Female,198.148.158.97
920,Benjamin,Day,bdaypj@icq.com,Male,216.197.208.99
921,Judith,Jenkins,jjenkinspk@fastcompany.com,Female,69.29.72.42
922,Martha,Mcdonald,mmcdonaldpl@salon.com,Female,32.93.213.163
923,Rebecca,Lawson,rlawsonpm@constantcontact.com,Female,174.121.240.64
924,Sean,Diaz,sdiazpn@51.la,Male,21.38.118.151
925,Todd,Moore,tmoorepo@ihg.com,Male,241.82.46.156
926,William,Fields,wfieldspp@ucsd.edu,Male,160.128.76.75
927,Kelly,Hawkins,khawkinspq@geocities.jp,Female,133.205.32.3
928,Kathryn,Fox,kfoxpr@smh.com.au,Female,147.190.9.226
929,Lillian,Sims,lsimsps@about.com,Female,117.30.26.86
930,Betty,Pierce,bpiercept@pagesperso-orange.fr,Female,201.52.3.232
931,Evelyn,Wells,ewellspu@mozilla.com,Female,134.70.86.188
932,Jessica,Hill,jhillpv@japanpost.jp,Female,97.122.55.190
933,Nancy,Olson,nolsonpw@rakuten.co.jp,Female,244.244.25.219
934,Nancy,Garcia,ngarciapx@blogs.com,Female,70.69.167.252
935,Catherine,Freeman,cfreemanpy@ca.gov,Female,239.213.21.100
936,Carlos,Bishop,cbishoppz@cnbc.com,Male,186.16.125.68
937,Joseph,Henderson,jhendersonq0@4shared.com,Male,183.52.89.138
938,Paul,Simpson,psimpsonq1@craigslist.org,Male,50.215.42.139
939,Ryan,Rose,rroseq2@gizmodo.com,Male,62.138.7.182
940,Sandra,Mills,smillsq3@kickstarter.com,Female,77.69.63.66
941,Lori,Nelson,lnelsonq4@amazon.de,Female,248.85.50.42
942,Nicholas,Patterson,npattersonq5@mayoclinic.com,Male,117.14.200.31
943,Brian,Hughes,bhughesq6@com.com,Male,10.160.34.152
944,Gregory,Lawrence,glawrenceq7@typepad.com,Male,40.59.23.126
945,Juan,Williamson,jwilliamsonq8@dion.ne.jp,Male,172.196.142.213
946,Ryan,Lynch,rlynchq9@w3.org,Male,75.252.137.66
947,Katherine,Gibson,kgibsonqa@wikimedia.org,Female,187.226.70.143
948,Jose,Hall,jhallqb@usa.gov,Male,77.164.117.53
949,Norma,Williams,nwilliamsqc@nasa.gov,Female,211.12.21.117
950,Jimmy,Cooper,jcooperqd@google.es,Male,126.126.98.134
951,Sara,Price,spriceqe@tumblr.com,Female,149.208.151.105
952,Pamela,Taylor,ptaylorqf@parallels.com,Female,124.13.220.12
953,Virginia,Wagner,vwagnerqg@prnewswire.com,Female,48.101.244.197
954,Shawn,Ford,sfordqh@google.fr,Male,70.121.14.128
955,Eugene,George,egeorgeqi@nytimes.com,Male,115.65.123.36
956,Philip,Dunn,pdunnqj@newsvine.com,Male,211.45.89.67
957,Kenneth,Martinez,kmartinezqk@chronoengine.com,Male,173.137.93.190
958,Louise,Walker,lwalkerql@csmonitor.com,Female,90.108.160.210
959,Kathy,Williamson,kwilliamsonqm@buzzfeed.com,Female,73.213.64.160
960,Susan,Banks,sbanksqn@weather.com,Female,113.165.71.164
961,Gloria,Nelson,gnelsonqo@si.edu,Female,174.62.222.71
962,Juan,Long,jlongqp@topsy.com,Male,198.69.22.204
963,Tina,Hunt,thuntqq@mtv.com,Female,187.94.22.15
964,Martha,Morgan,mmorganqr@biblegateway.com,Female,122.253.22.155
965,Judy,Fisher,jfisherqs@chicagotribune.com,Female,200.94.64.141
966,Amy,Cole,acoleqt@amazon.co.jp,Female,137.45.97.9
967,Bruce,Hawkins,bhawkinsqu@gizmodo.com,Male,213.120.208.179
968,Jesse,Alvarez,jalvarezqv@yandex.ru,Male,179.110.134.102
969,Kelly,Carroll,kcarrollqw@trellian.com,Female,150.230.118.117
970,Jimmy,Baker,jbakerqx@redcross.org,Male,13.57.164.179
971,Shawn,Bowman,sbowmanqy@creativecommons.org,Male,108.139.14.48
972,Carolyn,Wheeler,cwheelerqz@ovh.net,Female,194.130.8.110
973,Linda,Moreno,lmorenor0@icio.us,Female,34.141.236.253
974,Steve,Hunt,shuntr1@woothemes.com,Male,114.40.126.215
975,Bruce,Vasquez,bvasquezr2@xrea.com,Male,79.170.212.48
976,Roy,Brooks,rbrooksr3@shinystat.com,Male,221.60.192.33
977,Jennifer,Montgomery,jmontgomeryr4@google.com.br,Female,182.11.29.203
978,Todd,Wallace,twallacer5@about.com,Male,187.32.91.175
979,Jessica,Carpenter,jcarpenterr6@theglobeandmail.com,Female,243.121.116.156
980,Christine,Grant,cgrantr7@domainmarket.com,Female,160.157.109.36
981,Roger,Rice,rricer8@over-blog.com,Male,85.55.129.181
982,Louise,Sanders,lsandersr9@senate.gov,Female,162.77.43.115
983,Jack,Sanders,jsandersra@simplemachines.org,Male,132.56.165.87
984,Angela,Duncan,aduncanrb@baidu.com,Female,164.60.160.83
985,Kimberly,Long,klongrc@umich.edu,Female,224.183.185.31
986,Eugene,Adams,eadamsrd@forbes.com,Male,123.133.189.179
987,Eric,Hawkins,ehawkinsre@yellowbook.com,Male,98.83.138.177
988,Fred,Thomas,fthomasrf@nature.com,Male,187.219.56.95
989,Willie,Brown,wbrownrg@zdnet.com,Male,82.153.187.193
990,Jeffrey,Boyd,jboydrh@chron.com,Male,167.38.9.176
991,Julia,Gonzalez,jgonzalezri@woothemes.com,Female,87.241.198.203
992,Andrea,Cole,acolerj@state.gov,Female,210.56.11.201
993,Henry,Willis,hwillisrk@tinypic.com,Male,241.168.23.212
994,Gary,Cruz,gcruzrl@sourceforge.net,Male,220.53.9.92
995,Wayne,Harvey,wharveyrm@admin.ch,Male,104.191.168.191
996,Bobby,Hall,bhallrn@go.com,Male,89.128.25.56
997,Phyllis,Romero,promeroro@elegantthemes.com,Female,230.38.0.129
998,Randy,Cooper,rcooperrp@tumblr.com,Male,171.13.126.252
999,Denise,Hanson,dhansonrq@whitehouse.gov,Female,139.163.131.157
1000,Justin,Rose,jroserr@howstuffworks.com,Male,195.95.36.153
