id,first_name,last_name,email,gender,ip_address
1,Wayne,Chavez,wchavez0@japanpost.jp,Male,190.23.206.43
2,Michael,Roberts,mroberts1@amazon.co.uk,Male,60.68.112.158
3,Samuel,Price,sprice2@wiley.com,Male,152.173.77.39
4,David,Morrison,dmorrison3@netvibes.com,Male,112.246.191.217
5,Walter,Riley,wriley4@phpbb.com,Male,24.18.160.54
6,Victor,Ramos,vramos5@cdc.gov,Male,69.163.193.174
7,Russell,Rodriguez,rrodriguez6@domainmarket.com,Male,204.102.142.126
8,Jessica,Fisher,jfisher7@dailymotion.com,Female,85.178.189.20
9,Robert,Moore,rmoore8@google.co.uk,Male,60.32.151.149
10,Gloria,Roberts,groberts9@ucoz.com,Female,56.222.41.11
11,Juan,Rivera,jriveraa@japanpost.jp,Male,196.89.220.247
12,Phyllis,Wallace,pwallaceb@businessinsider.com,Female,8.33.11.55
13,Beverly,Cruz,bcruzc@hp.com,Female,149.124.82.84
14,Rebecca,Bell,rbelld@yandex.ru,Female,107.222.79.58
15,Beverly,Bailey,bbaileye@marriott.com,Female,156.120.224.218
16,Matthew,Porter,mporterf@oracle.com,Male,140.231.48.25
17,Russell,Carpenter,rcarpenterg@examiner.com,Male,202.109.152.154
18,Raymond,Reynolds,rreynoldsh@google.cn,Male,170.179.220.178
19,Cynthia,Parker,cparkeri@columbia.edu,Female,113.64.100.124
20,Gregory,Black,gblackj@google.pl,Male,18.213.3.136
21,Joyce,Ross,jrossk@sakura.ne.jp,Female,13.36.187.140
22,Lori,Matthews,lmatthewsl@unc.edu,Female,17.239.205.69
23,Shawn,Washington,swashingtonm@lulu.com,Male,105.106.116.51
24,Cheryl,Black,cblackn@yellowbook.com,Female,61.37.195.107
25,Jose,Harvey,jharveyo@newyorker.com,Male,62.25.56.107
26,Melissa,Cooper,mcooperp@squidoo.com,Female,210.59.224.69
27,Eugene,Chapman,echapmanq@livejournal.com,Male,70.189.200.67
28,Marie,Grant,mgrantr@ed.gov,Female,217.18.123.190
29,Justin,Miller,jmillers@china.com.cn,Male,1.130.167.53
30,Maria,Snyder,msnydert@usnews.com,Female,231.142.60.147
31,Dennis,Hudson,dhudsonu@myspace.com,Male,6.238.241.10
32,Elizabeth,Anderson,eandersonv@reddit.com,Female,107.203.167.122
33,Nicholas,Lane,nlanew@tiny.cc,Male,50.135.105.111
34,Phillip,Austin,paustinx@desdev.cn,Male,30.152.173.150
35,Johnny,Sims,jsimsy@elpais.com,Male,70.221.133.202
36,Doris,Henry,dhenryz@g.co,Female,104.46.45.148
37,Adam,Moore,amoore10@cam.ac.uk,Male,210.20.234.58
38,Lisa,Greene,lgreene11@webs.com,Female,19.199.243.67
39,Roger,Vasquez,rvasquez12@hatena.ne.jp,Male,38.132.68.81
40,Kenneth,Hughes,khughes13@google.fr,Male,241.64.223.14
41,Robin,Weaver,rweaver14@wunderground.com,Female,76.92.239.239
42,Brian,Garrett,bgarrett15@typepad.com,Male,124.179.92.95
43,Bruce,Gibson,bgibson16@pcworld.com,Male,119.145.137.145
44,Bruce,Rodriguez,brodriguez17@netvibes.com,Male,222.205.164.250
45,Scott,Robinson,srobinson18@oracle.com,Male,191.213.222.210
46,John,Gutierrez,jgutierrez19@admin.ch,Male,204.121.33.226
47,Christina,Reed,creed1a@adobe.com,Female,44.186.177.33
48,Richard,Ryan,rryan1b@youku.com,Male,93.122.88.207
49,Nicole,Hall,nhall1c@livejournal.com,Female,104.75.54.65
50,Julia,Moreno,jmoreno1d@sohu.com,Female,42.131.222.41
51,Carlos,Kim,ckim1e@tripadvisor.com,Male,67.199.48.149
52,Cynthia,King,cking1f@mashable.com,Female,25.53.52.30
53,Harold,Ward,hward1g@dedecms.com,Male,111.207.140.100
54,Helen,Ross,hross1h@ucoz.ru,Female,249.48.113.210
55,Patrick,Shaw,pshaw1i@google.pl,Male,154.184.125.16
56,Irene,Dixon,idixon1j@statcounter.com,Female,21.103.200.65
57,Irene,Spencer,ispencer1k@census.gov,Female,189.136.91.174
58,Julie,Warren,jwarren1l@cbslocal.com,Female,56.77.124.21
59,Matthew,Mendoza,mmendoza1m@dyndns.org,Male,41.189.56.255
60,Kathryn,Crawford,kcrawford1n@istockphoto.com,Female,102.138.82.78
61,Louis,Ferguson,lferguson1o@i2i.jp,Male,23.205.55.12
62,Walter,Hicks,whicks1p@usa.gov,Male,129.253.138.123
63,Matthew,Bailey,mbailey1q@wunderground.com,Male,16.134.105.5
64,Michelle,Ortiz,mortiz1r@illinois.edu,Female,186.211.150.214
65,Wayne,Miller,wmiller1s@mediafire.com,Male,75.48.134.181
66,Cynthia,Hunter,chunter1t@facebook.com,Female,39.216.144.200
67,Rachel,Cooper,rcooper1u@meetup.com,Female,207.254.118.220
68,Joyce,Snyder,jsnyder1v@cocolog-nifty.com,Female,3.36.101.204
69,Lawrence,West,lwest1w@microsoft.com,Male,255.4.9.114
70,Susan,Phillips,sphillips1x@indiegogo.com,Female,69.235.237.42
71,Peter,Romero,promero1y@1und1.de,Male,168.133.28.255
72,Arthur,James,ajames1z@springer.com,Male,204.110.202.127
73,Todd,Phillips,tphillips20@google.pl,Male,47.94.163.15
74,Virginia,Cunningham,vcunningham21@arizona.edu,Female,204.9.44.100
75,Martin,Webb,mwebb22@naver.com,Male,128.65.208.105
76,Antonio,Brooks,abrooks23@foxnews.com,Male,191.243.196.15
77,Gloria,Austin,gaustin24@bravesites.com,Female,24.96.52.61
78,Rebecca,Garza,rgarza25@is.gd,Female,43.56.43.45
79,Michael,Spencer,mspencer26@wisc.edu,Male,116.76.91.108
80,Diana,Black,dblack27@liveinternet.ru,Female,190.136.186.131
81,Stephen,Woods,swoods28@timesonline.co.uk,Male,225.198.205.198
82,Frank,Sullivan,fsullivan29@creativecommons.org,Male,26.71.97.99
83,Julie,Olson,jolson2a@google.com.au,Female,152.75.215.91
84,Shirley,Fisher,sfisher2b@about.me,Female,143.190.128.44
85,Fred,Day,fday2c@ted.com,Male,98.145.33.68
86,Joyce,Wheeler,jwheeler2d@theatlantic.com,Female,184.76.23.0
87,Robin,Thompson,rthompson2e@ibm.com,Female,50.70.19.29
88,Helen,Sullivan,hsullivan2f@51.la,Female,209.95.87.207
89,Craig,Powell,cpowell2g@intel.com,Male,218.93.160.30
90,Maria,Chapman,mchapman2h@usda.gov,Female,39.24.158.175
91,Frank,Kim,fkim2i@hhs.gov,Male,252.205.140.214
92,Amy,Russell,arussell2j@guardian.co.uk,Female,141.243.102.224
93,Roy,Fernandez,rfernandez2k@amazonaws.com,Male,26.39.68.53
94,Juan,Ray,jray2l@bloglines.com,Male,5.39.199.185
95,Joyce,Palmer,jpalmer2m@ucla.edu,Female,119.152.73.172
96,Kathryn,Richardson,krichardson2n@wp.com,Female,116.43.246.102
97,Willie,Ramirez,wramirez2o@engadget.com,Male,83.4.166.31
98,Donna,Hansen,dhansen2p@yelp.com,Female,82.49.221.148
99,Melissa,Stevens,mstevens2q@unblog.fr,Female,168.27.2.163
100,Ernest,Shaw,eshaw2r@twitpic.com,Male,252.112.161.118
101,Sarah,Burke,sburke2s@latimes.com,Female,105.225.48.17
102,Kathy,Jacobs,kjacobs2t@zimbio.com,Female,119.200.212.207
103,Kathy,Reynolds,kreynolds2u@chronoengine.com,Female,132.27.79.78
104,Judy,Hernandez,jhernandez2v@g.co,Female,10.135.212.243
105,Eugene,Grant,egrant2w@sciencedirect.com,Male,17.67.173.40
106,Matthew,Bryant,mbryant2x@microsoft.com,Male,208.98.68.207
107,Carlos,Cooper,ccooper2y@163.com,Male,133.184.63.22
108,Michael,Watson,mwatson2z@naver.com,Male,225.90.29.41
109,Cynthia,Murray,cmurray30@google.com.br,Female,207.215.15.236
110,Denise,Edwards,dedwards31@tinypic.com,Female,209.42.234.173
111,Larry,Burke,lburke32@plala.or.jp,Male,133.228.74.186
112,Robert,Stanley,rstanley33@hhs.gov,Male,129.56.119.234
113,Jesse,Williamson,jwilliamson34@about.me,Male,182.49.35.64
114,Robert,Porter,rporter35@bbb.org,Male,222.69.33.213
115,Nancy,Perry,nperry36@sfgate.com,Female,116.72.227.90
116,Ronald,Sanders,rsanders37@si.edu,Male,34.67.210.75
117,Ruby,Kim,rkim38@dedecms.com,Female,8.105.238.135
118,Debra,Henderson,dhenderson39@163.com,Female,238.4.110.146
119,Andrew,Sims,asims3a@army.mil,Male,85.178.6.134
120,Cynthia,Gray,cgray3b@go.com,Female,18.228.253.227
121,Phillip,Wells,pwells3c@hexun.com,Male,204.12.151.113
122,Johnny,Collins,jcollins3d@nps.gov,Male,54.132.184.141
123,Robin,Hill,rhill3e@4shared.com,Female,161.140.142.49
124,Christina,Woods,cwoods3f@imdb.com,Female,149.0.29.126
125,Lillian,Crawford,lcrawford3g@wp.com,Female,106.152.139.228
126,Anthony,Hughes,ahughes3h@walmart.com,Male,231.115.60.4
127,Katherine,Nguyen,knguyen3i@feedburner.com,Female,5.169.71.129
128,Carol,Boyd,cboyd3j@comsenz.com,Female,168.205.68.17
129,Henry,Bryant,hbryant3k@wufoo.com,Male,48.162.67.38
130,Jack,Reyes,jreyes3l@nyu.edu,Male,176.34.136.234
131,Denise,Diaz,ddiaz3m@people.com.cn,Female,18.91.146.6
132,Jane,Duncan,jduncan3n@ucla.edu,Female,33.62.206.9
133,Deborah,Kelley,dkelley3o@skype.com,Female,26.179.228.176
134,Walter,Franklin,wfranklin3p@senate.gov,Male,191.191.122.94
135,Harry,Marshall,hmarshall3q@cloudflare.com,Male,75.89.255.142
136,Donald,Montgomery,dmontgomery3r@engadget.com,Male,204.165.160.46
137,Janice,Hall,jhall3s@sohu.com,Female,104.118.251.50
138,Sean,Palmer,spalmer3t@flickr.com,Male,19.236.154.109
139,Johnny,Stevens,jstevens3u@discuz.net,Male,215.24.232.222
140,Lisa,George,lgeorge3v@nbcnews.com,Female,94.104.243.28
141,Russell,Perry,rperry3w@marriott.com,Male,64.82.213.41
142,Teresa,Hart,thart3x@ning.com,Female,86.182.123.146
143,Donna,West,dwest3y@disqus.com,Female,198.188.73.104
144,Helen,Gutierrez,hgutierrez3z@goo.gl,Female,152.88.102.137
145,Dorothy,Holmes,dholmes40@skype.com,Female,185.204.115.223
146,Kevin,Hudson,khudson41@ucoz.ru,Male,111.249.53.236
147,Ashley,Kelley,akelley42@twitter.com,Female,7.253.249.92
148,Kelly,Stanley,kstanley43@marketwatch.com,Female,167.34.213.168
149,Eugene,Russell,erussell44@reverbnation.com,Male,19.67.21.80
150,Billy,Roberts,broberts45@unc.edu,Male,120.6.157.2
151,Frances,Fisher,ffisher46@independent.co.uk,Female,112.46.34.13
152,Terry,Freeman,tfreeman47@who.int,Male,193.149.30.52
153,Kelly,Parker,kparker48@com.com,Female,127.92.186.176
154,Craig,Evans,cevans49@twitter.com,Male,196.156.108.66
155,Bonnie,Coleman,bcoleman4a@mapquest.com,Female,94.133.226.52
156,Virginia,Washington,vwashington4b@ft.com,Female,93.89.173.121
157,Terry,Garza,tgarza4c@cnbc.com,Male,155.135.99.97
158,Fred,Rose,frose4d@msn.com,Male,90.223.237.124
159,Louise,Day,lday4e@moonfruit.com,Female,170.17.204.33
160,Louise,Cooper,lcooper4f@tuttocitta.it,Female,153.94.254.188
161,Frances,Hall,fhall4g@google.com.au,Female,110.178.241.249
162,Amy,Dunn,adunn4h@parallels.com,Female,179.99.134.23
163,Joyce,Gilbert,jgilbert4i@histats.com,Female,124.197.47.42
164,Donald,Brooks,dbrooks4j@washington.edu,Male,201.112.232.26
165,Carol,Campbell,ccampbell4k@jigsy.com,Female,171.67.47.247
166,Teresa,Hughes,thughes4l@ibm.com,Female,83.227.8.96
167,Joseph,Chavez,jchavez4m@storify.com,Male,219.141.220.146
168,Nicholas,Mitchell,nmitchell4n@wordpress.com,Male,80.116.49.5
169,Thomas,Henry,thenry4o@delicious.com,Male,165.0.226.216
170,Edward,Williamson,ewilliamson4p@wiley.com,Male,190.33.121.48
171,Robin,Russell,rrussell4q@msn.com,Female,83.116.143.66
172,Catherine,Perkins,cperkins4r@woothemes.com,Female,199.98.104.239
173,Sarah,Butler,sbutler4s@cdc.gov,Female,53.26.11.33
174,David,Carpenter,dcarpenter4t@prweb.com,Male,192.70.13.52
175,Anna,Willis,awillis4u@meetup.com,Female,125.93.245.24
176,Irene,Montgomery,imontgomery4v@soup.io,Female,192.73.177.90
177,Theresa,Stevens,tstevens4w@artisteer.com,Female,40.51.237.91
178,Richard,Kim,rkim4x@jigsy.com,Male,92.174.72.1
179,Melissa,Gutierrez,mgutierrez4y@weather.com,Female,156.18.13.129
180,Roger,Thompson,rthompson4z@ftc.gov,Male,159.85.154.5
181,Shirley,Cook,scook50@fotki.com,Female,62.229.106.49
182,Elizabeth,Bishop,ebishop51@constantcontact.com,Female,229.146.205.206
183,Janice,Wells,jwells52@scribd.com,Female,53.181.63.46
184,Linda,Wilson,lwilson53@plala.or.jp,Female,239.248.16.47
185,Lawrence,Rogers,lrogers54@nhs.uk,Male,121.13.2.41
186,Donald,Crawford,dcrawford55@tmall.com,Male,243.131.8.101
187,Angela,Dunn,adunn56@list-manage.com,Female,127.32.48.97
188,Peter,Campbell,pcampbell57@mlb.com,Male,73.182.35.85
189,Jean,Castillo,jcastillo58@nasa.gov,Female,132.224.57.82
190,Louise,Bell,lbell59@marriott.com,Female,222.200.63.35
191,Walter,Gutierrez,wgutierrez5a@sun.com,Male,101.73.194.224
192,Debra,Gomez,dgomez5b@ehow.com,Female,150.159.133.211
193,Patricia,Robinson,probinson5c@newsvine.com,Female,32.196.224.62
194,Melissa,Harris,mharris5d@dion.ne.jp,Female,110.37.188.128
195,Rebecca,Lane,rlane5e@mashable.com,Female,62.184.43.111
196,Rose,Stevens,rstevens5f@bloglovin.com,Female,225.176.39.73
197,Gerald,Patterson,gpatterson5g@rediff.com,Male,209.229.114.68
198,Kimberly,Rivera,krivera5h@opera.com,Female,105.78.161.93
199,John,Burton,jburton5i@hibu.com,Male,17.18.34.253
200,Eric,Brown,ebrown5j@51.la,Male,53.47.70.230
201,Brian,Patterson,bpatterson5k@mlb.com,Male,226.48.230.10
202,Dorothy,Hicks,dhicks5l@home.pl,Female,222.147.29.153
203,Harold,Larson,hlarson5m@usda.gov,Male,104.128.14.43
204,Willie,Duncan,wduncan5n@wufoo.com,Male,121.232.6.154
205,Melissa,Morris,mmorris5o@earthlink.net,Female,167.117.140.80
206,Jeffrey,Reid,jreid5p@stumbleupon.com,Male,78.227.157.167
207,Keith,Clark,kclark5q@hao123.com,Male,39.140.160.189
208,David,Bryant,dbryant5r@chron.com,Male,244.43.152.140
209,Beverly,Harris,bharris5s@washington.edu,Female,97.18.72.123
210,Linda,Diaz,ldiaz5t@wunderground.com,Female,57.200.209.64
211,Richard,Baker,rbaker5u@quantcast.com,Male,105.38.8.110
212,Dennis,Fisher,dfisher5v@cdc.gov,Male,246.9.76.104
213,Ronald,Grant,rgrant5w@spotify.com,Male,20.0.134.220
214,Elizabeth,Thomas,ethomas5x@baidu.com,Female,72.20.17.240
215,Michael,Hanson,mhanson5y@rediff.com,Male,207.174.65.157
216,Kathy,Richards,krichards5z@cpanel.net,Female,30.214.100.29
217,Donna,Hicks,dhicks60@addthis.com,Female,188.119.52.41
218,Diana,Warren,dwarren61@blogtalkradio.com,Female,188.202.240.59
219,Jane,Andrews,jandrews62@posterous.com,Female,221.207.42.128
220,Pamela,Walker,pwalker63@tripod.com,Female,218.54.108.110
221,Angela,Morris,amorris64@fotki.com,Female,146.97.219.118
222,Joyce,Rice,jrice65@ca.gov,Female,0.130.139.100
223,Mildred,Price,mprice66@usa.gov,Female,247.77.209.23
224,Paul,Wells,pwells67@gmpg.org,Male,64.148.78.116
225,Daniel,James,djames68@howstuffworks.com,Male,122.171.32.221
226,Sharon,Ramos,sramos69@drupal.org,Female,72.18.50.81
227,Fred,Nichols,fnichols6a@bluehost.com,Male,210.251.240.85
228,Wayne,Martinez,wmartinez6b@bizjournals.com,Male,98.111.213.26
229,Diane,Alvarez,dalvarez6c@ifeng.com,Female,229.168.25.3
230,Emily,Nelson,enelson6d@prweb.com,Female,151.132.28.131
231,Stephanie,Hicks,shicks6e@skype.com,Female,36.187.166.233
232,Louis,Bradley,lbradley6f@i2i.jp,Male,89.232.251.174
233,Nancy,Sanders,nsanders6g@zimbio.com,Female,192.25.28.18
234,Antonio,Hudson,ahudson6h@msn.com,Male,235.174.200.78
235,Samuel,Peterson,speterson6i@apple.com,Male,166.104.147.76
236,Roy,Lee,rlee6j@furl.net,Male,71.248.42.86
237,Jose,Cox,jcox6k@ask.com,Male,212.97.168.251
238,Louis,Hayes,lhayes6l@gnu.org,Male,200.19.155.59
239,Angela,Carroll,acarroll6m@redcross.org,Female,6.43.136.25
240,Ruby,Coleman,rcoleman6n@google.com.br,Female,54.15.160.1
241,Marilyn,Moore,mmoore6o@wsj.com,Female,159.35.108.85
242,Ryan,Alvarez,ralvarez6p@networksolutions.com,Male,242.178.76.122
243,Nicole,Arnold,narnold6q@google.cn,Female,34.247.243.32
244,Mildred,Wright,mwright6r@about.com,Female,54.75.231.161
245,John,Frazier,jfrazier6s@cnn.com,Male,153.229.249.55
246,Louis,Fuller,lfuller6t@blogs.com,Male,9.144.2.62
247,Sharon,Garcia,sgarcia6u@about.com,Female,218.0.210.236
248,Susan,Woods,swoods6v@yolasite.com,Female,110.7.184.76
249,Louise,Palmer,lpalmer6w@un.org,Female,132.135.8.23
250,Michelle,Ramirez,mramirez6x@hexun.com,Female,76.165.123.98
251,Sarah,Knight,sknight6y@oaic.gov.au,Female,175.92.223.255
252,Robin,Elliott,relliott6z@rambler.ru,Female,229.254.220.64
253,Christina,Reynolds,creynolds70@amazon.com,Female,89.103.151.174
254,Rebecca,Ruiz,rruiz71@house.gov,Female,244.33.185.199
255,Robin,Fowler,rfowler72@oaic.gov.au,Female,165.117.249.66
256,Donald,Turner,dturner73@ibm.com,Male,205.152.63.77
257,Carolyn,Morgan,cmorgan74@ted.com,Female,98.32.213.230
258,Helen,Bowman,hbowman75@woothemes.com,Female,226.153.185.158
259,Judy,Rose,jrose76@google.ca,Female,25.153.9.212
260,Jose,Williamson,jwilliamson77@e-recht24.de,Male,211.65.244.226
261,Jennifer,Hernandez,jhernandez78@ask.com,Female,64.239.216.163
262,Barbara,Harris,bharris79@livejournal.com,Female,43.82.236.12
263,Carolyn,Carr,ccarr7a@dailymotion.com,Female,78.27.9.136
264,Brenda,Jenkins,bjenkins7b@ow.ly,Female,38.106.5.149
265,Jason,Cruz,jcruz7c@digg.com,Male,143.53.220.87
266,Thomas,Wallace,twallace7d@wikispaces.com,Male,121.218.63.168
267,Melissa,Hernandez,mhernandez7e@discuz.net,Female,96.139.228.11
268,Michelle,Wood,mwood7f@mail.ru,Female,246.14.25.159
269,James,Simpson,jsimpson7g@amazon.de,Male,174.203.109.94
270,Louise,James,ljames7h@artisteer.com,Female,167.122.19.121
271,Karen,Wallace,kwallace7i@mit.edu,Female,194.173.30.227
272,Laura,Ray,lray7j@salon.com,Female,244.144.148.195
273,George,Cunningham,gcunningham7k@stumbleupon.com,Male,207.122.97.30
274,Christine,Pierce,cpierce7l@marriott.com,Female,185.191.26.63
275,Gary,Freeman,gfreeman7m@addthis.com,Male,252.55.167.120
276,Frank,Robertson,frobertson7n@accuweather.com,Male,88.220.212.11
277,Alan,Anderson,aanderson7o@paypal.com,Male,145.123.25.110
278,Ruth,Bell,rbell7p@plala.or.jp,Female,205.195.204.72
279,Nicholas,Mccoy,nmccoy7q@forbes.com,Male,17.250.25.210
280,Gary,Marshall,gmarshall7r@spotify.com,Male,57.21.93.39
281,Cheryl,Daniels,cdaniels7s@stanford.edu,Female,76.43.199.116
282,Stephanie,Medina,smedina7t@naver.com,Female,239.71.228.59
283,Marilyn,Ortiz,mortiz7u@odnoklassniki.ru,Female,31.145.107.126
284,Doris,Ross,dross7v@ovh.net,Female,18.107.98.110
285,Douglas,Miller,dmiller7w@webs.com,Male,208.11.158.159
286,Maria,Ryan,mryan7x@opensource.org,Female,86.67.25.176
287,Roger,Miller,rmiller7y@fastcompany.com,Male,124.114.29.49
288,Emily,Gray,egray7z@indiegogo.com,Female,63.209.170.19
289,Samuel,Johnston,sjohnston80@drupal.org,Male,116.214.231.7
290,Gloria,Nelson,gnelson81@ask.com,Female,167.34.98.216
291,Jessica,Gilbert,jgilbert82@wikipedia.org,Female,238.184.49.217
292,Bonnie,Carr,bcarr83@cisco.com,Female,128.89.171.239
293,Justin,Spencer,jspencer84@samsung.com,Male,221.111.226.108
294,Amanda,Flores,aflores85@photobucket.com,Female,246.167.61.15
295,Nicole,Austin,naustin86@dailymail.co.uk,Female,96.106.73.190
296,Tammy,Martin,tmartin87@wunderground.com,Female,88.214.54.85
297,Ryan,Collins,rcollins88@washingtonpost.com,Male,209.196.223.162
298,Jennifer,Warren,jwarren89@google.cn,Female,93.133.84.15
299,Rachel,Johnston,rjohnston8a@wufoo.com,Female,41.234.7.75
300,Ruth,Lopez,rlopez8b@answers.com,Female,238.111.190.83
301,Laura,Frazier,lfrazier8c@issuu.com,Female,163.210.205.134
302,Margaret,Ramos,mramos8d@bloomberg.com,Female,50.100.45.243
303,Lisa,Gibson,lgibson8e@businesswire.com,Female,19.93.238.249
304,Ashley,Knight,aknight8f@bing.com,Female,254.13.204.5
305,Janice,Black,jblack8g@epa.gov,Female,104.4.89.213
306,Diana,Willis,dwillis8h@taobao.com,Female,105.130.58.129
307,Frank,Hamilton,fhamilton8i@bandcamp.com,Male,154.217.140.213
308,Walter,Williams,wwilliams8j@flickr.com,Male,247.132.30.250
309,Joan,Johnson,jjohnson8k@alexa.com,Female,185.118.76.6
310,Judy,Cruz,jcruz8l@gmpg.org,Female,68.60.199.15
311,Jacqueline,Johnston,jjohnston8m@mediafire.com,Female,171.49.169.248
312,Peter,Porter,pporter8n@bravesites.com,Male,243.94.100.207
313,Dennis,Cooper,dcooper8o@sohu.com,Male,40.252.94.70
314,Antonio,Williamson,awilliamson8p@umich.edu,Male,223.65.225.132
315,Scott,Mason,smason8q@mozilla.com,Male,85.72.15.129
316,Adam,Henderson,ahenderson8r@boston.com,Male,125.37.88.177
317,Craig,Patterson,cpatterson8s@guardian.co.uk,Male,73.99.248.73
318,Debra,Flores,dflores8t@oracle.com,Female,50.85.163.64
319,Sarah,Robertson,srobertson8u@google.com.hk,Female,221.61.140.23
320,Wayne,Price,wprice8v@gov.uk,Male,47.26.204.25
321,Peter,Black,pblack8w@creativecommons.org,Male,64.132.79.47
322,Patricia,Daniels,pdaniels8x@ted.com,Female,118.217.142.194
323,James,Cox,jcox8y@163.com,Male,117.189.120.174
324,Ashley,Garza,agarza8z@quantcast.com,Female,253.123.15.36
325,Annie,Ortiz,aortiz90@creativecommons.org,Female,116.223.178.14
326,Robert,Stephens,rstephens91@domainmarket.com,Male,180.200.85.208
327,Katherine,Lynch,klynch92@hostgator.com,Female,54.94.191.37
328,Ronald,Scott,rscott93@bloomberg.com,Male,73.74.166.164
329,Ann,Burton,aburton94@sogou.com,Female,129.184.227.183
330,Ashley,Taylor,ataylor95@army.mil,Female,233.233.91.212
331,Brian,Alexander,balexander96@cam.ac.uk,Male,104.167.40.78
332,Carl,Boyd,cboyd97@opera.com,Male,101.122.91.227
333,Howard,Warren,hwarren98@amazon.com,Male,241.112.34.65
334,Karen,Tucker,ktucker99@creativecommons.org,Female,79.186.222.151
335,Jimmy,Rogers,jrogers9a@cam.ac.uk,Male,153.130.115.247
336,Ruby,Myers,rmyers9b@npr.org,Female,174.117.160.246
337,Ryan,Morgan,rmorgan9c@webs.com,Male,244.232.209.214
338,Jacqueline,Hughes,jhughes9d@abc.net.au,Female,19.74.130.21
339,Roger,Webb,rwebb9e@ft.com,Male,58.201.39.149
340,Nicholas,Oliver,noliver9f@vinaora.com,Male,220.104.60.201
341,Sandra,Meyer,smeyer9g@zdnet.com,Female,96.24.187.63
342,Debra,Powell,dpowell9h@oaic.gov.au,Female,75.204.86.204
343,Stephanie,Hansen,shansen9i@imageshack.us,Female,235.113.102.182
344,Julia,Jordan,jjordan9j@netscape.com,Female,7.124.207.96
345,Lawrence,Nelson,lnelson9k@cbc.ca,Male,35.201.137.205
346,Patricia,Crawford,pcrawford9l@blog.com,Female,6.67.183.104
347,Christina,Richards,crichards9m@sina.com.cn,Female,48.121.255.60
348,Marie,Arnold,marnold9n@freewebs.com,Female,49.249.219.237
349,Patricia,Ross,pross9o@hhs.gov,Female,28.53.154.122
350,Louise,Mendoza,lmendoza9p@archive.org,Female,134.63.112.35
351,Lisa,Nguyen,lnguyen9q@unblog.fr,Female,143.209.244.122
352,Eugene,Young,eyoung9r@fema.gov,Male,120.190.50.180
353,Dennis,Boyd,dboyd9s@lulu.com,Male,210.186.213.124
354,Marie,Peterson,mpeterson9t@people.com.cn,Female,181.180.76.70
355,Judy,Diaz,jdiaz9u@ucoz.com,Female,91.231.52.59
356,Annie,Reyes,areyes9v@mozilla.com,Female,11.35.248.52
357,Randy,Watkins,rwatkins9w@diigo.com,Male,171.59.223.202
358,Irene,Romero,iromero9x@va.gov,Female,199.54.132.135
359,Randy,Fowler,rfowler9y@reverbnation.com,Male,43.59.37.124
360,Gerald,Gibson,ggibson9z@twitpic.com,Male,25.46.172.72
361,Jimmy,Watkins,jwatkinsa0@addtoany.com,Male,12.171.109.242
362,Doris,Ryan,dryana1@buzzfeed.com,Female,163.145.160.65
363,Brian,Foster,bfostera2@unblog.fr,Male,90.109.114.98
364,Lillian,Simmons,lsimmonsa3@youtube.com,Female,132.16.70.153
365,Joan,James,jjamesa4@toplist.cz,Female,54.148.117.132
366,Lois,Morales,lmoralesa5@redcross.org,Female,27.39.88.253
367,Anna,Griffin,agriffina6@vistaprint.com,Female,171.180.125.156
368,Harry,Harris,hharrisa7@hud.gov,Male,110.121.77.87
369,Linda,Gardner,lgardnera8@cnet.com,Female,64.196.120.100
370,Walter,Miller,wmillera9@hao123.com,Male,206.135.188.57
371,Katherine,Freeman,kfreemanaa@tinypic.com,Female,35.38.229.197
372,Adam,Vasquez,avasquezab@constantcontact.com,Male,222.40.247.193
373,Rebecca,Kelly,rkellyac@parallels.com,Female,240.234.167.149
374,Randy,Ward,rwardad@wp.com,Male,30.74.99.194
375,Jennifer,Ross,jrossae@cnet.com,Female,221.111.54.206
376,Amy,Foster,afosteraf@desdev.cn,Female,41.193.239.80
377,Billy,Nichols,bnicholsag@adobe.com,Male,33.134.36.133
378,Amanda,Pierce,apierceah@sbwire.com,Female,42.131.39.74
379,Lisa,Harrison,lharrisonai@soundcloud.com,Female,39.210.250.226
380,Kathryn,Burke,kburkeaj@twitter.com,Female,149.85.22.159
381,Kathryn,Day,kdayak@marriott.com,Female,48.213.72.171
382,Gregory,Flores,gfloresal@shinystat.com,Male,162.194.15.96
383,Keith,Owens,kowensam@examiner.com,Male,144.192.135.98
384,Anna,Adams,aadamsan@prnewswire.com,Female,5.65.184.168
385,Wayne,Bennett,wbennettao@cnbc.com,Male,234.176.91.181
386,Jason,Morgan,jmorganap@weebly.com,Male,251.98.96.141
387,Patricia,Peters,ppetersaq@instagram.com,Female,132.220.26.155
388,Kathryn,Sims,ksimsar@cdbaby.com,Female,11.84.165.186
389,Michael,Foster,mfosteras@nature.com,Male,74.27.6.198
390,Paula,Webb,pwebbat@buzzfeed.com,Female,67.72.29.209
391,Jason,George,jgeorgeau@cnn.com,Male,146.161.91.221
392,Rebecca,Foster,rfosterav@usgs.gov,Female,229.56.52.172
393,Lori,Campbell,lcampbellaw@last.fm,Female,179.32.86.235
394,Emily,Matthews,ematthewsax@amazon.de,Female,225.38.151.2
395,Helen,Richards,hrichardsay@vimeo.com,Female,107.120.128.90
396,Randy,Nelson,rnelsonaz@biblegateway.com,Male,65.169.79.105
397,Diana,Jenkins,djenkinsb0@usda.gov,Female,56.127.164.0
398,Thomas,Rodriguez,trodriguezb1@google.co.uk,Male,201.191.41.205
399,Roger,Chavez,rchavezb2@taobao.com,Male,20.35.0.254
400,Shawn,White,swhiteb3@mozilla.com,Male,142.11.4.90
401,Debra,Lane,dlaneb4@exblog.jp,Female,28.113.185.54
402,Melissa,Weaver,mweaverb5@flavors.me,Female,180.137.97.180
403,Brenda,Howard,bhowardb6@shinystat.com,Female,150.17.35.214
404,Marie,Collins,mcollinsb7@163.com,Female,195.40.11.239
405,Anne,Perry,aperryb8@flavors.me,Female,85.24.73.143
406,Denise,Young,dyoungb9@instagram.com,Female,199.149.107.162
407,Barbara,Morrison,bmorrisonba@nbcnews.com,Female,77.21.1.46
408,Peter,Hunt,phuntbb@bloomberg.com,Male,79.233.94.40
409,Daniel,Hernandez,dhernandezbc@freewebs.com,Male,139.24.233.175
410,Bruce,Phillips,bphillipsbd@wp.com,Male,27.184.232.204
411,David,Wilson,dwilsonbe@blogs.com,Male,27.201.124.121
412,Phyllis,Snyder,psnyderbf@1und1.de,Female,177.154.111.133
413,Betty,Weaver,bweaverbg@mediafire.com,Female,94.79.122.144
414,Gary,Bishop,gbishopbh@upenn.edu,Male,172.107.184.43
415,Harold,Gordon,hgordonbi@tumblr.com,Male,64.4.126.178
416,David,Jacobs,djacobsbj@canalblog.com,Male,131.201.253.138
417,Shirley,Clark,sclarkbk@fastcompany.com,Female,199.250.192.253
418,Antonio,Hart,ahartbl@furl.net,Male,60.97.130.201
419,Mildred,Garrett,mgarrettbm@statcounter.com,Female,57.14.85.141
420,Joan,Perry,jperrybn@twitter.com,Female,10.152.125.136
421,Julia,Peterson,jpetersonbo@tiny.cc,Female,135.105.6.54
422,Shirley,Ferguson,sfergusonbp@state.tx.us,Female,58.153.35.54
423,Rachel,Gray,rgraybq@chron.com,Female,23.22.37.11
424,Chris,Sanchez,csanchezbr@opensource.org,Male,211.244.81.65
425,Roger,Marshall,rmarshallbs@wikipedia.org,Male,77.25.232.102
426,Evelyn,Medina,emedinabt@time.com,Female,134.236.158.217
427,Donna,Elliott,delliottbu@slate.com,Female,84.1.156.145
428,Earl,Nguyen,enguyenbv@tuttocitta.it,Male,76.46.219.149
429,Randy,Diaz,rdiazbw@comcast.net,Male,107.119.149.206
430,Annie,Mcdonald,amcdonaldbx@huffingtonpost.com,Female,143.108.237.173
431,Brandon,Spencer,bspencerby@odnoklassniki.ru,Male,26.126.253.51
432,Matthew,Tucker,mtuckerbz@techcrunch.com,Male,107.36.123.74
433,Jennifer,Payne,jpaynec0@cyberchimps.com,Female,129.15.29.220
434,Jeffrey,Mitchell,jmitchellc1@canalblog.com,Male,166.208.9.232
435,Rose,Little,rlittlec2@skype.com,Female,191.193.67.102
436,Carl,Myers,cmyersc3@paypal.com,Male,95.186.12.60
437,Rachel,Taylor,rtaylorc4@smugmug.com,Female,48.55.206.86
438,Albert,Foster,afosterc5@live.com,Male,52.121.184.226
439,Annie,Jackson,ajacksonc6@rambler.ru,Female,92.192.62.155
440,Linda,Simmons,lsimmonsc7@eventbrite.com,Female,178.80.244.133
441,Bobby,Cunningham,bcunninghamc8@liveinternet.ru,Male,8.125.193.97
442,Eric,Warren,ewarrenc9@reuters.com,Male,131.130.225.86
443,Adam,Owens,aowensca@instagram.com,Male,61.193.196.195
444,Cynthia,Gonzalez,cgonzalezcb@salon.com,Female,83.52.164.162
445,Jeremy,Gonzales,jgonzalescc@lycos.com,Male,78.172.178.173
446,Albert,Patterson,apattersoncd@ibm.com,Male,29.47.152.59
447,Roger,Stone,rstonece@sina.com.cn,Male,110.45.102.69
448,Edward,Simpson,esimpsoncf@npr.org,Male,107.136.246.97
449,Diane,Simmons,dsimmonscg@twitpic.com,Female,16.77.137.254
450,Patrick,Hawkins,phawkinsch@shutterfly.com,Male,112.87.149.209
451,Gregory,Wright,gwrightci@answers.com,Male,42.175.241.124
452,Carolyn,Greene,cgreenecj@myspace.com,Female,244.111.35.182
453,Patrick,Roberts,probertsck@pbs.org,Male,171.130.47.251
454,Tammy,Arnold,tarnoldcl@topsy.com,Female,118.36.75.172
455,Kevin,Olson,kolsoncm@i2i.jp,Male,16.36.109.88
456,Jane,Little,jlittlecn@rambler.ru,Female,163.188.194.6
457,Cheryl,Hunter,chunterco@netlog.com,Female,109.226.63.88
458,Lawrence,Miller,lmillercp@exblog.jp,Male,70.66.125.32
459,Cynthia,Foster,cfostercq@163.com,Female,98.70.62.202
460,Harold,Owens,howenscr@creativecommons.org,Male,163.156.154.149
461,Rebecca,Powell,rpowellcs@census.gov,Female,58.54.9.233
462,Kelly,Arnold,karnoldct@naver.com,Female,56.34.164.53
463,Joan,Thomas,jthomascu@netvibes.com,Female,246.165.220.233
464,Catherine,Myers,cmyerscv@cnet.com,Female,87.213.183.183
465,Louis,Lopez,llopezcw@usatoday.com,Male,88.41.1.95
466,Lisa,Flores,lflorescx@prnewswire.com,Female,29.93.150.88
467,Randy,Clark,rclarkcy@ca.gov,Male,24.209.250.61
468,Dennis,Lynch,dlynchcz@nasa.gov,Male,68.149.95.38
469,Mary,Thomas,mthomasd0@upenn.edu,Female,46.27.247.57
470,George,Burton,gburtond1@about.me,Male,200.179.207.175
471,Denise,Hunter,dhunterd2@hp.com,Female,21.173.217.33
472,Martin,Hudson,mhudsond3@slashdot.org,Male,197.123.134.234
473,Donald,Cook,dcookd4@woothemes.com,Male,50.125.86.210
474,Jeremy,Coleman,jcolemand5@mozilla.com,Male,232.58.155.243
475,Jerry,Hudson,jhudsond6@cnbc.com,Male,185.147.226.93
476,Betty,Perkins,bperkinsd7@wikipedia.org,Female,42.251.243.197
477,Brenda,Schmidt,bschmidtd8@netscape.com,Female,132.79.50.168
478,Peter,Fowler,pfowlerd9@forbes.com,Male,162.251.126.93
479,Rebecca,Simmons,rsimmonsda@storify.com,Female,118.4.229.82
480,Norma,Wood,nwooddb@nationalgeographic.com,Female,183.165.199.200
481,Ashley,Webb,awebbdc@elegantthemes.com,Female,172.160.126.93
482,Amy,Reed,areeddd@constantcontact.com,Female,170.159.211.254
483,Doris,Collins,dcollinsde@telegraph.co.uk,Female,254.243.221.185
484,Bobby,Rodriguez,brodriguezdf@meetup.com,Male,34.180.113.85
485,Wayne,Mccoy,wmccoydg@answers.com,Male,215.18.52.47
486,Bruce,Wheeler,bwheelerdh@bluehost.com,Male,135.31.234.183
487,Joan,Wagner,jwagnerdi@icq.com,Female,19.95.204.73
488,Anne,Carr,acarrdj@mozilla.org,Female,216.197.85.247
489,Craig,Moreno,cmorenodk@oracle.com,Male,204.109.95.176
490,Victor,Taylor,vtaylordl@bigcartel.com,Male,162.139.133.92
491,Tina,Freeman,tfreemandm@unesco.org,Female,213.125.206.80
492,Anne,Chavez,achavezdn@thetimes.co.uk,Female,87.40.248.167
493,Gary,Arnold,garnolddo@acquirethisname.com,Male,227.207.198.37
494,Mark,Hawkins,mhawkinsdp@prlog.org,Male,237.5.204.183
495,Bruce,Jacobs,bjacobsdq@businessinsider.com,Male,176.97.120.54
496,Michelle,White,mwhitedr@gizmodo.com,Female,225.221.211.142
497,Eugene,Jordan,ejordands@tmall.com,Male,128.38.89.193
498,Stephen,Bryant,sbryantdt@skyrock.com,Male,153.70.176.141
499,Helen,Cole,hcoledu@netlog.com,Female,101.195.131.22
500,Diana,Wells,dwellsdv@ucoz.com,Female,11.87.233.183
501,Norma,Harvey,nharveydw@wunderground.com,Female,66.43.30.51
502,Brian,Howard,bhowarddx@prnewswire.com,Male,147.95.23.32
503,Kenneth,Hunt,khuntdy@bloglovin.com,Male,57.206.128.223
504,Gary,Stevens,gstevensdz@surveymonkey.com,Male,203.151.63.198
505,Samuel,Moreno,smorenoe0@usda.gov,Male,1.79.94.175
506,Mildred,Collins,mcollinse1@free.fr,Female,190.39.111.190
507,Mark,Payne,mpaynee2@dedecms.com,Male,174.5.174.112
508,Nicholas,Harper,nharpere3@answers.com,Male,83.83.136.71
509,Helen,Alexander,halexandere4@bbc.co.uk,Female,162.199.84.147
510,Jeffrey,Armstrong,jarmstronge5@netscape.com,Male,164.87.130.57
511,James,Carroll,jcarrolle6@devhub.com,Male,174.255.76.187
512,Andrew,Oliver,aolivere7@netscape.com,Male,54.56.48.220
513,Sharon,Flores,sflorese8@meetup.com,Female,191.214.250.149
514,Joyce,Lane,jlanee9@google.com.hk,Female,14.175.205.175
515,Diane,Marshall,dmarshallea@clickbank.net,Female,125.50.57.249
516,Kathy,Coleman,kcolemaneb@mozilla.org,Female,8.204.184.83
517,Joe,Watson,jwatsonec@istockphoto.com,Male,215.162.255.31
518,Kevin,Woods,kwoodsed@over-blog.com,Male,102.154.130.37
519,Timothy,Fisher,tfisheree@tripod.com,Male,50.202.159.160
520,Terry,Day,tdayef@barnesandnoble.com,Male,182.86.123.97
521,Carol,Williams,cwilliamseg@wix.com,Female,35.251.108.20
522,Virginia,Jacobs,vjacobseh@gov.uk,Female,7.44.27.238
523,Carlos,Mccoy,cmccoyei@dell.com,Male,10.154.252.223
524,Linda,Cruz,lcruzej@tinyurl.com,Female,242.40.200.153
525,Evelyn,Owens,eowensek@aboutads.info,Female,54.81.122.139
526,Billy,Ford,bfordel@unicef.org,Male,205.59.17.170
527,Diane,Myers,dmyersem@harvard.edu,Female,147.232.185.136
528,Anthony,Dean,adeanen@360.cn,Male,43.32.140.56
529,Debra,Gonzales,dgonzaleseo@eventbrite.com,Female,107.199.189.149
530,Richard,Crawford,rcrawfordep@aboutads.info,Male,72.43.219.8
531,Martin,Phillips,mphillipseq@amazonaws.com,Male,230.228.9.95
532,Robert,Ramos,rramoser@fastcompany.com,Male,128.62.211.87
533,Alice,Mitchell,amitchelles@techcrunch.com,Female,71.123.216.191
534,Douglas,Carroll,dcarrollet@artisteer.com,Male,88.65.244.220
535,Daniel,Lynch,dlyncheu@networkadvertising.org,Male,182.87.34.162
536,Jean,Armstrong,jarmstrongev@upenn.edu,Female,86.154.80.220
537,Joe,Snyder,jsnyderew@utexas.edu,Male,113.249.233.78
538,Cheryl,George,cgeorgeex@over-blog.com,Female,113.133.237.80
539,Aaron,Martin,amartiney@nifty.com,Male,105.120.144.171
540,Jeffrey,Baker,jbakerez@go.com,Male,237.229.73.96
541,Carol,Morales,cmoralesf0@netvibes.com,Female,147.255.79.166
542,Jacqueline,Clark,jclarkf1@diigo.com,Female,191.216.169.100
543,Howard,Price,hpricef2@elegantthemes.com,Male,215.88.166.38
544,Julia,Carroll,jcarrollf3@twitpic.com,Female,75.48.41.105
545,Frances,Johnson,fjohnsonf4@house.gov,Female,209.15.4.118
546,Gloria,Dixon,gdixonf5@buzzfeed.com,Female,101.123.161.41
547,Chris,Bennett,cbennettf6@phoca.cz,Male,29.193.174.1
548,Gary,Little,glittlef7@constantcontact.com,Male,68.17.251.192
549,Ann,Fowler,afowlerf8@clickbank.net,Female,179.104.12.29
550,Cynthia,Clark,cclarkf9@comcast.net,Female,169.108.85.64
551,Janet,Ramirez,jramirezfa@ycombinator.com,Female,27.179.61.83
552,Juan,Stevens,jstevensfb@mit.edu,Male,72.79.163.129
553,Antonio,Sims,asimsfc@cnet.com,Male,69.221.224.112
554,Emily,Edwards,eedwardsfd@hugedomains.com,Female,239.159.47.102
555,Frank,Holmes,fholmesfe@ed.gov,Male,136.79.134.240
556,Ryan,Harrison,rharrisonff@jimdo.com,Male,16.204.145.18
557,Ruth,Gardner,rgardnerfg@tinypic.com,Female,178.243.104.122
558,Linda,Morales,lmoralesfh@storify.com,Female,235.98.128.162
559,Melissa,Payne,mpaynefi@nydailynews.com,Female,236.122.157.160
560,Angela,Harris,aharrisfj@fastcompany.com,Female,224.226.120.57
561,Sharon,Boyd,sboydfk@comsenz.com,Female,120.20.48.6
562,Nancy,Rogers,nrogersfl@goodreads.com,Female,10.36.77.10
563,Kathryn,Nichols,knicholsfm@reference.com,Female,177.188.176.38
564,Melissa,Kennedy,mkennedyfn@miitbeian.gov.cn,Female,38.216.224.131
565,Jessica,Ward,jwardfo@etsy.com,Female,206.10.179.112
566,Thomas,Chapman,tchapmanfp@ox.ac.uk,Male,130.169.249.82
567,Amanda,Miller,amillerfq@360.cn,Female,245.209.219.126
568,Emily,Stephens,estephensfr@blinklist.com,Female,122.213.74.236
569,Phillip,Mills,pmillsfs@cbc.ca,Male,101.36.19.209
570,Edward,White,ewhiteft@sina.com.cn,Male,161.85.23.174
571,Dorothy,Freeman,dfreemanfu@jalbum.net,Female,2.118.115.118
572,Alice,George,ageorgefv@nymag.com,Female,147.149.195.252
573,Diana,Perry,dperryfw@usa.gov,Female,19.51.226.243
574,Janet,Hughes,jhughesfx@creativecommons.org,Female,253.252.23.28
575,Katherine,Stephens,kstephensfy@netscape.com,Female,144.7.192.176
576,Evelyn,Ryan,eryanfz@twitpic.com,Female,58.21.103.192
577,Jean,Jacobs,jjacobsg0@exblog.jp,Female,56.151.3.67
578,Paula,Price,ppriceg1@dot.gov,Female,85.129.205.182
579,Lisa,Johnson,ljohnsong2@sphinn.com,Female,36.16.46.245
580,Denise,Austin,dausting3@163.com,Female,203.90.114.38
581,Patricia,Perry,pperryg4@theglobeandmail.com,Female,45.253.248.101
582,Ryan,Greene,rgreeneg5@51.la,Male,76.122.214.65
583,Martha,Owens,mowensg6@loc.gov,Female,37.187.48.141
584,Anne,Franklin,afrankling7@bizjournals.com,Female,180.77.102.209
585,Jeremy,Rice,jriceg8@reverbnation.com,Male,1.63.36.136
586,Jessica,Gray,jgrayg9@so-net.ne.jp,Female,12.10.56.243
587,Amanda,Nelson,anelsonga@sohu.com,Female,166.172.235.135
588,Walter,Welch,wwelchgb@instagram.com,Male,87.114.167.241
589,Roy,Grant,rgrantgc@xrea.com,Male,235.81.165.253
590,Terry,Bailey,tbaileygd@yellowbook.com,Male,100.31.177.39
591,Jack,Boyd,jboydge@craigslist.org,Male,186.121.177.247
592,Helen,Howell,hhowellgf@cargocollective.com,Female,133.22.120.231
593,Philip,Johnson,pjohnsongg@mayoclinic.com,Male,207.56.217.109
594,Margaret,Woods,mwoodsgh@discovery.com,Female,13.132.15.19
595,Annie,Garcia,agarciagi@home.pl,Female,196.45.29.92
596,Ruby,Simmons,rsimmonsgj@livejournal.com,Female,219.77.10.62
597,Tina,Gutierrez,tgutierrezgk@disqus.com,Female,150.88.87.74
598,Emily,Ramirez,eramirezgl@merriam-webster.com,Female,62.233.17.187
599,Christina,Watkins,cwatkinsgm@tinypic.com,Female,210.57.224.170
600,Larry,Thomas,lthomasgn@topsy.com,Male,245.145.4.122
601,Jeremy,Williams,jwilliamsgo@netscape.com,Male,15.204.255.115
602,Thomas,Nichols,tnicholsgp@aboutads.info,Male,197.137.193.55
603,Christopher,Hunter,chuntergq@goo.gl,Male,89.57.100.21
604,Antonio,Elliott,aelliottgr@usnews.com,Male,114.151.225.82
605,Carl,Lawrence,clawrencegs@soundcloud.com,Male,67.137.151.81
606,Chris,Jordan,cjordangt@nhs.uk,Male,164.119.31.184
607,Paula,Fox,pfoxgu@engadget.com,Female,9.11.78.108
608,Samuel,Moreno,smorenogv@topsy.com,Male,237.243.53.243
609,Virginia,Gray,vgraygw@example.com,Female,218.18.247.142
610,Margaret,West,mwestgx@europa.eu,Female,24.26.51.100
611,Jane,Sanchez,jsanchezgy@friendfeed.com,Female,170.135.148.236
612,Mildred,Lee,mleegz@illinois.edu,Female,229.255.143.239
613,Betty,Andrews,bandrewsh0@google.co.uk,Female,74.63.131.33
614,Ronald,Riley,rrileyh1@amazonaws.com,Male,246.54.114.219
615,James,Howell,jhowellh2@google.com.br,Male,58.115.107.191
616,Anne,Burns,aburnsh3@deliciousdays.com,Female,135.44.127.156
617,Ruby,Allen,rallenh4@ftc.gov,Female,215.5.141.150
618,Gerald,Wright,gwrighth5@ezinearticles.com,Male,221.86.166.140
619,Adam,Cooper,acooperh6@flickr.com,Male,158.138.169.99
620,Carol,Simpson,csimpsonh7@scientificamerican.com,Female,136.3.198.41
621,Antonio,Daniels,adanielsh8@meetup.com,Male,100.19.158.20
622,Ralph,Anderson,randersonh9@clickbank.net,Male,116.41.162.89
623,Fred,Johnston,fjohnstonha@hubpages.com,Male,76.62.207.41
624,Deborah,Elliott,delliotthb@fema.gov,Female,160.155.95.10
625,Debra,Payne,dpaynehc@merriam-webster.com,Female,193.92.240.201
626,Rebecca,Black,rblackhd@gravatar.com,Female,75.232.62.45
627,Jane,Patterson,jpattersonhe@github.io,Female,9.19.117.206
628,Beverly,Gibson,bgibsonhf@youku.com,Female,69.101.237.129
629,Sharon,Castillo,scastillohg@acquirethisname.com,Female,175.125.183.54
630,Anthony,Shaw,ashawhh@geocities.com,Male,13.53.190.62
631,Teresa,Lawrence,tlawrencehi@engadget.com,Female,56.191.123.169
632,Edward,Carr,ecarrhj@bigcartel.com,Male,174.132.134.23
633,Kenneth,Harrison,kharrisonhk@apache.org,Male,20.123.103.162
634,Denise,Brooks,dbrookshl@howstuffworks.com,Female,17.131.253.126
635,Edward,Gonzalez,egonzalezhm@devhub.com,Male,104.71.196.219
636,Sean,Ward,swardhn@jimdo.com,Male,141.183.140.229
637,Antonio,Gutierrez,agutierrezho@hhs.gov,Male,179.159.38.37
638,Jeffrey,Graham,jgrahamhp@joomla.org,Male,35.82.134.122
639,Jason,Thompson,jthompsonhq@jigsy.com,Male,247.204.214.230
640,Emily,Fuller,efullerhr@princeton.edu,Female,109.189.123.62
641,Lisa,Lopez,llopezhs@feedburner.com,Female,161.92.200.184
642,Kimberly,Cooper,kcooperht@alibaba.com,Female,91.132.126.227
643,Adam,Stone,astonehu@cyberchimps.com,Male,86.75.119.54
644,Stephen,Black,sblackhv@shop-pro.jp,Male,34.230.244.112
645,Eric,Arnold,earnoldhw@dot.gov,Male,225.236.21.219
646,Ernest,Day,edayhx@princeton.edu,Male,31.239.139.68
647,Russell,Flores,rfloreshy@goo.gl,Male,251.113.14.21
648,Sharon,Willis,swillishz@topsy.com,Female,76.114.234.105
649,Bobby,Frazier,bfrazieri0@dedecms.com,Male,21.65.32.197
650,Norma,Collins,ncollinsi1@cyberchimps.com,Female,129.84.47.18
651,Jesse,Taylor,jtaylori2@slate.com,Male,148.80.20.188
652,Louis,Chavez,lchavezi3@wordpress.com,Male,79.174.213.33
653,Janet,Burton,jburtoni4@mediafire.com,Female,246.46.57.244
654,Amanda,Howard,ahowardi5@earthlink.net,Female,128.124.115.70
655,Christine,Moreno,cmorenoi6@typepad.com,Female,115.137.218.0
656,Sarah,Bailey,sbaileyi7@acquirethisname.com,Female,14.45.164.125
657,Ralph,Andrews,randrewsi8@clickbank.net,Male,246.66.157.2
658,Joseph,Young,jyoungi9@princeton.edu,Male,128.8.242.193
659,Lois,Ford,lfordia@csmonitor.com,Female,117.45.105.204
660,Amy,Holmes,aholmesib@alibaba.com,Female,237.10.137.164
661,Laura,Dunn,ldunnic@liveinternet.ru,Female,121.80.146.49
662,Douglas,Fowler,dfowlerid@patch.com,Male,20.73.120.203
663,Jack,Sanchez,jsanchezie@google.pl,Male,127.187.126.134
664,Judith,Crawford,jcrawfordif@naver.com,Female,101.199.26.55
665,Arthur,Reid,areidig@opera.com,Male,72.251.203.3
666,Frances,Mcdonald,fmcdonaldih@chron.com,Female,83.36.215.16
667,Theresa,Morris,tmorrisii@sun.com,Female,31.124.25.193
668,Marilyn,Martin,mmartinij@jimdo.com,Female,210.93.77.27
669,Janice,Roberts,jrobertsik@multiply.com,Female,196.100.11.49
670,Arthur,Hughes,ahughesil@answers.com,Male,13.236.55.94
671,Mary,Berry,mberryim@ow.ly,Female,163.201.48.240
672,Donald,Collins,dcollinsin@myspace.com,Male,102.16.29.101
673,Tina,Fox,tfoxio@cyberchimps.com,Female,116.160.180.220
674,Janice,Bishop,jbishopip@guardian.co.uk,Female,134.98.43.201
675,Joe,Sims,jsimsiq@msn.com,Male,83.160.251.56
676,Jesse,Morrison,jmorrisonir@wikimedia.org,Male,157.213.40.158
677,Katherine,Pierce,kpierceis@ebay.com,Female,189.176.204.66
678,Angela,Campbell,acampbellit@weebly.com,Female,78.0.140.64
679,Ronald,Carroll,rcarrolliu@ning.com,Male,193.127.195.60
680,Carolyn,Sanchez,csancheziv@merriam-webster.com,Female,196.115.206.139
681,Michael,Morgan,mmorganiw@ibm.com,Male,243.155.154.133
682,Steven,Martin,smartinix@intel.com,Male,0.190.45.100
683,Eugene,Mills,emillsiy@list-manage.com,Male,34.145.66.180
684,Pamela,Ferguson,pfergusoniz@twitter.com,Female,60.114.55.219
685,Norma,George,ngeorgej0@elegantthemes.com,Female,30.108.68.81
686,Anna,Arnold,aarnoldj1@ox.ac.uk,Female,49.111.84.16
687,Tina,Rivera,triveraj2@loc.gov,Female,247.223.86.209
688,Andrew,Powell,apowellj3@wordpress.org,Male,194.163.98.156
689,Henry,Burke,hburkej4@google.com,Male,124.251.14.145
690,Clarence,Washington,cwashingtonj5@privacy.gov.au,Male,236.219.144.123
691,Louise,Peters,lpetersj6@altervista.org,Female,150.56.188.2
692,Ruby,Stephens,rstephensj7@webnode.com,Female,14.177.27.234
693,Stephen,Miller,smillerj8@lycos.com,Male,83.176.173.153
694,Karen,Morgan,kmorganj9@tumblr.com,Female,150.113.33.24
695,Donna,Collins,dcollinsja@time.com,Female,64.93.142.108
696,Julia,Turner,jturnerjb@de.vu,Female,75.206.26.15
697,Deborah,Williamson,dwilliamsonjc@freewebs.com,Female,61.255.59.188
698,George,Hunter,ghunterjd@wired.com,Male,29.232.105.132
699,Bobby,Nelson,bnelsonje@pcworld.com,Male,23.106.93.116
700,Sarah,Long,slongjf@unicef.org,Female,225.11.232.159
701,Gregory,Chapman,gchapmanjg@networksolutions.com,Male,219.107.112.121
702,Sarah,Adams,sadamsjh@1und1.de,Female,122.31.216.45
703,Samuel,Flores,sfloresji@va.gov,Male,32.133.232.204
704,Theresa,Campbell,tcampbelljj@ebay.co.uk,Female,40.213.131.207
705,Ralph,Sims,rsimsjk@msu.edu,Male,197.99.191.162
706,Julia,Richards,jrichardsjl@ebay.com,Female,17.236.52.162
707,Evelyn,Romero,eromerojm@ameblo.jp,Female,150.94.184.63
708,Virginia,Stevens,vstevensjn@nih.gov,Female,35.142.28.166
709,Paula,Mason,pmasonjo@ifeng.com,Female,33.41.165.83
710,Heather,Cole,hcolejp@hexun.com,Female,169.123.234.251
711,Robin,Brooks,rbrooksjq@digg.com,Female,164.149.135.83
712,Gerald,Thomas,gthomasjr@ustream.tv,Male,68.143.97.58
713,Adam,Thomas,athomasjs@devhub.com,Male,147.96.47.239
714,Robin,Perry,rperryjt@yale.edu,Female,120.186.148.235
715,Carl,Black,cblackju@sakura.ne.jp,Male,34.123.189.138
716,Martin,Cunningham,mcunninghamjv@i2i.jp,Male,55.240.53.129
717,Anna,Perez,aperezjw@list-manage.com,Female,99.207.30.249
718,Brenda,Mason,bmasonjx@opensource.org,Female,15.229.96.175
719,Victor,Garrett,vgarrettjy@cafepress.com,Male,26.146.192.11
720,Jessica,Ruiz,jruizjz@ihg.com,Female,35.215.47.39
721,Ruth,Gray,rgrayk0@google.pl,Female,11.162.226.6
722,Jean,Patterson,jpattersonk1@china.com.cn,Female,221.160.106.251
723,Virginia,Henry,vhenryk2@example.com,Female,162.159.180.170
724,Robert,Wheeler,rwheelerk3@china.com.cn,Male,98.19.244.214
725,Diana,Romero,dromerok4@live.com,Female,238.97.118.62
726,Aaron,Anderson,aandersonk5@angelfire.com,Male,86.65.13.141
727,Jeffrey,Taylor,jtaylork6@bloglines.com,Male,221.215.109.168
728,Norma,Schmidt,nschmidtk7@sciencedaily.com,Female,152.216.207.140
729,Kevin,Gonzalez,kgonzalezk8@istockphoto.com,Male,123.163.21.246
730,Philip,Dean,pdeank9@go.com,Male,26.86.62.75
731,Martin,Burton,mburtonka@chron.com,Male,200.159.252.252
732,Larry,Fields,lfieldskb@bloglines.com,Male,234.70.212.179
733,Douglas,Sanchez,dsanchezkc@webmd.com,Male,113.9.8.225
734,Johnny,Washington,jwashingtonkd@cdc.gov,Male,100.239.37.245
735,Joe,Anderson,jandersonke@chron.com,Male,45.34.40.75
736,Lori,Barnes,lbarneskf@archive.org,Female,158.126.233.126
737,Wayne,Shaw,wshawkg@mac.com,Male,148.185.17.117
738,Earl,Foster,efosterkh@house.gov,Male,126.111.215.162
739,Joseph,Alexander,jalexanderki@webnode.com,Male,118.237.42.15
740,Harold,Lynch,hlynchkj@csmonitor.com,Male,93.154.206.190
741,Lisa,Welch,lwelchkk@amazonaws.com,Female,135.183.174.163
742,Gloria,Ramos,gramoskl@sfgate.com,Female,147.134.224.193
743,Joshua,Harper,jharperkm@businessweek.com,Male,72.127.61.45
744,Lillian,Harper,lharperkn@army.mil,Female,89.50.97.130
745,Kevin,Murray,kmurrayko@ifeng.com,Male,60.247.175.229
746,Teresa,Powell,tpowellkp@1und1.de,Female,40.178.210.60
747,Lawrence,Davis,ldaviskq@amazon.de,Male,196.42.241.254
748,Heather,Sims,hsimskr@woothemes.com,Female,122.48.13.137
749,Helen,Bryant,hbryantks@51.la,Female,62.185.209.68
750,John,Stephens,jstephenskt@microsoft.com,Male,173.160.253.9
751,Gregory,Wells,gwellsku@eepurl.com,Male,46.167.118.173
752,Christine,Ramos,cramoskv@bravesites.com,Female,169.113.139.241
753,David,Anderson,dandersonkw@dot.gov,Male,95.37.149.43
754,Diana,Palmer,dpalmerkx@tuttocitta.it,Female,212.3.14.37
755,Eugene,Larson,elarsonky@netscape.com,Male,193.151.82.226
756,Lisa,Oliver,loliverkz@gmpg.org,Female,89.93.119.9
757,Carolyn,Arnold,carnoldl0@reddit.com,Female,125.36.98.185
758,Debra,Andrews,dandrewsl1@spiegel.de,Female,182.253.13.10
759,Emily,Vasquez,evasquezl2@howstuffworks.com,Female,89.185.91.67
760,Sharon,Perez,sperezl3@forbes.com,Female,132.139.56.70
761,Jeffrey,Evans,jevansl4@umich.edu,Male,119.248.82.28
762,Wanda,Wood,wwoodl5@howstuffworks.com,Female,107.172.252.94
763,William,Harper,wharperl6@cnet.com,Male,61.216.44.240
764,Jason,Hunter,jhunterl7@barnesandnoble.com,Male,221.228.123.104
765,Willie,Hughes,whughesl8@delicious.com,Male,118.112.220.131
766,Joseph,Morales,jmoralesl9@ibm.com,Male,228.69.160.82
767,Tammy,Thomas,tthomasla@cisco.com,Female,227.99.120.162
768,Pamela,Bishop,pbishoplb@google.de,Female,197.166.127.158
769,Stephanie,Gray,sgraylc@samsung.com,Female,198.120.169.106
770,Pamela,Adams,padamsld@livejournal.com,Female,137.229.19.62
771,Thomas,Williamson,twilliamsonle@china.com.cn,Male,22.145.244.238
772,Anthony,Dixon,adixonlf@studiopress.com,Male,4.38.207.209
773,Andrew,Castillo,acastillolg@wunderground.com,Male,27.94.0.204
774,Tammy,Sanchez,tsanchezlh@ehow.com,Female,131.239.222.229
775,Rose,Morrison,rmorrisonli@domainmarket.com,Female,228.168.194.194
776,Willie,Riley,wrileylj@apple.com,Male,195.154.173.249
777,Louis,Clark,lclarklk@cnbc.com,Male,186.231.128.162
778,Gregory,Kelley,gkelleyll@jimdo.com,Male,18.146.67.36
779,Todd,Willis,twillislm@weibo.com,Male,81.190.180.48
780,Annie,Taylor,ataylorln@nih.gov,Female,82.24.111.108
781,Joseph,Payne,jpaynelo@godaddy.com,Male,223.194.187.53
782,Julia,Schmidt,jschmidtlp@unblog.fr,Female,212.207.51.211
783,Randy,Burns,rburnslq@deviantart.com,Male,46.204.147.120
784,Ruth,Fox,rfoxlr@alexa.com,Female,118.110.55.72
785,James,Gordon,jgordonls@engadget.com,Male,212.71.53.82
786,Joshua,Ray,jraylt@jimdo.com,Male,226.194.72.184
787,Johnny,Carr,jcarrlu@cmu.edu,Male,10.73.248.117
788,Louise,Lewis,llewislv@ehow.com,Female,163.31.85.86
789,Gregory,Johnson,gjohnsonlw@blinklist.com,Male,186.164.164.58
790,John,Hudson,jhudsonlx@spotify.com,Male,51.153.100.75
791,Ruth,Scott,rscottly@weather.com,Female,105.203.71.215
792,Philip,Rivera,priveralz@wufoo.com,Male,34.211.7.226
793,Angela,Green,agreenm0@istockphoto.com,Female,69.25.155.234
794,Maria,Parker,mparkerm1@phpbb.com,Female,164.225.152.76
795,Terry,Evans,tevansm2@cocolog-nifty.com,Male,197.19.127.173
796,Irene,Crawford,icrawfordm3@ed.gov,Female,173.198.45.162
797,Bruce,Chapman,bchapmanm4@sfgate.com,Male,112.234.157.131
798,Larry,Payne,lpaynem5@163.com,Male,140.234.23.255
799,Ruth,Harris,rharrism6@hexun.com,Female,216.234.126.19
800,Scott,Frazier,sfrazierm7@acquirethisname.com,Male,213.81.141.219
801,Sharon,Adams,sadamsm8@apple.com,Female,77.235.208.137
802,Alan,Armstrong,aarmstrongm9@icq.com,Male,231.201.128.99
803,Larry,Garcia,lgarciama@geocities.com,Male,199.29.188.75
804,Doris,Austin,daustinmb@cbslocal.com,Female,111.108.255.161
805,Angela,Vasquez,avasquezmc@indiatimes.com,Female,70.247.106.249
806,Craig,Brooks,cbrooksmd@gmpg.org,Male,133.134.239.160
807,Mildred,Mitchell,mmitchellme@parallels.com,Female,13.18.121.181
808,Christopher,Taylor,ctaylormf@fda.gov,Male,67.177.90.234
809,Ann,Dean,adeanmg@chronoengine.com,Female,152.191.102.159
810,Carol,Grant,cgrantmh@tuttocitta.it,Female,134.92.144.234
811,Craig,Matthews,cmatthewsmi@nasa.gov,Male,214.126.144.67
812,Joe,Little,jlittlemj@wsj.com,Male,45.181.7.165
813,Antonio,Hughes,ahughesmk@woothemes.com,Male,69.50.156.241
814,Kevin,King,kkingml@freewebs.com,Male,70.222.227.128
815,Kenneth,Fields,kfieldsmm@oracle.com,Male,35.191.92.73
816,Sarah,Sims,ssimsmn@clickbank.net,Female,122.217.160.75
817,Pamela,Spencer,pspencermo@columbia.edu,Female,141.81.196.157
818,Arthur,Gilbert,agilbertmp@cyberchimps.com,Male,21.26.156.131
819,William,Ferguson,wfergusonmq@forbes.com,Male,171.211.214.183
820,Antonio,Mitchell,amitchellmr@usatoday.com,Male,36.242.198.163
821,Ryan,Roberts,rrobertsms@ebay.co.uk,Male,119.108.192.46
822,Debra,Nelson,dnelsonmt@cmu.edu,Female,1.101.85.174
823,Frances,Fuller,ffullermu@squarespace.com,Female,126.116.98.40
824,Diane,Richardson,drichardsonmv@weebly.com,Female,193.43.242.194
825,David,Moreno,dmorenomw@163.com,Male,163.55.80.18
826,Billy,Mason,bmasonmx@forbes.com,Male,157.253.100.87
827,Joseph,Hicks,jhicksmy@constantcontact.com,Male,25.251.62.45
828,Aaron,Snyder,asnydermz@washingtonpost.com,Male,173.58.237.94
829,Sara,Romero,sromeron0@purevolume.com,Female,24.80.236.187
830,Jean,Sullivan,jsullivann1@jimdo.com,Female,128.39.202.47
831,Russell,Griffin,rgriffinn2@marriott.com,Male,173.66.222.221
832,Teresa,Scott,tscottn3@cam.ac.uk,Female,65.74.123.236
833,Robert,Alvarez,ralvarezn4@unc.edu,Male,203.91.116.184
834,Douglas,Reynolds,dreynoldsn5@flavors.me,Male,121.243.177.175
835,Sharon,Jenkins,sjenkinsn6@census.gov,Female,181.114.123.20
836,Roy,Stone,rstonen7@lycos.com,Male,0.145.189.43
837,Sandra,Hart,shartn8@delicious.com,Female,213.87.125.78
838,Carolyn,Shaw,cshawn9@mediafire.com,Female,74.202.183.21
839,Bruce,Anderson,bandersonna@imageshack.us,Male,32.22.102.250
840,William,Schmidt,wschmidtnb@surveymonkey.com,Male,129.195.156.113
841,Anna,Owens,aowensnc@merriam-webster.com,Female,188.14.250.202
842,Paula,Hamilton,phamiltonnd@npr.org,Female,250.198.241.62
843,Anne,Shaw,ashawne@spiegel.de,Female,204.228.193.232
844,Antonio,Coleman,acolemannf@nature.com,Male,29.209.200.198
845,Lillian,Reid,lreidng@apple.com,Female,166.156.177.109
846,Irene,Wells,iwellsnh@timesonline.co.uk,Female,29.47.31.151
847,Nicole,King,nkingni@unc.edu,Female,145.241.121.220
848,Anthony,Graham,agrahamnj@nbcnews.com,Male,15.137.9.93
849,Rebecca,Edwards,redwardsnk@nps.gov,Female,227.246.192.157
850,Margaret,Peters,mpetersnl@vimeo.com,Female,207.243.198.213
851,Sarah,Reyes,sreyesnm@wikipedia.org,Female,56.189.133.166
852,Maria,Gonzalez,mgonzaleznn@gizmodo.com,Female,0.111.93.150
853,Anthony,Garcia,agarciano@mysql.com,Male,208.189.217.74
854,Kathryn,Campbell,kcampbellnp@webnode.com,Female,18.7.65.38
855,Melissa,Arnold,marnoldnq@delicious.com,Female,36.193.224.245
856,Helen,Hunt,hhuntnr@ezinearticles.com,Female,194.149.218.126
857,Rebecca,Lewis,rlewisns@upenn.edu,Female,238.109.117.130
858,George,Dixon,gdixonnt@blogs.com,Male,194.45.192.209
859,Anna,Graham,agrahamnu@mediafire.com,Female,253.232.146.145
860,Larry,Cox,lcoxnv@bandcamp.com,Male,91.29.36.195
861,Susan,Allen,sallennw@howstuffworks.com,Female,42.7.15.11
862,Cynthia,Thompson,cthompsonnx@edublogs.org,Female,49.237.233.244
863,Charles,Jones,cjonesny@ihg.com,Male,209.229.189.238
864,Evelyn,Richardson,erichardsonnz@furl.net,Female,134.250.8.94
865,Joyce,Turner,jturnero0@constantcontact.com,Female,150.171.153.137
866,Kelly,Williams,kwilliamso1@springer.com,Female,189.242.130.41
867,Harry,Henry,hhenryo2@cyberchimps.com,Male,130.67.175.168
868,Shawn,Dixon,sdixono3@51.la,Male,206.89.223.47
869,Jennifer,Berry,jberryo4@twitter.com,Female,19.166.16.2
870,Peter,Robertson,probertsono5@hatena.ne.jp,Male,170.160.24.106
871,Janet,Mccoy,jmccoyo6@scientificamerican.com,Female,183.234.195.176
872,Samuel,Morrison,smorrisono7@twitter.com,Male,143.197.88.48
873,Russell,Hawkins,rhawkinso8@homestead.com,Male,69.245.64.152
874,Antonio,Campbell,acampbello9@loc.gov,Male,118.184.102.77
875,Anna,Stanley,astanleyoa@boston.com,Female,123.115.208.144
876,Dorothy,Stewart,dstewartob@networksolutions.com,Female,91.3.250.244
877,Todd,Castillo,tcastillooc@amazonaws.com,Male,35.64.150.107
878,Timothy,Patterson,tpattersonod@techcrunch.com,Male,115.192.211.79
879,Laura,Sanchez,lsanchezoe@globo.com,Female,93.86.238.164
880,Sean,Marshall,smarshallof@cbc.ca,Male,202.149.67.150
881,Keith,Hunt,khuntog@opera.com,Male,2.91.125.143
882,Randy,Reyes,rreyesoh@biblegateway.com,Male,157.227.126.44
883,Jesse,Wells,jwellsoi@walmart.com,Male,100.26.104.183
884,Susan,Riley,srileyoj@cornell.edu,Female,129.248.125.200
885,Michelle,Stanley,mstanleyok@hubpages.com,Female,1.9.185.83
886,Phillip,Warren,pwarrenol@home.pl,Male,191.221.97.107
887,Fred,Stanley,fstanleyom@imgur.com,Male,88.196.219.168
888,Pamela,Fields,pfieldson@buzzfeed.com,Female,85.253.122.77
889,Joe,Elliott,jelliottoo@vinaora.com,Male,114.122.50.58
890,Robert,Chapman,rchapmanop@europa.eu,Male,43.0.202.42
891,Christopher,Hart,chartoq@hatena.ne.jp,Male,70.198.4.37
892,Jack,Wagner,jwagneror@purevolume.com,Male,203.17.133.101
893,Nicholas,Reyes,nreyesos@amazon.com,Male,229.139.202.243
894,Shirley,Young,syoungot@tmall.com,Female,154.116.152.195
895,Gerald,Rodriguez,grodriguezou@edublogs.org,Male,216.245.116.145
896,Charles,Stone,cstoneov@instagram.com,Male,65.121.230.103
897,Julie,Palmer,jpalmerow@youku.com,Female,210.112.57.110
898,Ralph,Bryant,rbryantox@e-recht24.de,Male,122.240.32.127
899,Sharon,Palmer,spalmeroy@icio.us,Female,15.75.127.137
900,Mary,Harrison,mharrisonoz@craigslist.org,Female,48.64.91.159
901,Catherine,Hamilton,chamiltonp0@loc.gov,Female,48.206.175.24
902,Jennifer,Hansen,jhansenp1@acquirethisname.com,Female,120.43.26.46
903,Rose,Pierce,rpiercep2@examiner.com,Female,28.154.58.101
904,Paul,Duncan,pduncanp3@businessinsider.com,Male,71.94.213.92
905,Terry,Hanson,thansonp4@ask.com,Male,0.16.99.53
906,Rebecca,Stevens,rstevensp5@wunderground.com,Female,82.237.21.163
907,Nicholas,Gardner,ngardnerp6@va.gov,Male,139.24.121.31
908,Todd,Hall,thallp7@yandex.ru,Male,60.157.210.33
909,Gerald,Weaver,gweaverp8@weibo.com,Male,146.153.94.56
910,Eric,Hughes,ehughesp9@seesaa.net,Male,230.108.231.49
911,Peter,Little,plittlepa@squidoo.com,Male,180.197.226.37
912,Kathy,Shaw,kshawpb@ocn.ne.jp,Female,107.156.115.47
913,Rachel,Webb,rwebbpc@nyu.edu,Female,164.197.46.27
914,Jonathan,Matthews,jmatthewspd@privacy.gov.au,Male,7.125.28.253
915,Justin,Pierce,jpiercepe@elpais.com,Male,179.27.130.183
916,Stephanie,Payne,spaynepf@xing.com,Female,123.174.60.78
917,Steven,Graham,sgrahampg@admin.ch,Male,52.19.104.12
918,Amy,Medina,amedinaph@tumblr.com,Female,214.198.50.172
919,Martin,Gibson,mgibsonpi@1688.com,Male,67.229.26.116
920,Lois,Ellis,lellispj@macromedia.com,Female,140.176.63.100
921,Marilyn,Wheeler,mwheelerpk@shop-pro.jp,Female,112.5.2.118
922,Phyllis,Cooper,pcooperpl@apple.com,Female,65.212.38.109
923,Victor,Wilson,vwilsonpm@hexun.com,Male,214.251.69.147
924,Anna,Campbell,acampbellpn@google.de,Female,236.107.182.238
925,Albert,Cooper,acooperpo@wp.com,Male,107.39.195.124
926,Martha,Lee,mleepp@dropbox.com,Female,227.203.38.18
927,Teresa,Rodriguez,trodriguezpq@mysql.com,Female,86.173.225.71
928,Carl,Hall,challpr@quantcast.com,Male,218.202.5.190
929,Andrea,Lynch,alynchps@google.pl,Female,198.222.177.64
930,Lois,Rice,lricept@umich.edu,Female,45.67.81.199
931,Daniel,Oliver,doliverpu@oaic.gov.au,Male,39.60.135.186
932,Jeremy,West,jwestpv@booking.com,Male,41.233.21.157
933,Jean,Russell,jrussellpw@marketwatch.com,Female,105.251.247.55
934,Chris,Banks,cbankspx@joomla.org,Male,225.157.38.206
935,Shawn,Harris,sharrispy@goo.gl,Male,242.205.72.50
936,Randy,Johnson,rjohnsonpz@miitbeian.gov.cn,Male,37.69.77.171
937,Jason,Lee,jleeq0@booking.com,Male,209.63.138.233
938,Jeffrey,Walker,jwalkerq1@cbslocal.com,Male,60.46.14.72
939,Ernest,Ruiz,eruizq2@furl.net,Male,68.73.251.110
940,Kelly,Fowler,kfowlerq3@bbb.org,Female,50.30.118.50
941,Karen,Ford,kfordq4@unblog.fr,Female,156.139.164.49
942,Kathryn,Fowler,kfowlerq5@taobao.com,Female,145.243.205.204
943,Maria,Day,mdayq6@posterous.com,Female,14.152.69.157
944,Stephanie,Reyes,sreyesq7@barnesandnoble.com,Female,127.174.69.92
945,Carolyn,Owens,cowensq8@dion.ne.jp,Female,150.71.251.3
946,Eric,Frazier,efrazierq9@cbsnews.com,Male,128.175.130.164
947,Margaret,Turner,mturnerqa@digg.com,Female,140.61.222.223
948,Betty,Hansen,bhansenqb@i2i.jp,Female,41.142.167.153
949,Susan,Wood,swoodqc@imgur.com,Female,9.133.233.204
950,Joshua,Jones,jjonesqd@e-recht24.de,Male,46.147.253.142
951,Alice,Simpson,asimpsonqe@house.gov,Female,24.201.160.255
952,Mark,Carr,mcarrqf@statcounter.com,Male,172.197.205.196
953,Chris,Austin,caustinqg@chron.com,Male,40.223.189.189
954,Diane,Fernandez,dfernandezqh@loc.gov,Female,188.85.8.128
955,Louis,Cox,lcoxqi@yale.edu,Male,173.116.1.225
956,Johnny,Banks,jbanksqj@cornell.edu,Male,218.141.3.126
957,Antonio,Perkins,aperkinsqk@cbsnews.com,Male,242.23.36.162
958,Donna,Taylor,dtaylorql@msn.com,Female,66.31.120.135
959,Christopher,Marshall,cmarshallqm@senate.gov,Male,26.99.168.146
960,Kathleen,Cooper,kcooperqn@issuu.com,Female,249.137.126.182
961,Lori,Patterson,lpattersonqo@jiathis.com,Female,26.130.42.9
962,Brenda,Lee,bleeqp@domainmarket.com,Female,73.212.219.20
963,Joan,Dean,jdeanqq@engadget.com,Female,44.165.118.30
964,Beverly,Howard,bhowardqr@walmart.com,Female,129.134.134.78
965,Steven,Lewis,slewisqs@amazon.de,Male,194.165.114.208
966,Jean,Burns,jburnsqt@sakura.ne.jp,Female,88.151.229.135
967,Ernest,Allen,eallenqu@posterous.com,Male,28.42.176.13
968,Michael,Hughes,mhughesqv@clickbank.net,Male,81.21.157.17
969,Sara,Matthews,smatthewsqw@noaa.gov,Female,239.155.222.103
970,Joyce,Freeman,jfreemanqx@netlog.com,Female,174.179.172.172
971,Carolyn,Robertson,crobertsonqy@usgs.gov,Female,234.16.24.5
972,Antonio,Bowman,abowmanqz@prweb.com,Male,251.178.198.213
973,Jacqueline,Ortiz,jortizr0@oakley.com,Female,129.114.253.8
974,Philip,Welch,pwelchr1@behance.net,Male,57.2.242.31
975,Todd,Flores,tfloresr2@baidu.com,Male,253.199.107.22
976,Ashley,Brown,abrownr3@mozilla.com,Female,212.52.64.37
977,Rachel,Carr,rcarrr4@umn.edu,Female,90.11.7.85
978,Marilyn,Romero,mromeror5@ameblo.jp,Female,131.58.119.74
979,Patricia,Reyes,preyesr6@ustream.tv,Female,133.14.218.220
980,Gerald,Myers,gmyersr7@bbb.org,Male,93.62.39.228
981,Jean,Thomas,jthomasr8@wsj.com,Female,254.190.138.137
982,Marilyn,Ellis,mellisr9@list-manage.com,Female,101.121.55.192
983,Robin,Morris,rmorrisra@amazon.co.uk,Female,162.159.229.75
984,Mark,Medina,mmedinarb@photobucket.com,Male,186.136.202.52
985,Angela,Jones,ajonesrc@prlog.org,Female,22.184.222.210
986,Robin,Black,rblackrd@godaddy.com,Female,160.77.179.141
987,Andrew,Brooks,abrooksre@hatena.ne.jp,Male,137.0.254.7
988,Irene,Montgomery,imontgomeryrf@kickstarter.com,Female,228.234.91.123
989,Clarence,Carroll,ccarrollrg@answers.com,Male,45.40.40.255
990,Kathleen,Cruz,kcruzrh@eventbrite.com,Female,134.85.92.179
991,Victor,Evans,vevansri@bizjournals.com,Male,16.195.231.55
992,Terry,Graham,tgrahamrj@ucsd.edu,Male,213.152.129.202
993,Lawrence,Kelly,lkellyrk@jiathis.com,Male,239.199.52.199
994,Janice,Young,jyoungrl@admin.ch,Female,223.253.56.130
995,James,Pierce,jpiercerm@accuweather.com,Male,212.136.94.65
996,Kathleen,Wilson,kwilsonrn@cbc.ca,Female,43.76.106.23
997,Barbara,Nelson,bnelsonro@scribd.com,Female,150.182.209.224
998,Albert,Baker,abakerrp@cornell.edu,Male,19.128.229.86
999,Gary,Foster,gfosterrq@hubpages.com,Male,235.6.70.94
1000,Victor,Willis,vwillisrr@slideshare.net,Male,7.117.92.249
