No_Empleado,Nombre,Departamento,Correo
1,Kathleen Daniels,Legal,kdaniels0@elpais.com
2,Beverly Edwards,Research and Development,bedwards1@flavors.me
3,Jeremy Garcia,Engineering,jgarcia2@army.mil
4,Amanda Parker,Research and Development,aparker3@google.cn
5,Martin Anderson,Human Resources,manderson4@berkeley.edu
6,Daniel Freeman,Support,dfreeman5@blinklist.com
7,Tammy Hayes,Training,thayes6@reddit.com
8,Howard Marshall,Sales,hmarshall7@biglobe.ne.jp
9,Ernest Grant,Engineering,egrant8@dion.ne.jp
10,Fred Johnson,Engineering,fjohnson9@tamu.edu
11,Mary Simmons,Business Development,msimmonsa@etsy.com
12,Chris Duncan,Business Development,cduncanb@bing.com
13,Martha Stevens,Marketing,mstevensc@wiley.com
14,Paula West,Marketing,pwestd@adobe.com
15,Dennis Fisher,Human Resources,dfishere@bravesites.com
16,Mildred Roberts,Research and Development,mrobertsf@lulu.com
17,Joe Willis,Training,jwillisg@youtube.com
18,Joe Johnston,Support,jjohnstonh@rambler.ru
19,Cynthia Palmer,Business Development,cpalmeri@comsenz.com
20,Ashley Reed,Support,areedj@sphinn.com
21,Ryan Bradley,Human Resources,rbradleyk@tmall.com
22,Adam Payne,Business Development,apaynel@opera.com
23,Ruth Ford,Business Development,rfordm@zimbio.com
24,Antonio Garza,Accounting,agarzan@ucsd.edu
25,Mildred Marshall,Accounting,mmarshallo@qq.com
26,Helen Gomez,Human Resources,hgomezp@etsy.com
27,Lori Gibson,Services,lgibsonq@yellowbook.com
28,Dorothy Henry,Human Resources,dhenryr@berkeley.edu
29,Jesse Watson,Training,jwatsons@clickbank.net
30,Elizabeth Turner,Human Resources,eturnert@scientificamerican.com
31,Bobby Tucker,Training,btuckeru@umn.edu
32,Heather King,Business Development,hkingv@shareasale.com
33,Judith Mccoy,Sales,jmccoyw@wikispaces.com
34,Anna Gonzalez,Support,agonzalezx@squarespace.com
35,Phillip Freeman,Research and Development,pfreemany@uol.com.br
36,Joan Fields,Services,jfieldsz@creativecommons.org
37,Jennifer Fowler,Sales,jfowler10@jugem.jp
38,Doris Price,Legal,dprice11@intel.com
39,Harry Torres,Sales,htorres12@springer.com
40,Joan Ferguson,Legal,jferguson13@phoca.cz
41,Christopher Ward,Sales,cward14@wordpress.org
42,James Fields,Training,jfields15@mozilla.com
43,Willie Hill,Business Development,whill16@usa.gov
44,Carolyn Parker,Research and Development,cparker17@ibm.com
45,Willie Fuller,Engineering,wfuller18@w3.org
46,Michelle Simpson,Marketing,msimpson19@forbes.com
47,Linda Kim,Accounting,lkim1a@bloglovin.com
48,Wanda Mendoza,Services,wmendoza1b@thetimes.co.uk
49,Richard Harvey,Legal,rharvey1c@fda.gov
50,Keith Bradley,Research and Development,kbradley1d@wufoo.com
51,Maria Ward,Training,mward1e@unesco.org
52,Victor Alvarez,Marketing,valvarez1f@cbslocal.com
53,Samuel Ray,Business Development,sray1g@de.vu
54,Antonio Nguyen,Business Development,anguyen1h@disqus.com
55,Annie Banks,Legal,abanks1i@wordpress.org
56,Virginia Richards,Business Development,vrichards1j@census.gov
57,Wanda Nguyen,Engineering,wnguyen1k@amazon.de
58,Stephen Thomas,Training,sthomas1l@irs.gov
59,Henry Alexander,Services,halexander1m@360.cn
60,Doris Ward,Services,dward1n@wunderground.com
61,Bruce Ross,Product Management,bross1o@blogger.com
62,Diane Gordon,Research and Development,dgordon1p@mtv.com
63,Elizabeth Jackson,Support,ejackson1q@goo.gl
64,Carlos Hawkins,Marketing,chawkins1r@google.ca
65,Virginia Patterson,Services,vpatterson1s@ted.com
66,Lois Ford,Research and Development,lford1t@parallels.com
67,Adam Griffin,Product Management,agriffin1u@unesco.org
68,Lori Powell,Business Development,lpowell1v@php.net
69,Timothy Rivera,Sales,trivera1w@biglobe.ne.jp
70,Raymond Hansen,Support,rhansen1x@discuz.net
71,Jack Wells,Research and Development,jwells1y@chicagotribune.com
72,Linda Fowler,Product Management,lfowler1z@blogspot.com
73,Raymond Mccoy,Services,rmccoy20@sfgate.com
74,Amy Murray,Accounting,amurray21@earthlink.net
75,Douglas Ortiz,Support,dortiz22@moonfruit.com
76,Wayne Crawford,Business Development,wcrawford23@cornell.edu
77,Ann Jenkins,Marketing,ajenkins24@cargocollective.com
78,Carol Garza,Services,cgarza25@rediff.com
79,Alice Mills,Accounting,amills26@geocities.jp
80,Jean Bowman,Product Management,jbowman27@desdev.cn
81,Linda Johnston,Product Management,ljohnston28@cnn.com
82,Christopher Harvey,Human Resources,charvey29@pagesperso-orange.fr
83,Stephanie Anderson,Engineering,sanderson2a@deliciousdays.com
84,Margaret King,Accounting,mking2b@pbs.org
85,Judy Garcia,Product Management,jgarcia2c@shop-pro.jp
86,Jesse Hart,Human Resources,jhart2d@prlog.org
87,Jerry Clark,Sales,jclark2e@walmart.com
88,Angela Wallace,Support,awallace2f@utexas.edu
89,Roger Mendoza,Business Development,rmendoza2g@berkeley.edu
90,Amy Holmes,Support,aholmes2h@imageshack.us
91,Joshua Foster,Research and Development,jfoster2i@indiegogo.com
92,Frances Ryan,Services,fryan2j@dmoz.org
93,Daniel Lane,Services,dlane2k@com.com
94,Aaron Garza,Accounting,agarza2l@craigslist.org
95,Margaret Davis,Legal,mdavis2m@prlog.org
96,Tina Thomas,Training,tthomas2n@ebay.co.uk
97,James Rose,Support,jrose2o@bbb.org
98,Andrew Graham,Human Resources,agraham2p@google.es
99,Marie Torres,Research and Development,mtorres2q@studiopress.com
100,Tammy Grant,Research and Development,tgrant2r@e-recht24.de
101,Edward Jordan,Product Management,ejordan2s@samsung.com
102,Jacqueline Bishop,Marketing,jbishop2t@google.it
103,Randy Thompson,Marketing,rthompson2u@kickstarter.com
104,Fred Simpson,Engineering,fsimpson2v@purevolume.com
105,Phyllis Gutierrez,Business Development,pgutierrez2w@ovh.net
106,Roy Fowler,Support,rfowler2x@usnews.com
107,Roger Lawrence,Research and Development,rlawrence2y@ucla.edu
108,Linda Welch,Services,lwelch2z@pbs.org
109,Diana Ramos,Training,dramos30@networksolutions.com
110,Eugene Burns,Accounting,eburns31@pcworld.com
111,Jean Willis,Marketing,jwillis32@reuters.com
112,Keith Montgomery,Sales,kmontgomery33@google.de
113,Jeffrey Dean,Human Resources,jdean34@webeden.co.uk
114,Christopher Harvey,Product Management,charvey35@icio.us
115,Harold Kennedy,Support,hkennedy36@multiply.com
116,Donald Harrison,Engineering,dharrison37@seesaa.net
117,Susan Berry,Marketing,sberry38@printfriendly.com
118,Dorothy Riley,Sales,driley39@nifty.com
119,Sara Bowman,Accounting,sbowman3a@cargocollective.com
120,Margaret Sanchez,Human Resources,msanchez3b@youtu.be
121,Judy George,Services,jgeorge3c@tripod.com
122,Douglas Bailey,Business Development,dbailey3d@irs.gov
123,Ronald Wood,Training,rwood3e@upenn.edu
124,Daniel Fernandez,Accounting,dfernandez3f@ycombinator.com
125,Brenda Carroll,Legal,bcarroll3g@dailymotion.com
126,Amy Mcdonald,Training,amcdonald3h@independent.co.uk
127,Carlos Myers,Product Management,cmyers3i@alibaba.com
128,Marilyn Marshall,Research and Development,mmarshall3j@hc360.com
129,Billy Elliott,Research and Development,belliott3k@smh.com.au
130,Donna Holmes,Training,dholmes3l@nih.gov
131,Frank Torres,Human Resources,ftorres3m@slideshare.net
132,Steve Lopez,Business Development,slopez3n@spotify.com
133,Mildred Wilson,Training,mwilson3o@intel.com
134,Sharon Mendoza,Business Development,smendoza3p@google.ru
135,Roger Riley,Research and Development,rriley3q@xrea.com
136,Phyllis Ramos,Marketing,pramos3r@stanford.edu
137,Phillip Brooks,Training,pbrooks3s@typepad.com
138,Lawrence Sims,Marketing,lsims3t@blogger.com
139,Frances Griffin,Product Management,fgriffin3u@plala.or.jp
140,Anthony James,Human Resources,ajames3v@parallels.com
141,Anne Hanson,Support,ahanson3w@latimes.com
142,Evelyn Romero,Training,eromero3x@msu.edu
143,Ruth Reed,Support,rreed3y@marketwatch.com
144,Terry Ruiz,Accounting,truiz3z@cbc.ca
145,Jerry Duncan,Product Management,jduncan40@economist.com
146,Scott Ferguson,Human Resources,sferguson41@google.com.br
147,George Robinson,Human Resources,grobinson42@netvibes.com
148,Catherine Meyer,Sales,cmeyer43@simplemachines.org
149,Scott Nichols,Business Development,snichols44@umn.edu
150,Rachel Williams,Marketing,rwilliams45@wikipedia.org
151,Ronald Johnson,Research and Development,rjohnson46@census.gov
152,Sarah West,Accounting,swest47@weebly.com
153,Alice Dean,Engineering,adean48@mysql.com
154,Janice Willis,Support,jwillis49@npr.org
155,Raymond Reynolds,Business Development,rreynolds4a@mit.edu
156,Justin Morrison,Human Resources,jmorrison4b@shinystat.com
157,Sandra Coleman,Legal,scoleman4c@ning.com
158,Christopher Hill,Accounting,chill4d@trellian.com
159,Scott Gordon,Accounting,sgordon4e@typepad.com
160,Jacqueline Howard,Support,jhoward4f@smh.com.au
161,Terry Rogers,Marketing,trogers4g@indiegogo.com
162,Ryan Ruiz,Training,rruiz4h@ow.ly
163,Andrew Ferguson,Human Resources,aferguson4i@nih.gov
164,Patrick Russell,Sales,prussell4j@ucoz.ru
165,Joyce Ramirez,Marketing,jramirez4k@webmd.com
166,Gary Bailey,Training,gbailey4l@freewebs.com
167,Brenda Riley,Accounting,briley4m@nih.gov
168,Maria Freeman,Marketing,mfreeman4n@sciencedirect.com
169,Bobby Hunt,Engineering,bhunt4o@accuweather.com
170,Carol Fowler,Support,cfowler4p@illinois.edu
171,Gregory Romero,Product Management,gromero4q@miitbeian.gov.cn
172,Randy Bryant,Marketing,rbryant4r@elegantthemes.com
173,Stephanie Richards,Support,srichards4s@amazon.com
174,Lori Vasquez,Legal,lvasquez4t@discuz.net
175,Lawrence Black,Legal,lblack4u@reference.com
176,Thomas Richardson,Services,trichardson4v@naver.com
177,Bonnie Baker,Legal,bbaker4w@youtu.be
178,Phyllis Griffin,Product Management,pgriffin4x@chicagotribune.com
179,Janet Kim,Support,jkim4y@plala.or.jp
180,Deborah King,Sales,dking4z@uol.com.br
181,Edward Day,Sales,eday50@gravatar.com
182,Brian Fernandez,Marketing,bfernandez51@plala.or.jp
183,Louise Reyes,Legal,lreyes52@businesswire.com
184,Brenda Castillo,Business Development,bcastillo53@shop-pro.jp
185,Irene Gonzalez,Accounting,igonzalez54@imageshack.us
186,Jonathan Bell,Business Development,jbell55@wisc.edu
187,Phyllis King,Legal,pking56@marketwatch.com
188,Laura Nelson,Sales,lnelson57@dagondesign.com
189,Donna Ross,Product Management,dross58@ftc.gov
190,Andrew Henderson,Marketing,ahenderson59@eventbrite.com
191,Gregory Jacobs,Human Resources,gjacobs5a@princeton.edu
192,Eugene Fowler,Services,efowler5b@google.ca
193,Carlos Oliver,Engineering,coliver5c@linkedin.com
194,Benjamin Owens,Accounting,bowens5d@boston.com
195,Charles Reyes,Sales,creyes5e@intel.com
196,Douglas Morgan,Legal,dmorgan5f@umich.edu
197,Dennis Holmes,Sales,dholmes5g@wordpress.org
198,Annie Alvarez,Support,aalvarez5h@amazon.com
199,Michael Chapman,Human Resources,mchapman5i@godaddy.com
200,Martha Rogers,Research and Development,mrogers5j@miibeian.gov.cn
201,Betty Brooks,Support,bbrooks5k@senate.gov
202,Teresa Frazier,Human Resources,tfrazier5l@creativecommons.org
203,Martin Reyes,Engineering,mreyes5m@mayoclinic.com
204,Lillian Holmes,Training,lholmes5n@sciencedirect.com
205,Rebecca Wilson,Research and Development,rwilson5o@upenn.edu
206,Dorothy Murphy,Sales,dmurphy5p@virginia.edu
207,Jimmy Bishop,Training,jbishop5q@vinaora.com
208,Judith Medina,Research and Development,jmedina5r@whitehouse.gov
209,Carlos Hawkins,Support,chawkins5s@vistaprint.com
210,Ruby Day,Services,rday5t@reuters.com
211,Angela Spencer,Services,aspencer5u@spiegel.de
212,Andrea King,Sales,aking5v@ow.ly
213,Matthew Nichols,Human Resources,mnichols5w@dell.com
214,Rachel Russell,Training,rrussell5x@mlb.com
215,Craig Willis,Marketing,cwillis5y@t-online.de
216,Shirley Garrett,Services,sgarrett5z@technorati.com
217,Arthur Franklin,Engineering,afranklin60@newsvine.com
218,Shawn Sullivan,Marketing,ssullivan61@ustream.tv
219,Douglas Ellis,Support,dellis62@domainmarket.com
220,Rose Woods,Support,rwoods63@t.co
221,Annie Marshall,Services,amarshall64@cnet.com
222,Marie Johnston,Research and Development,mjohnston65@seattletimes.com
223,Johnny Howell,Accounting,jhowell66@nhs.uk
224,Andrea Reid,Human Resources,areid67@house.gov
225,Steven Hunt,Sales,shunt68@disqus.com
226,Wayne Allen,Engineering,wallen69@youku.com
227,Samuel Hart,Legal,shart6a@tripod.com
228,Julie James,Marketing,jjames6b@e-recht24.de
229,Anna Cox,Marketing,acox6c@china.com.cn
230,Debra Gonzalez,Sales,dgonzalez6d@wikipedia.org
231,James Kelley,Training,jkelley6e@live.com
232,Jennifer Shaw,Product Management,jshaw6f@wiley.com
233,Jeremy Parker,Accounting,jparker6g@ft.com
234,Martha Wagner,Human Resources,mwagner6h@jimdo.com
235,Lawrence Peters,Training,lpeters6i@goo.gl
236,Timothy Knight,Engineering,tknight6j@com.com
237,Jane Howell,Training,jhowell6k@army.mil
238,Clarence Sullivan,Human Resources,csullivan6l@pen.io
239,Joshua Carpenter,Product Management,jcarpenter6m@imageshack.us
240,Amanda Hill,Business Development,ahill6n@spiegel.de
241,Sara Fox,Training,sfox6o@soundcloud.com
242,Raymond Ferguson,Legal,rferguson6p@wikipedia.org
243,Barbara Rivera,Research and Development,brivera6q@kickstarter.com
244,David Hanson,Marketing,dhanson6r@youtube.com
245,Katherine Garza,Accounting,kgarza6s@prlog.org
246,Joseph Lopez,Engineering,jlopez6t@discuz.net
247,Wanda Montgomery,Marketing,wmontgomery6u@uiuc.edu
248,Mark Watkins,Services,mwatkins6v@parallels.com
249,Ruth Duncan,Accounting,rduncan6w@google.com.au
250,Bobby Howard,Support,bhoward6x@google.de
251,Ryan Ruiz,Product Management,rruiz6y@cdbaby.com
252,Carl Powell,Product Management,cpowell6z@bloomberg.com
253,Kathryn Gray,Business Development,kgray70@dailymotion.com
254,Randy Rodriguez,Engineering,rrodriguez71@dion.ne.jp
255,Gregory Moreno,Business Development,gmoreno72@bloglovin.com
256,Lisa Stone,Training,lstone73@netvibes.com
257,Antonio Greene,Services,agreene74@noaa.gov
258,Steve Rogers,Services,srogers75@archive.org
259,Benjamin Gomez,Legal,bgomez76@samsung.com
260,Lillian Burns,Accounting,lburns77@posterous.com
261,Brian Bishop,Research and Development,bbishop78@netvibes.com
262,Beverly Gardner,Legal,bgardner79@paginegialle.it
263,Jessica Coleman,Research and Development,jcoleman7a@pbs.org
264,Kathryn Daniels,Training,kdaniels7b@ehow.com
265,Virginia Webb,Marketing,vwebb7c@edublogs.org
266,Earl Marshall,Services,emarshall7d@noaa.gov
267,Thomas Welch,Engineering,twelch7e@ihg.com
268,Julia Burton,Engineering,jburton7f@cbc.ca
269,Stephanie Morris,Product Management,smorris7g@google.com.au
270,Joshua Stone,Research and Development,jstone7h@exblog.jp
271,Martha Gonzales,Human Resources,mgonzales7i@symantec.com
272,Annie Black,Product Management,ablack7j@ox.ac.uk
273,Ronald Wood,Training,rwood7k@noaa.gov
274,Kevin Chapman,Sales,kchapman7l@auda.org.au
275,Frances Jordan,Accounting,fjordan7m@hao123.com
276,Adam Nguyen,Accounting,anguyen7n@weather.com
277,Dennis Lawson,Product Management,dlawson7o@gov.uk
278,Ashley King,Product Management,aking7p@fda.gov
279,Juan Morrison,Research and Development,jmorrison7q@eepurl.com
280,Chris Austin,Accounting,caustin7r@wix.com
281,Harry Scott,Product Management,hscott7s@drupal.org
282,Ruth Reed,Human Resources,rreed7t@reverbnation.com
283,Russell Torres,Human Resources,rtorres7u@nyu.edu
284,Todd Garcia,Accounting,tgarcia7v@ucoz.com
285,Cynthia Clark,Human Resources,cclark7w@msn.com
286,Howard Martin,Human Resources,hmartin7x@nifty.com
287,Ronald Sanders,Accounting,rsanders7y@exblog.jp
288,Jimmy Nelson,Services,jnelson7z@adobe.com
289,Adam Rice,Human Resources,arice80@xing.com
290,Kathryn Simpson,Marketing,ksimpson81@last.fm
291,Chris Johnson,Support,cjohnson82@springer.com
292,Sean Alexander,Marketing,salexander83@ehow.com
293,Clarence Howell,Services,chowell84@merriam-webster.com
294,William Frazier,Human Resources,wfrazier85@trellian.com
295,Victor Carroll,Engineering,vcarroll86@icio.us
296,Jonathan Gilbert,Product Management,jgilbert87@wiley.com
297,Gary Ruiz,Engineering,gruiz88@twitpic.com
298,Sean Gibson,Business Development,sgibson89@163.com
299,Anne Ross,Accounting,aross8a@macromedia.com
300,Kevin Adams,Product Management,kadams8b@nps.gov
301,Frances Fields,Product Management,ffields8c@goo.ne.jp
302,Robert Gonzalez,Sales,rgonzalez8d@usa.gov
303,John Hernandez,Human Resources,jhernandez8e@springer.com
304,Earl Simpson,Accounting,esimpson8f@house.gov
305,Phyllis Robertson,Marketing,probertson8g@1688.com
306,Victor Howell,Engineering,vhowell8h@mac.com
307,Jason Wright,Marketing,jwright8i@wired.com
308,Lawrence Walker,Support,lwalker8j@livejournal.com
309,Raymond Gutierrez,Engineering,rgutierrez8k@ftc.gov
310,Anna Austin,Sales,aaustin8l@t-online.de
311,Virginia Scott,Legal,vscott8m@shop-pro.jp
312,Jimmy Harris,Human Resources,jharris8n@toplist.cz
313,Ruth Ryan,Accounting,rryan8o@ucoz.ru
314,Daniel Ramos,Product Management,dramos8p@issuu.com
315,Sandra Roberts,Research and Development,sroberts8q@wiley.com
316,Denise Gilbert,Business Development,dgilbert8r@msn.com
317,Brenda Griffin,Services,bgriffin8s@jalbum.net
318,Wayne Harris,Services,wharris8t@twitter.com
319,Cynthia Oliver,Research and Development,coliver8u@tmall.com
320,Louise Green,Sales,lgreen8v@acquirethisname.com
321,Ronald Payne,Legal,rpayne8w@networksolutions.com
322,Thomas Richards,Sales,trichards8x@printfriendly.com
323,Roger Harper,Services,rharper8y@is.gd
324,Russell Stewart,Services,rstewart8z@google.com.au
325,Harry Simmons,Engineering,hsimmons90@hatena.ne.jp
326,Joshua Dean,Research and Development,jdean91@imgur.com
327,Mildred Richardson,Services,mrichardson92@marriott.com
328,Melissa Long,Marketing,mlong93@usnews.com
329,Judith Gibson,Support,jgibson94@icq.com
330,Bobby James,Engineering,bjames95@nsw.gov.au
331,Henry Harper,Support,hharper96@icq.com
332,Philip Peterson,Support,ppeterson97@themeforest.net
333,Amanda Reed,Support,areed98@google.co.jp
334,Charles Oliver,Human Resources,coliver99@angelfire.com
335,Edward Morgan,Human Resources,emorgan9a@unicef.org
336,Maria Brooks,Sales,mbrooks9b@squidoo.com
337,Jason Hudson,Sales,jhudson9c@cafepress.com
338,Julie Peterson,Services,jpeterson9d@nydailynews.com
339,Carol Johnson,Sales,cjohnson9e@sun.com
340,Sharon Gibson,Accounting,sgibson9f@apache.org
341,Melissa Stone,Accounting,mstone9g@jiathis.com
342,Frank Carpenter,Product Management,fcarpenter9h@xinhuanet.com
343,Roger Mcdonald,Training,rmcdonald9i@people.com.cn
344,Tammy Davis,Accounting,tdavis9j@marketwatch.com
345,Roger Campbell,Research and Development,rcampbell9k@ucoz.com
346,Willie Ramos,Research and Development,wramos9l@reference.com
347,Carol Garza,Sales,cgarza9m@drupal.org
348,Lawrence Riley,Engineering,lriley9n@unblog.fr
349,Ann Reyes,Marketing,areyes9o@usa.gov
350,Tammy Morales,Human Resources,tmorales9p@newsvine.com
351,Jose Armstrong,Business Development,jarmstrong9q@ucsd.edu
352,Gloria Richards,Support,grichards9r@soup.io
353,Teresa Hayes,Marketing,thayes9s@fema.gov
354,Sharon Kennedy,Research and Development,skennedy9t@ehow.com
355,Jason Green,Support,jgreen9u@howstuffworks.com
356,Janet Harris,Marketing,jharris9v@cam.ac.uk
357,Harry Johnston,Human Resources,hjohnston9w@cmu.edu
358,Rebecca Gordon,Marketing,rgordon9x@ask.com
359,Roger Jenkins,Business Development,rjenkins9y@wikia.com
360,Ruth Ellis,Sales,rellis9z@cmu.edu
361,Susan Burns,Business Development,sburnsa0@unc.edu
362,Keith Moreno,Sales,kmorenoa1@bloomberg.com
363,Gerald Bryant,Accounting,gbryanta2@liveinternet.ru
364,Sean Larson,Services,slarsona3@amazon.co.jp
365,Janice Carroll,Support,jcarrolla4@soundcloud.com
366,Timothy Long,Human Resources,tlonga5@google.co.jp
367,Benjamin Boyd,Engineering,bboyda6@cnn.com
368,Clarence Reid,Legal,creida7@histats.com
369,Irene Richardson,Legal,irichardsona8@sbwire.com
370,Heather Cunningham,Legal,hcunninghama9@squidoo.com
371,Margaret Flores,Human Resources,mfloresaa@lulu.com
372,Patrick Wagner,Business Development,pwagnerab@wired.com
373,Stephanie Cook,Sales,scookac@imdb.com
374,Andrew Olson,Business Development,aolsonad@forbes.com
375,Robin Garza,Engineering,rgarzaae@angelfire.com
376,Larry King,Product Management,lkingaf@hatena.ne.jp
377,Carl Hunter,Training,chunterag@youku.com
378,Anthony Stone,Research and Development,astoneah@mlb.com
379,Carolyn Watkins,Product Management,cwatkinsai@earthlink.net
380,Jeffrey Oliver,Human Resources,joliveraj@harvard.edu
381,Joe Carroll,Product Management,jcarrollak@dion.ne.jp
382,Jack Perry,Human Resources,jperryal@twitpic.com
383,Aaron Coleman,Business Development,acolemanam@netvibes.com
384,Sharon Green,Sales,sgreenan@narod.ru
385,Antonio Berry,Support,aberryao@indiegogo.com
386,Todd King,Services,tkingap@weebly.com
387,Walter Jordan,Engineering,wjordanaq@unicef.org
388,Dennis Kennedy,Marketing,dkennedyar@mail.ru
389,Denise Woods,Sales,dwoodsas@cdc.gov
390,Anthony Bryant,Support,abryantat@cmu.edu
391,Earl Robertson,Human Resources,erobertsonau@xrea.com
392,Rachel Peters,Services,rpetersav@hud.gov
393,Walter Cooper,Business Development,wcooperaw@businessinsider.com
394,Nicholas Mendoza,Business Development,nmendozaax@whitehouse.gov
395,Janice Oliver,Sales,joliveray@hubpages.com
396,William Garrett,Services,wgarrettaz@intel.com
397,Deborah Myers,Support,dmyersb0@amazon.com
398,Peter Dunn,Accounting,pdunnb1@google.com
399,Brenda Payne,Accounting,bpayneb2@statcounter.com
400,Jonathan Warren,Support,jwarrenb3@aol.com
401,Billy Long,Product Management,blongb4@issuu.com
402,Louise Evans,Legal,levansb5@nba.com
403,Bruce James,Accounting,bjamesb6@posterous.com
404,Christopher Simpson,Sales,csimpsonb7@merriam-webster.com
405,Michelle Holmes,Sales,mholmesb8@twitter.com
406,Carol Mason,Product Management,cmasonb9@mashable.com
407,Diane Williamson,Legal,dwilliamsonba@simplemachines.org
408,Judy Garcia,Product Management,jgarciabb@jugem.jp
409,Nicole Palmer,Marketing,npalmerbc@weibo.com
410,James Wood,Business Development,jwoodbd@stanford.edu
411,Jeremy Ryan,Product Management,jryanbe@examiner.com
412,Brenda Rice,Engineering,bricebf@irs.gov
413,Matthew Palmer,Marketing,mpalmerbg@xing.com
414,Timothy Cook,Product Management,tcookbh@bravesites.com
415,Christopher Clark,Services,cclarkbi@baidu.com
416,William Sims,Training,wsimsbj@macromedia.com
417,Willie Stewart,Sales,wstewartbk@flickr.com
418,Steven Hayes,Engineering,shayesbl@people.com.cn
419,Kelly Murphy,Accounting,kmurphybm@huffingtonpost.com
420,Frances Roberts,Marketing,frobertsbn@xrea.com
421,Heather Garrett,Training,hgarrettbo@wix.com
422,Phyllis Turner,Research and Development,pturnerbp@nih.gov
423,Louise Olson,Accounting,lolsonbq@alibaba.com
424,Kathy Howell,Research and Development,khowellbr@craigslist.org
425,Annie Jacobs,Product Management,ajacobsbs@smugmug.com
426,Joshua Watkins,Accounting,jwatkinsbt@biblegateway.com
427,Paul Stanley,Legal,pstanleybu@wikimedia.org
428,Irene Tucker,Research and Development,ituckerbv@hatena.ne.jp
429,Teresa Rose,Support,trosebw@amazon.co.jp
430,Denise Collins,Engineering,dcollinsbx@youku.com
431,Katherine Watkins,Engineering,kwatkinsby@blogtalkradio.com
432,Howard Nichols,Accounting,hnicholsbz@ehow.com
433,Annie Walker,Human Resources,awalkerc0@businessweek.com
434,Elizabeth Knight,Product Management,eknightc1@alibaba.com
435,Pamela Chavez,Support,pchavezc2@blog.com
436,Ashley Wheeler,Engineering,awheelerc3@aol.com
437,Stephen Willis,Human Resources,swillisc4@bing.com
438,Wayne Hamilton,Marketing,whamiltonc5@cbc.ca
439,Ronald Matthews,Human Resources,rmatthewsc6@imdb.com
440,Cynthia Woods,Research and Development,cwoodsc7@jugem.jp
441,Chris Howell,Sales,chowellc8@wp.com
442,Beverly Olson,Services,bolsonc9@live.com
443,Clarence Wells,Marketing,cwellsca@dropbox.com
444,David Day,Legal,ddaycb@engadget.com
445,Peter Reid,Legal,preidcc@netvibes.com
446,Michael Robertson,Support,mrobertsoncd@europa.eu
447,Carlos Wheeler,Research and Development,cwheelerce@imdb.com
448,Nancy Fox,Engineering,nfoxcf@sbwire.com
449,Billy Day,Research and Development,bdaycg@upenn.edu
450,Martin Brooks,Support,mbrooksch@yelp.com
451,Tammy Ramos,Engineering,tramosci@loc.gov
452,Benjamin Marshall,Business Development,bmarshallcj@youtube.com
453,Martha Morgan,Legal,mmorganck@phpbb.com
454,Ralph Hudson,Business Development,rhudsoncl@admin.ch
455,Daniel Carroll,Training,dcarrollcm@w3.org
456,Jane Washington,Support,jwashingtoncn@home.pl
457,Ann Shaw,Training,ashawco@delicious.com
458,Sean Mitchell,Training,smitchellcp@example.com
459,Justin Hall,Services,jhallcq@hexun.com
460,Karen Barnes,Services,kbarnescr@deliciousdays.com
461,Robert Peters,Business Development,rpeterscs@smh.com.au
462,Billy Roberts,Training,brobertsct@ucla.edu
463,Henry Bishop,Human Resources,hbishopcu@typepad.com
464,Arthur Simpson,Accounting,asimpsoncv@github.com
465,Bonnie Mcdonald,Product Management,bmcdonaldcw@digg.com
466,Douglas Shaw,Product Management,dshawcx@google.com.br
467,Carl Cook,Training,ccookcy@alibaba.com
468,Lois Flores,Human Resources,lflorescz@tinyurl.com
469,Victor Morgan,Human Resources,vmorgand0@so-net.ne.jp
470,Cheryl Harrison,Training,charrisond1@deviantart.com
471,Janice Palmer,Sales,jpalmerd2@instagram.com
472,Jose Medina,Support,jmedinad3@latimes.com
473,Jose Dunn,Sales,jdunnd4@cbc.ca
474,Arthur Perkins,Services,aperkinsd5@barnesandnoble.com
475,Beverly Freeman,Marketing,bfreemand6@sphinn.com
476,Barbara Armstrong,Product Management,barmstrongd7@columbia.edu
477,Kelly Reid,Product Management,kreidd8@wikimedia.org
478,Aaron Perkins,Research and Development,aperkinsd9@unesco.org
479,Brandon Tucker,Services,btuckerda@jigsy.com
480,Pamela Crawford,Services,pcrawforddb@psu.edu
481,Martha Marshall,Marketing,mmarshalldc@ehow.com
482,Philip Nichols,Legal,pnicholsdd@vkontakte.ru
483,Joseph Stanley,Product Management,jstanleyde@lycos.com
484,Craig Graham,Marketing,cgrahamdf@dmoz.org
485,Kenneth Cruz,Research and Development,kcruzdg@narod.ru
486,Irene Kelly,Business Development,ikellydh@sphinn.com
487,Robin Snyder,Sales,rsnyderdi@facebook.com
488,Jason Wheeler,Training,jwheelerdj@berkeley.edu
489,Sharon Gray,Engineering,sgraydk@wikia.com
490,Rachel Hudson,Human Resources,rhudsondl@github.com
491,Betty Robinson,Support,brobinsondm@patch.com
492,Ashley Taylor,Engineering,ataylordn@cocolog-nifty.com
493,Clarence Wallace,Engineering,cwallacedo@pagesperso-orange.fr
494,Daniel Watkins,Legal,dwatkinsdp@google.it
495,Nancy Perry,Training,nperrydq@ftc.gov
496,Frank Brown,Sales,fbrowndr@eepurl.com
497,Christina Wright,Legal,cwrightds@indiegogo.com
498,Teresa Elliott,Engineering,telliottdt@github.io
499,Betty Fisher,Research and Development,bfisherdu@tiny.cc
500,Walter Stephens,Marketing,wstephensdv@nytimes.com
501,Debra Mcdonald,Engineering,dmcdonalddw@bing.com
502,Billy Mendoza,Business Development,bmendozadx@cdc.gov
503,Christopher Owens,Legal,cowensdy@webeden.co.uk
504,Gerald Olson,Training,golsondz@kickstarter.com
505,Steve Alvarez,Engineering,salvareze0@examiner.com
506,Paul Brown,Support,pbrowne1@google.com
507,Harry White,Research and Development,hwhitee2@123-reg.co.uk
508,Anna Bell,Legal,abelle3@npr.org
509,Mary Evans,Product Management,mevanse4@vinaora.com
510,Beverly Hall,Legal,bhalle5@google.co.uk
511,Jerry Alvarez,Accounting,jalvareze6@accuweather.com
512,Mildred Adams,Support,madamse7@cocolog-nifty.com
513,Bobby Fowler,Accounting,bfowlere8@blog.com
514,Brenda Graham,Training,bgrahame9@discovery.com
515,Craig Olson,Legal,colsonea@google.pl
516,Larry Lopez,Engineering,llopezeb@sun.com
517,Mildred Dunn,Business Development,mdunnec@answers.com
518,Helen Peters,Human Resources,hpetersed@ycombinator.com
519,Lori Burton,Business Development,lburtonee@princeton.edu
520,Gary Jackson,Sales,gjacksonef@mediafire.com
521,Nicholas Carter,Training,ncartereg@state.gov
522,Andrea Wells,Services,awellseh@studiopress.com
523,Shawn Bell,Accounting,sbellei@phoca.cz
524,Matthew Graham,Research and Development,mgrahamej@disqus.com
525,Marie Watson,Sales,mwatsonek@purevolume.com
526,Pamela Myers,Research and Development,pmyersel@google.it
527,Diana Armstrong,Business Development,darmstrongem@e-recht24.de
528,Carl Anderson,Marketing,candersonen@oaic.gov.au
529,Ernest Spencer,Support,espencereo@parallels.com
530,Keith Chavez,Product Management,kchavezep@prlog.org
531,Debra Dean,Training,ddeaneq@ucoz.ru
532,Dennis Gray,Research and Development,dgrayer@facebook.com
533,Juan Watkins,Engineering,jwatkinses@howstuffworks.com
534,Sarah Garcia,Services,sgarciaet@mozilla.org
535,Lawrence Jordan,Services,ljordaneu@washington.edu
536,Anne Sims,Business Development,asimsev@eepurl.com
537,Billy Lane,Sales,blaneew@google.pl
538,Joyce Hanson,Sales,jhansonex@webnode.com
539,Mark Ray,Human Resources,mrayey@blogs.com
540,Martha Montgomery,Sales,mmontgomeryez@craigslist.org
541,Karen Watkins,Legal,kwatkinsf0@tuttocitta.it
542,Mary Spencer,Engineering,mspencerf1@illinois.edu
543,Gloria Lawson,Legal,glawsonf2@ask.com
544,Harold Howard,Marketing,hhowardf3@usatoday.com
545,Larry Lynch,Services,llynchf4@ox.ac.uk
546,Philip Nichols,Engineering,pnicholsf5@mit.edu
547,Brenda Edwards,Research and Development,bedwardsf6@ow.ly
548,Terry Roberts,Human Resources,trobertsf7@facebook.com
549,Lillian Chavez,Accounting,lchavezf8@google.co.jp
550,Beverly Johnston,Accounting,bjohnstonf9@reuters.com
551,Martha Mason,Accounting,mmasonfa@wiley.com
552,Carl Washington,Training,cwashingtonfb@economist.com
553,Judith Ford,Engineering,jfordfc@about.me
554,Keith Mcdonald,Support,kmcdonaldfd@cornell.edu
555,Mary Harper,Marketing,mharperfe@hao123.com
556,Annie Coleman,Business Development,acolemanff@addthis.com
557,Ashley Gordon,Training,agordonfg@smh.com.au
558,Tammy Lynch,Accounting,tlynchfh@yellowpages.com
559,Kenneth Ferguson,Services,kfergusonfi@samsung.com
560,Jeremy Morris,Legal,jmorrisfj@noaa.gov
561,Harry Allen,Human Resources,hallenfk@berkeley.edu
562,Carlos Diaz,Engineering,cdiazfl@kickstarter.com
563,Andrew Wallace,Human Resources,awallacefm@hibu.com
564,Betty Foster,Training,bfosterfn@drupal.org
565,Helen Bowman,Product Management,hbowmanfo@com.com
566,Joseph Sims,Engineering,jsimsfp@shutterfly.com
567,Howard Sims,Legal,hsimsfq@usda.gov
568,Gerald Perkins,Human Resources,gperkinsfr@mozilla.org
569,Jennifer Jackson,Business Development,jjacksonfs@lulu.com
570,Rebecca Jordan,Services,rjordanft@hubpages.com
571,Joseph Ford,Research and Development,jfordfu@bloglines.com
572,Gerald Richards,Engineering,grichardsfv@taobao.com
573,Helen Williams,Accounting,hwilliamsfw@bigcartel.com
574,Kelly Bishop,Engineering,kbishopfx@ocn.ne.jp
575,Dennis Gray,Services,dgrayfy@umich.edu
576,Fred Mendoza,Human Resources,fmendozafz@eventbrite.com
577,Daniel Rivera,Engineering,driverag0@merriam-webster.com
578,Catherine Stevens,Marketing,cstevensg1@gravatar.com
579,Jean Edwards,Engineering,jedwardsg2@smh.com.au
580,Joyce Warren,Support,jwarreng3@e-recht24.de
581,Sharon White,Training,swhiteg4@bizjournals.com
582,Henry Watkins,Legal,hwatkinsg5@woothemes.com
583,Lori Hernandez,Business Development,lhernandezg6@gmpg.org
584,Annie Welch,Marketing,awelchg7@gmpg.org
585,Arthur Murray,Engineering,amurrayg8@icio.us
586,Victor Chavez,Human Resources,vchavezg9@exblog.jp
587,Sandra Young,Legal,syoungga@taobao.com
588,Eugene Bailey,Engineering,ebaileygb@deliciousdays.com
589,Elizabeth Hernandez,Human Resources,ehernandezgc@mapquest.com
590,Steven Wallace,Support,swallacegd@blogspot.com
591,Keith Martin,Marketing,kmartinge@netscape.com
592,Janice Garrett,Support,jgarrettgf@gizmodo.com
593,Patricia Vasquez,Research and Development,pvasquezgg@shareasale.com
594,Theresa Garcia,Marketing,tgarciagh@mail.ru
595,Russell Wagner,Human Resources,rwagnergi@cloudflare.com
596,Willie Robinson,Human Resources,wrobinsongj@domainmarket.com
597,David Ramirez,Business Development,dramirezgk@newsvine.com
598,Martin Greene,Business Development,mgreenegl@narod.ru
599,Kathleen Pierce,Human Resources,kpiercegm@oakley.com
600,Michael Morrison,Research and Development,mmorrisongn@techcrunch.com
601,Tammy Wheeler,Human Resources,twheelergo@liveinternet.ru
602,Arthur Mitchell,Marketing,amitchellgp@cafepress.com
603,Sarah Jenkins,Research and Development,sjenkinsgq@newsvine.com
604,Jason Boyd,Services,jboydgr@paginegialle.it
605,Joan Henderson,Support,jhendersongs@hc360.com
606,Michelle Owens,Legal,mowensgt@pcworld.com
607,George Gilbert,Support,ggilbertgu@t-online.de
608,Howard Anderson,Accounting,handersongv@blogtalkradio.com
609,Diana Harris,Sales,dharrisgw@fc2.com
610,Keith Russell,Sales,krussellgx@google.com.au
611,Michael Elliott,Sales,melliottgy@free.fr
612,Mary Jones,Legal,mjonesgz@yolasite.com
613,Tammy Day,Accounting,tdayh0@clickbank.net
614,Cheryl Hill,Accounting,chillh1@senate.gov
615,Ronald Smith,Sales,rsmithh2@360.cn
616,Frances Simpson,Product Management,fsimpsonh3@alibaba.com
617,Cheryl Banks,Legal,cbanksh4@twitter.com
618,Jacqueline Dunn,Training,jdunnh5@google.ru
619,Carol Hamilton,Research and Development,chamiltonh6@jiathis.com
620,Deborah Wells,Human Resources,dwellsh7@furl.net
621,Craig Jacobs,Marketing,cjacobsh8@bloglines.com
622,Gary Fisher,Training,gfisherh9@miitbeian.gov.cn
623,Lawrence Murray,Marketing,lmurrayha@gravatar.com
624,Jerry Lopez,Training,jlopezhb@reddit.com
625,Lawrence Owens,Sales,lowenshc@nyu.edu
626,Mildred Lawson,Marketing,mlawsonhd@hc360.com
627,Teresa Fuller,Business Development,tfullerhe@edublogs.org
628,Mary Stevens,Legal,mstevenshf@spiegel.de
629,Frank Vasquez,Support,fvasquezhg@businessweek.com
630,Raymond Hicks,Sales,rhickshh@cdc.gov
631,Christopher Weaver,Engineering,cweaverhi@reddit.com
632,Katherine Gonzalez,Marketing,kgonzalezhj@symantec.com
633,Larry Palmer,Sales,lpalmerhk@squidoo.com
634,Karen Sanders,Legal,ksandershl@ovh.net
635,Aaron Watkins,Marketing,awatkinshm@ca.gov
636,Martha Nguyen,Legal,mnguyenhn@360.cn
637,Donald Daniels,Business Development,ddanielsho@paginegialle.it
638,Ronald Coleman,Accounting,rcolemanhp@blog.com
639,Ryan Chapman,Engineering,rchapmanhq@vk.com
640,Dennis Castillo,Research and Development,dcastillohr@xinhuanet.com
641,Antonio Sanders,Sales,asandershs@yahoo.com
642,George Lewis,Sales,glewisht@about.me
643,Denise Harper,Engineering,dharperhu@go.com
644,Judy Stanley,Research and Development,jstanleyhv@pagesperso-orange.fr
645,Wanda Boyd,Product Management,wboydhw@cornell.edu
646,Carol Black,Training,cblackhx@java.com
647,Jose Smith,Research and Development,jsmithhy@linkedin.com
648,Wanda Payne,Legal,wpaynehz@indiatimes.com
649,Marilyn Diaz,Legal,mdiazi0@last.fm
650,Kevin Wallace,Legal,kwallacei1@soup.io
651,Ernest Bailey,Product Management,ebaileyi2@telegraph.co.uk
652,Lisa Watkins,Marketing,lwatkinsi3@ask.com
653,Jean Coleman,Support,jcolemani4@theatlantic.com
654,Richard Johnson,Research and Development,rjohnsoni5@hatena.ne.jp
655,William Knight,Sales,wknighti6@yahoo.com
656,Judy Wallace,Human Resources,jwallacei7@ifeng.com
657,Bruce Vasquez,Services,bvasquezi8@123-reg.co.uk
658,Christopher Wallace,Human Resources,cwallacei9@sciencedirect.com
659,Justin Mendoza,Services,jmendozaia@salon.com
660,Maria Moreno,Training,mmorenoib@sourceforge.net
661,Thomas Fuller,Human Resources,tfulleric@infoseek.co.jp
662,Emily Parker,Support,eparkerid@csmonitor.com
663,Sandra Snyder,Support,ssnyderie@tinypic.com
664,Ernest Cox,Business Development,ecoxif@scribd.com
665,Peter Hall,Support,phallig@usnews.com
666,Evelyn Hawkins,Support,ehawkinsih@newsvine.com
667,Roger Green,Accounting,rgreenii@va.gov
668,Louis Thomas,Business Development,lthomasij@ted.com
669,Sandra Hamilton,Product Management,shamiltonik@deliciousdays.com
670,Catherine Mcdonald,Support,cmcdonaldil@amazon.de
671,Marilyn Wells,Human Resources,mwellsim@google.co.jp
672,Kathleen Ray,Research and Development,krayin@chron.com
673,Patrick Rivera,Training,priveraio@squarespace.com
674,Larry Mcdonald,Business Development,lmcdonaldip@tuttocitta.it
675,Virginia Carr,Services,vcarriq@accuweather.com
676,Edward Willis,Research and Development,ewillisir@auda.org.au
677,Lawrence Romero,Human Resources,lromerois@about.com
678,Gregory Olson,Human Resources,golsonit@netvibes.com
679,Johnny Watson,Business Development,jwatsoniu@mozilla.com
680,Lillian Gonzalez,Sales,lgonzaleziv@wp.com
681,Paula George,Support,pgeorgeiw@drupal.org
682,Wayne Mccoy,Accounting,wmccoyix@nasa.gov
683,Brian Burke,Business Development,bburkeiy@about.me
684,Jose Arnold,Marketing,jarnoldiz@php.net
685,Janice Payne,Engineering,jpaynej0@psu.edu
686,Philip Ray,Human Resources,prayj1@weibo.com
687,Martha Nelson,Business Development,mnelsonj2@blogtalkradio.com
688,Jeremy Duncan,Engineering,jduncanj3@yandex.ru
689,Eugene Marshall,Sales,emarshallj4@ox.ac.uk
690,Paul Lopez,Marketing,plopezj5@instagram.com
691,Lisa Hill,Sales,lhillj6@parallels.com
692,George Lee,Human Resources,gleej7@icio.us
693,Wanda Romero,Human Resources,wromeroj8@dion.ne.jp
694,Carolyn Fox,Sales,cfoxj9@google.com
695,Elizabeth Harvey,Services,eharveyja@amazon.co.jp
696,Mark Wallace,Sales,mwallacejb@plala.or.jp
697,Mary Richards,Accounting,mrichardsjc@ed.gov
698,Antonio Hayes,Product Management,ahayesjd@slideshare.net
699,Frank Evans,Human Resources,fevansje@barnesandnoble.com
700,Susan Smith,Legal,ssmithjf@123-reg.co.uk
701,Betty Chavez,Support,bchavezjg@topsy.com
702,Sara Jacobs,Legal,sjacobsjh@google.es
703,Kathryn Nichols,Product Management,knicholsji@w3.org
704,Michael Ward,Services,mwardjj@bing.com
705,Donna Miller,Legal,dmillerjk@ebay.com
706,Mark Reed,Accounting,mreedjl@icio.us
707,Adam Pierce,Support,apiercejm@t-online.de
708,Marilyn Jacobs,Legal,mjacobsjn@epa.gov
709,Jane Cook,Support,jcookjo@tamu.edu
710,Teresa Reynolds,Product Management,treynoldsjp@technorati.com
711,Sharon Cox,Business Development,scoxjq@newyorker.com
712,Patrick Banks,Engineering,pbanksjr@oaic.gov.au
713,Kathy Ford,Business Development,kfordjs@diigo.com
714,Timothy Foster,Marketing,tfosterjt@house.gov
715,Emily Dean,Support,edeanju@weather.com
716,Lisa Baker,Engineering,lbakerjv@uiuc.edu
717,Kevin Cox,Legal,kcoxjw@myspace.com
718,Deborah Mills,Support,dmillsjx@mayoclinic.com
719,Nancy Cox,Services,ncoxjy@psu.edu
720,Ruby Bishop,Training,rbishopjz@cbslocal.com
721,Philip Armstrong,Training,parmstrongk0@washington.edu
722,Ryan Howell,Business Development,rhowellk1@hhs.gov
723,Paul Fuller,Engineering,pfullerk2@soundcloud.com
724,Andrew Gomez,Support,agomezk3@slideshare.net
725,Joseph Stewart,Training,jstewartk4@4shared.com
726,Alice Medina,Product Management,amedinak5@walmart.com
727,Charles Wallace,Services,cwallacek6@exblog.jp
728,Amanda Harvey,Legal,aharveyk7@squidoo.com
729,Doris Freeman,Human Resources,dfreemank8@dyndns.org
730,Martin Pierce,Legal,mpiercek9@posterous.com
731,Harold Gutierrez,Training,hgutierrezka@ca.gov
732,Cynthia Turner,Accounting,cturnerkb@github.io
733,Douglas Brown,Product Management,dbrownkc@altervista.org
734,Gerald Bowman,Research and Development,gbowmankd@diigo.com
735,Donna Patterson,Sales,dpattersonke@livejournal.com
736,Carol George,Human Resources,cgeorgekf@buzzfeed.com
737,Alan Parker,Training,aparkerkg@1688.com
738,Kimberly Stanley,Services,kstanleykh@php.net
739,Jerry Pierce,Legal,jpierceki@webnode.com
740,Timothy Kennedy,Engineering,tkennedykj@thetimes.co.uk
741,Anna Murray,Training,amurraykk@barnesandnoble.com
742,Anne Smith,Human Resources,asmithkl@wikispaces.com
743,Fred Reid,Human Resources,freidkm@hhs.gov
744,James Lopez,Sales,jlopezkn@biglobe.ne.jp
745,Marie Bell,Legal,mbellko@facebook.com
746,Ernest Campbell,Marketing,ecampbellkp@usnews.com
747,Carolyn Meyer,Engineering,cmeyerkq@unc.edu
748,Todd Hunt,Legal,thuntkr@nature.com
749,Shawn Smith,Support,ssmithks@posterous.com
750,Eric Hunt,Human Resources,ehuntkt@dailymail.co.uk
751,Gerald Little,Engineering,glittleku@dell.com
752,Sharon Wilson,Human Resources,swilsonkv@noaa.gov
753,Cynthia Payne,Business Development,cpaynekw@harvard.edu
754,Judy Long,Sales,jlongkx@nytimes.com
755,Julie Martinez,Accounting,jmartinezky@hhs.gov
756,Maria Hunter,Support,mhunterkz@toplist.cz
757,Anthony Rivera,Accounting,ariveral0@etsy.com
758,Ronald Garcia,Business Development,rgarcial1@deviantart.com
759,Matthew Carroll,Services,mcarrolll2@bloomberg.com
760,Doris Holmes,Legal,dholmesl3@ox.ac.uk
761,Anthony Williamson,Accounting,awilliamsonl4@digg.com
762,Emily Garcia,Legal,egarcial5@redcross.org
763,Albert Allen,Product Management,aallenl6@example.com
764,Kenneth Cox,Research and Development,kcoxl7@rambler.ru
765,Patrick Schmidt,Sales,pschmidtl8@skyrock.com
766,Stephen Harris,Engineering,sharrisl9@tinypic.com
767,Joseph Gutierrez,Services,jgutierrezla@oakley.com
768,Maria Willis,Engineering,mwillislb@fc2.com
769,Larry Henderson,Engineering,lhendersonlc@infoseek.co.jp
770,Chris Payne,Product Management,cpayneld@icq.com
771,Jack Wheeler,Services,jwheelerle@cbslocal.com
772,Emily Carter,Sales,ecarterlf@t-online.de
773,Cynthia Davis,Research and Development,cdavislg@theglobeandmail.com
774,Juan Reid,Training,jreidlh@nydailynews.com
775,Diane Griffin,Services,dgriffinli@google.ru
776,Irene Allen,Business Development,iallenlj@telegraph.co.uk
777,Laura Walker,Human Resources,lwalkerlk@wsj.com
778,Randy Adams,Human Resources,radamsll@blogspot.com
779,Rose Perez,Legal,rperezlm@ifeng.com
780,Stephanie Johnson,Legal,sjohnsonln@ibm.com
781,Anna Ortiz,Business Development,aortizlo@soup.io
782,Patricia Ortiz,Sales,portizlp@com.com
783,Kenneth Dean,Legal,kdeanlq@usa.gov
784,Matthew Thomas,Research and Development,mthomaslr@marriott.com
785,Sharon Williams,Product Management,swilliamsls@so-net.ne.jp
786,Catherine Morrison,Research and Development,cmorrisonlt@google.com.br
787,Albert Stephens,Legal,astephenslu@mozilla.org
788,Judy Long,Marketing,jlonglv@amazon.co.jp
789,Michael Richards,Services,mrichardslw@yellowbook.com
790,Sandra Roberts,Research and Development,srobertslx@e-recht24.de
791,Joe Moore,Marketing,jmoorely@google.de
792,Kathy Perkins,Support,kperkinslz@time.com
793,Kathy Gonzalez,Support,kgonzalezm0@japanpost.jp
794,Fred Washington,Sales,fwashingtonm1@mozilla.org
795,Carolyn Gomez,Human Resources,cgomezm2@craigslist.org
796,Rose Miller,Support,rmillerm3@smugmug.com
797,Gloria Wright,Human Resources,gwrightm4@discuz.net
798,Steven Ramos,Marketing,sramosm5@wiley.com
799,Katherine Bennett,Research and Development,kbennettm6@businesswire.com
800,Diane Stewart,Engineering,dstewartm7@vistaprint.com
801,Brian Andrews,Sales,bandrewsm8@skype.com
802,Ralph Romero,Services,rromerom9@theglobeandmail.com
803,Lawrence Thompson,Research and Development,lthompsonma@t.co
804,James Baker,Research and Development,jbakermb@symantec.com
805,Phyllis Torres,Product Management,ptorresmc@admin.ch
806,Christine Brooks,Sales,cbrooksmd@hatena.ne.jp
807,Chris Hanson,Product Management,chansonme@mac.com
808,David Bishop,Services,dbishopmf@ca.gov
809,Stephen Miller,Support,smillermg@cafepress.com
810,Dennis Barnes,Business Development,dbarnesmh@yale.edu
811,Gerald Cook,Training,gcookmi@nyu.edu
812,Andrea Gibson,Support,agibsonmj@nature.com
813,Carl Collins,Sales,ccollinsmk@trellian.com
814,Rachel Patterson,Sales,rpattersonml@meetup.com
815,Virginia Fisher,Services,vfishermm@phpbb.com
816,Keith Smith,Business Development,ksmithmn@irs.gov
817,Stephen Burns,Training,sburnsmo@amazon.de
818,Joan Williamson,Support,jwilliamsonmp@oakley.com
819,Linda Cook,Training,lcookmq@gravatar.com
820,Michelle Washington,Human Resources,mwashingtonmr@delicious.com
821,Jose Day,Legal,jdayms@yahoo.com
822,Ann Freeman,Legal,afreemanmt@adobe.com
823,Louis Little,Services,llittlemu@weibo.com
824,Andrew Stone,Human Resources,astonemv@yolasite.com
825,Nancy Ferguson,Accounting,nfergusonmw@ovh.net
826,Kathy Williamson,Training,kwilliamsonmx@nsw.gov.au
827,Pamela Mills,Training,pmillsmy@tamu.edu
828,Aaron Howell,Human Resources,ahowellmz@miitbeian.gov.cn
829,Thomas Green,Services,tgreenn0@ebay.co.uk
830,Albert Burns,Legal,aburnsn1@utexas.edu
831,Donna Kelley,Sales,dkelleyn2@csmonitor.com
832,Andrea Ramos,Training,aramosn3@tripod.com
833,Kenneth Boyd,Marketing,kboydn4@youku.com
834,Victor Kelly,Human Resources,vkellyn5@i2i.jp
835,Shawn Jordan,Support,sjordann6@ucoz.com
836,Matthew Chapman,Human Resources,mchapmann7@yellowpages.com
837,Lawrence Kennedy,Accounting,lkennedyn8@archive.org
838,Gary Martinez,Engineering,gmartinezn9@a8.net
839,Norma Carpenter,Business Development,ncarpenterna@independent.co.uk
840,Paul Porter,Research and Development,pporternb@msn.com
841,Matthew Parker,Product Management,mparkernc@seattletimes.com
842,Lillian Hart,Training,lhartnd@cafepress.com
843,Aaron Gomez,Legal,agomezne@forbes.com
844,Angela James,Human Resources,ajamesnf@usatoday.com
845,Michael Ramos,Business Development,mramosng@prweb.com
846,Anthony Cunningham,Training,acunninghamnh@mit.edu
847,Carl Rice,Product Management,criceni@i2i.jp
848,Norma Sullivan,Marketing,nsullivannj@theguardian.com
849,David Fields,Sales,dfieldsnk@businesswire.com
850,Jack Duncan,Support,jduncannl@google.nl
851,Ralph Gutierrez,Human Resources,rgutierreznm@bbb.org
852,Rebecca Williams,Business Development,rwilliamsnn@1und1.de
853,Sandra Fowler,Services,sfowlerno@tripod.com
854,Kathy Parker,Sales,kparkernp@wikipedia.org
855,Judy Ruiz,Human Resources,jruiznq@dailymail.co.uk
856,Joyce Sullivan,Accounting,jsullivannr@noaa.gov
857,Theresa Reyes,Services,treyesns@miitbeian.gov.cn
858,Stephanie Mccoy,Human Resources,smccoynt@chronoengine.com
859,Daniel Kim,Support,dkimnu@instagram.com
860,Jeremy Bowman,Services,jbowmannv@blogtalkradio.com
861,Clarence Chavez,Services,cchaveznw@google.it
862,Todd Green,Legal,tgreennx@engadget.com
863,Rose George,Marketing,rgeorgeny@timesonline.co.uk
864,Jerry Kennedy,Accounting,jkennedynz@nih.gov
865,Rebecca Schmidt,Marketing,rschmidto0@reuters.com
866,Chris James,Legal,cjameso1@vimeo.com
867,Carol Snyder,Accounting,csnydero2@1und1.de
868,Walter Thomas,Legal,wthomaso3@bandcamp.com
869,Gloria Harris,Research and Development,gharriso4@hibu.com
870,Emily Montgomery,Human Resources,emontgomeryo5@wikispaces.com
871,Joan Payne,Support,jpayneo6@chicagotribune.com
872,Christopher Perez,Support,cperezo7@earthlink.net
873,Thomas Hughes,Human Resources,thugheso8@state.gov
874,George Riley,Support,grileyo9@msu.edu
875,Lois Duncan,Product Management,lduncanoa@hud.gov
876,Ronald James,Support,rjamesob@linkedin.com
877,Ryan Turner,Services,rturneroc@netvibes.com
878,Carolyn Hunter,Business Development,chunterod@admin.ch
879,Norma Bryant,Legal,nbryantoe@twitpic.com
880,Gloria Kim,Marketing,gkimof@google.it
881,Sharon Parker,Accounting,sparkerog@indiatimes.com
882,Bobby Graham,Research and Development,bgrahamoh@buzzfeed.com
883,William Brooks,Marketing,wbrooksoi@moonfruit.com
884,Richard Evans,Marketing,revansoj@ted.com
885,Bonnie Garza,Legal,bgarzaok@cnbc.com
886,Anna Ford,Engineering,afordol@accuweather.com
887,Julie Simpson,Training,jsimpsonom@abc.net.au
888,Henry Mason,Services,hmasonon@java.com
889,Debra Cruz,Business Development,dcruzoo@reuters.com
890,Tina Graham,Human Resources,tgrahamop@google.cn
891,Juan Tucker,Product Management,jtuckeroq@shareasale.com
892,Wayne Weaver,Training,wweaveror@stumbleupon.com
893,Nicholas Chavez,Support,nchavezos@mayoclinic.com
894,Gloria Lewis,Human Resources,glewisot@purevolume.com
895,Edward King,Engineering,ekingou@livejournal.com
896,Anthony Jenkins,Business Development,ajenkinsov@hexun.com
897,Edward Mccoy,Human Resources,emccoyow@cnn.com
898,David Davis,Human Resources,ddavisox@purevolume.com
899,Jesse Mitchell,Human Resources,jmitchelloy@wordpress.com
900,Jeffrey Kennedy,Product Management,jkennedyoz@ucoz.com
901,Amanda Morales,Sales,amoralesp0@irs.gov
902,Peter Matthews,Marketing,pmatthewsp1@webs.com
903,Willie Ortiz,Sales,wortizp2@adobe.com
904,Sean Flores,Services,sfloresp3@about.me
905,Gary Chapman,Business Development,gchapmanp4@ameblo.jp
906,Edward Knight,Product Management,eknightp5@miitbeian.gov.cn
907,Jesse Schmidt,Research and Development,jschmidtp6@hugedomains.com
908,Patricia Lewis,Research and Development,plewisp7@latimes.com
909,Aaron Wells,Engineering,awellsp8@so-net.ne.jp
910,Ryan Ferguson,Business Development,rfergusonp9@meetup.com
911,Anthony Webb,Services,awebbpa@shareasale.com
912,Margaret Crawford,Accounting,mcrawfordpb@friendfeed.com
913,Raymond Nguyen,Services,rnguyenpc@bloglines.com
914,Cynthia Woods,Product Management,cwoodspd@tiny.cc
915,Diana Butler,Accounting,dbutlerpe@nationalgeographic.com
916,Joyce Banks,Research and Development,jbankspf@uiuc.edu
917,Ralph Pierce,Services,rpiercepg@auda.org.au
918,Margaret Hawkins,Business Development,mhawkinsph@utexas.edu
919,Kevin Stevens,Sales,kstevenspi@newsvine.com
920,Jeremy Adams,Engineering,jadamspj@newsvine.com
921,Joshua Dean,Services,jdeanpk@skype.com
922,Mark West,Marketing,mwestpl@addtoany.com
923,Michael Johnson,Sales,mjohnsonpm@earthlink.net
924,Amanda Brown,Support,abrownpn@loc.gov
925,Jane Welch,Research and Development,jwelchpo@wikispaces.com
926,Kathleen Reed,Engineering,kreedpp@ebay.co.uk
927,Kenneth Harper,Product Management,kharperpq@whitehouse.gov
928,Sandra Alvarez,Research and Development,salvarezpr@bigcartel.com
929,Margaret Myers,Support,mmyersps@altervista.org
930,Alice Daniels,Marketing,adanielspt@icio.us
931,Julia Garcia,Research and Development,jgarciapu@typepad.com
932,Ann James,Support,ajamespv@lulu.com
933,Deborah West,Sales,dwestpw@marketwatch.com
934,Virginia Ross,Human Resources,vrosspx@microsoft.com
935,Linda Boyd,Services,lboydpy@over-blog.com
936,Ashley Crawford,Research and Development,acrawfordpz@nba.com
937,Ernest Wagner,Product Management,ewagnerq0@boston.com
938,Sean Welch,Engineering,swelchq1@jigsy.com
939,Jerry Washington,Research and Development,jwashingtonq2@clickbank.net
940,Alice Kelley,Sales,akelleyq3@twitpic.com
941,Frances Garza,Sales,fgarzaq4@twitter.com
942,Sharon Spencer,Services,sspencerq5@infoseek.co.jp
943,Shawn Thompson,Legal,sthompsonq6@ihg.com
944,Kathryn Bowman,Support,kbowmanq7@squarespace.com
945,John Cruz,Product Management,jcruzq8@ustream.tv
946,Gregory Vasquez,Human Resources,gvasquezq9@paypal.com
947,Anna Miller,Training,amillerqa@jigsy.com
948,Jane Garza,Training,jgarzaqb@ifeng.com
949,Joe Wright,Sales,jwrightqc@tiny.cc
950,Pamela Torres,Legal,ptorresqd@delicious.com
951,Heather Nichols,Marketing,hnicholsqe@simplemachines.org
952,Paula Hart,Accounting,phartqf@miibeian.gov.cn
953,Rachel Nelson,Human Resources,rnelsonqg@vkontakte.ru
954,Robert Morales,Legal,rmoralesqh@google.com.br
955,Lillian Knight,Marketing,lknightqi@list-manage.com
956,Paul Sims,Accounting,psimsqj@wikimedia.org
957,Denise Jordan,Business Development,djordanqk@nih.gov
958,Karen Ross,Legal,krossql@sohu.com
959,Brandon Woods,Support,bwoodsqm@hc360.com
960,Bobby Frazier,Support,bfrazierqn@psu.edu
961,Benjamin Collins,Legal,bcollinsqo@slate.com
962,Stephanie Sullivan,Training,ssullivanqp@weebly.com
963,Robin Moreno,Engineering,rmorenoqq@instagram.com
964,Kathleen Harvey,Product Management,kharveyqr@sfgate.com
965,Raymond Kelley,Engineering,rkelleyqs@biglobe.ne.jp
966,Lois Bradley,Engineering,lbradleyqt@opera.com
967,Brenda Holmes,Human Resources,bholmesqu@about.com
968,Samuel Cunningham,Product Management,scunninghamqv@dropbox.com
969,Emily Hicks,Legal,ehicksqw@hp.com
970,Sarah Roberts,Business Development,srobertsqx@utexas.edu
971,Mark Long,Marketing,mlongqy@netvibes.com
972,Nancy Murray,Marketing,nmurrayqz@hp.com
973,Jonathan Oliver,Legal,joliverr0@latimes.com
974,Virginia Brooks,Research and Development,vbrooksr1@alibaba.com
975,Juan Williamson,Support,jwilliamsonr2@fotki.com
976,Eugene Williams,Accounting,ewilliamsr3@storify.com
977,Joe Bowman,Accounting,jbowmanr4@ft.com
978,Janice Fisher,Training,jfisherr5@usnews.com
979,Lisa Snyder,Product Management,lsnyderr6@discovery.com
980,Patrick Little,Sales,plittler7@adobe.com
981,Juan Williams,Human Resources,jwilliamsr8@edublogs.org
982,Richard Phillips,Accounting,rphillipsr9@mapquest.com
983,Rachel Powell,Human Resources,rpowellra@google.ru
984,James Robinson,Business Development,jrobinsonrb@freewebs.com
985,Evelyn Gilbert,Sales,egilbertrc@opensource.org
986,Betty Johnston,Services,bjohnstonrd@adobe.com
987,Robert Hunt,Legal,rhuntre@123-reg.co.uk
988,Rose Reid,Accounting,rreidrf@skype.com
989,Brenda Montgomery,Services,bmontgomeryrg@cpanel.net
990,Doris Phillips,Accounting,dphillipsrh@nationalgeographic.com
991,Ann Fuller,Services,afullerri@1688.com
992,Tina Graham,Product Management,tgrahamrj@intel.com
993,Alan Lawson,Marketing,alawsonrk@godaddy.com
994,Laura Lewis,Human Resources,llewisrl@blogtalkradio.com
995,Adam Olson,Human Resources,aolsonrm@meetup.com
996,Karen Little,Marketing,klittlern@oracle.com
997,Mark Hamilton,Research and Development,mhamiltonro@nasa.gov
998,Aaron Martin,Engineering,amartinrp@de.vu
999,Gary Butler,Product Management,gbutlerrq@huffingtonpost.com
1000,Samuel Martin,Accounting,smartinrr@miitbeian.gov.cn
