id,first_name,last_name,email,gender,ip_address
1,Gregory,Crawford,gcrawford0@netlog.com,Male,139.248.161.76
2,Peter,Henry,phenry1@github.com,Male,220.70.80.149
3,Steve,Wagner,swagner2@biblegateway.com,Male,219.121.45.119
4,Susan,Hansen,shansen3@howstuffworks.com,Female,12.69.206.242
5,Gregory,Schmidt,gschmidt4@state.tx.us,Male,120.97.75.152
6,Eric,Cunningham,ecunningham5@cisco.com,Male,115.27.15.202
7,Jane,Bradley,jbradley6@technorati.com,Female,1.81.116.25
8,Robert,Marshall,rmarshall7@mac.com,Male,183.22.150.227
9,Christine,Hawkins,chawkins8@aboutads.info,Female,251.251.68.173
10,Diana,Baker,dbaker9@odnoklassniki.ru,Female,62.202.11.219
11,Alice,Henry,ahenrya@columbia.edu,Female,85.194.12.121
12,Paula,Diaz,pdiazb@domainmarket.com,Female,240.17.243.86
13,Carol,Armstrong,carmstrongc@nps.gov,Female,157.69.141.96
14,Dennis,Greene,dgreened@about.me,Male,211.126.76.133
15,Brenda,Cole,bcolee@yale.edu,Female,48.245.33.42
16,Evelyn,King,ekingf@oracle.com,Female,129.192.249.209
17,Kenneth,Nelson,knelsong@mozilla.com,Male,210.31.93.146
18,Beverly,Woods,bwoodsh@ed.gov,Female,223.101.138.38
19,Barbara,Burton,bburtoni@whitehouse.gov,Female,0.70.11.248
20,Douglas,Washington,dwashingtonj@blinklist.com,Male,120.82.219.80
21,Henry,Palmer,hpalmerk@mlb.com,Male,87.94.222.25
22,Debra,Allen,dallenl@amazon.com,Female,116.79.62.127
23,Joshua,Morgan,jmorganm@tamu.edu,Male,220.99.129.204
24,Elizabeth,Shaw,eshawn@behance.net,Female,92.132.237.91
25,Willie,Rodriguez,wrodriguezo@cnbc.com,Male,198.140.42.2
26,Janice,Sullivan,jsullivanp@tuttocitta.it,Female,203.28.165.240
27,Harold,George,hgeorgeq@un.org,Male,254.75.23.35
28,Gary,Gomez,ggomezr@reddit.com,Male,4.255.1.29
29,Ruth,Coleman,rcolemans@illinois.edu,Female,159.206.157.105
30,Paula,Johnston,pjohnstont@amazon.co.uk,Female,140.190.150.146
31,Louis,Evans,levansu@theatlantic.com,Male,191.19.41.46
32,Jeffrey,Cooper,jcooperv@dyndns.org,Male,165.9.31.142
33,Lillian,Rose,lrosew@harvard.edu,Female,58.167.14.61
34,Kathy,Webb,kwebbx@businessweek.com,Female,241.15.253.19
35,Stephen,Alexander,salexandery@webeden.co.uk,Male,138.136.66.200
36,Frances,Freeman,ffreemanz@businessinsider.com,Female,219.154.242.39
37,Norma,Thomas,nthomas10@soundcloud.com,Female,168.142.17.18
38,Paula,Ferguson,pferguson11@wordpress.com,Female,74.46.30.31
39,Jane,Fuller,jfuller12@about.me,Female,182.5.170.79
40,Thomas,Jordan,tjordan13@jimdo.com,Male,182.243.133.82
41,Anthony,Frazier,afrazier14@quantcast.com,Male,231.25.182.198
42,Harold,Richards,hrichards15@toplist.cz,Male,191.52.106.125
43,Mary,Harper,mharper16@ed.gov,Female,112.110.224.91
44,Jennifer,Pierce,jpierce17@posterous.com,Female,205.35.245.190
45,Robert,Ryan,rryan18@cbslocal.com,Male,37.105.28.1
46,Roy,Campbell,rcampbell19@marketwatch.com,Male,30.77.240.225
47,Carolyn,Jacobs,cjacobs1a@apple.com,Female,33.169.91.246
48,Andrea,Fox,afox1b@noaa.gov,Female,145.225.199.130
49,Juan,Brooks,jbrooks1c@slashdot.org,Male,125.111.172.117
50,Deborah,Reyes,dreyes1d@com.com,Female,99.64.32.248
51,Steven,Vasquez,svasquez1e@friendfeed.com,Male,111.126.95.75
52,Amanda,Perkins,aperkins1f@multiply.com,Female,124.46.83.152
53,Frances,Sanders,fsanders1g@desdev.cn,Female,37.89.59.116
54,Deborah,Gibson,dgibson1h@craigslist.org,Female,125.205.133.66
55,Lois,Williamson,lwilliamson1i@creativecommons.org,Female,30.29.199.174
56,Willie,Riley,wriley1j@wisc.edu,Male,97.90.61.208
57,Kelly,Mccoy,kmccoy1k@cnn.com,Female,201.76.157.29
58,Marilyn,Alexander,malexander1l@1688.com,Female,112.199.67.21
59,Theresa,Cole,tcole1m@dailymail.co.uk,Female,197.100.59.18
60,Craig,Rodriguez,crodriguez1n@microsoft.com,Male,27.34.18.108
61,Russell,Larson,rlarson1o@prnewswire.com,Male,215.255.210.65
62,Annie,Howard,ahoward1p@ow.ly,Female,9.204.176.129
63,Jerry,Murray,jmurray1q@vistaprint.com,Male,9.122.252.243
64,Antonio,Holmes,aholmes1r@list-manage.com,Male,79.240.43.225
65,Margaret,Howell,mhowell1s@scribd.com,Female,99.124.67.171
66,Nicole,Vasquez,nvasquez1t@com.com,Female,60.77.187.236
67,Melissa,Baker,mbaker1u@ask.com,Female,189.28.35.87
68,Dennis,Hanson,dhanson1v@jigsy.com,Male,93.112.143.208
69,Carl,Knight,cknight1w@free.fr,Male,65.0.22.78
70,Kathryn,Holmes,kholmes1x@a8.net,Female,61.170.94.98
71,Alan,Webb,awebb1y@canalblog.com,Male,7.53.53.181
72,Peter,Harrison,pharrison1z@eventbrite.com,Male,212.3.151.12
73,Sara,Porter,sporter20@nyu.edu,Female,235.102.168.187
74,Brandon,Welch,bwelch21@newyorker.com,Male,238.83.14.225
75,Stephen,Sims,ssims22@odnoklassniki.ru,Male,182.116.129.129
76,Andrew,Hill,ahill23@usda.gov,Male,185.254.185.243
77,Joan,Palmer,jpalmer24@cloudflare.com,Female,118.104.63.226
78,Kelly,Schmidt,kschmidt25@mysql.com,Female,254.126.66.109
79,Patrick,Knight,pknight26@psu.edu,Male,4.58.26.149
80,Kenneth,Cunningham,kcunningham27@go.com,Male,207.38.251.48
81,Arthur,Freeman,afreeman28@forbes.com,Male,204.175.84.25
82,Jacqueline,Morris,jmorris29@smh.com.au,Female,156.22.8.180
83,Lillian,Allen,lallen2a@fema.gov,Female,38.111.31.25
84,Thomas,Fisher,tfisher2b@auda.org.au,Male,219.87.80.145
85,Cynthia,George,cgeorge2c@theglobeandmail.com,Female,242.151.87.105
86,Paul,Montgomery,pmontgomery2d@clickbank.net,Male,51.139.12.126
87,Douglas,Wood,dwood2e@artisteer.com,Male,9.5.142.153
88,Peter,Stevens,pstevens2f@sina.com.cn,Male,138.61.33.64
89,Theresa,Wallace,twallace2g@marketwatch.com,Female,16.92.34.175
90,Maria,Dixon,mdixon2h@feedburner.com,Female,156.165.201.72
91,Brandon,Boyd,bboyd2i@rambler.ru,Male,126.2.176.14
92,Karen,Anderson,kanderson2j@army.mil,Female,194.146.124.131
93,Carl,Morrison,cmorrison2k@meetup.com,Male,99.103.173.24
94,Tina,Coleman,tcoleman2l@amazon.de,Female,144.246.75.119
95,Jacqueline,Schmidt,jschmidt2m@archive.org,Female,84.10.162.107
96,Frank,Wells,fwells2n@dagondesign.com,Male,195.74.160.29
97,Aaron,Roberts,aroberts2o@tmall.com,Male,107.80.235.185
98,Betty,Ellis,bellis2p@sun.com,Female,11.146.94.73
99,Gerald,White,gwhite2q@wordpress.com,Male,193.69.227.115
100,Samuel,Stewart,sstewart2r@europa.eu,Male,53.103.205.135
101,Julie,Carr,jcarr2s@instagram.com,Female,109.67.20.93
102,Ernest,Warren,ewarren2t@nymag.com,Male,181.236.53.36
103,Nicholas,George,ngeorge2u@wikipedia.org,Male,238.26.159.128
104,Willie,Smith,wsmith2v@com.com,Male,195.121.104.174
105,Ronald,Sanders,rsanders2w@livejournal.com,Male,107.219.150.137
106,Jesse,Dean,jdean2x@woothemes.com,Male,79.58.50.251
107,Carol,Rodriguez,crodriguez2y@cbsnews.com,Female,191.218.206.216
108,Theresa,Harper,tharper2z@techcrunch.com,Female,214.228.9.9
109,Sarah,Moreno,smoreno30@booking.com,Female,230.84.122.242
110,Charles,Richardson,crichardson31@timesonline.co.uk,Male,15.214.191.142
111,James,Roberts,jroberts32@alexa.com,Male,165.181.115.51
112,Kenneth,Wilson,kwilson33@umn.edu,Male,1.159.33.128
113,Alan,Berry,aberry34@clickbank.net,Male,168.98.216.205
114,Douglas,Chavez,dchavez35@liveinternet.ru,Male,229.233.47.145
115,Walter,Taylor,wtaylor36@geocities.jp,Male,11.157.74.106
116,Amy,Reyes,areyes37@sfgate.com,Female,81.43.162.43
117,Rachel,Knight,rknight38@webmd.com,Female,245.115.141.175
118,Andrea,Sims,asims39@mozilla.org,Female,101.184.206.64
119,Raymond,Ramirez,rramirez3a@tinyurl.com,Male,52.197.244.1
120,Randy,Robertson,rrobertson3b@prnewswire.com,Male,87.247.238.180
121,Mildred,Welch,mwelch3c@noaa.gov,Female,133.154.221.202
122,Mark,Nichols,mnichols3d@ehow.com,Male,127.230.34.222
123,Scott,Dixon,sdixon3e@skype.com,Male,112.254.245.100
124,Joan,Daniels,jdaniels3f@xing.com,Female,73.187.132.56
125,Fred,Martinez,fmartinez3g@yellowbook.com,Male,251.145.39.225
126,Jane,Oliver,joliver3h@google.pl,Female,180.238.181.27
127,Joseph,Bishop,jbishop3i@geocities.com,Male,249.187.225.167
128,Robert,Black,rblack3j@netlog.com,Male,195.94.31.203
129,Earl,Hanson,ehanson3k@stanford.edu,Male,53.37.201.71
130,Gregory,Daniels,gdaniels3l@technorati.com,Male,25.203.67.250
131,Jeffrey,Sanchez,jsanchez3m@usda.gov,Male,40.254.80.122
132,Betty,Brown,bbrown3n@redcross.org,Female,72.120.117.112
133,Robert,Myers,rmyers3o@fastcompany.com,Male,156.150.60.91
134,Dorothy,Graham,dgraham3p@hud.gov,Female,115.208.41.85
135,Randy,Sims,rsims3q@google.com.hk,Male,99.14.127.217
136,Norma,Barnes,nbarnes3r@yellowpages.com,Female,82.125.34.16
137,Robert,Lopez,rlopez3s@topsy.com,Male,92.219.8.222
138,Jacqueline,Chapman,jchapman3t@woothemes.com,Female,229.221.142.140
139,Jason,Cox,jcox3u@parallels.com,Male,157.218.165.243
140,Roger,Ruiz,rruiz3v@geocities.com,Male,40.146.181.232
141,Shirley,Robertson,srobertson3w@friendfeed.com,Female,193.117.195.163
142,Walter,Russell,wrussell3x@digg.com,Male,135.153.202.116
143,Jose,Perkins,jperkins3y@google.co.jp,Male,62.145.210.229
144,Douglas,Hudson,dhudson3z@cloudflare.com,Male,168.245.91.137
145,Betty,Grant,bgrant40@altervista.org,Female,117.139.35.110
146,Matthew,Kennedy,mkennedy41@live.com,Male,243.17.163.65
147,Marilyn,Harvey,mharvey42@nasa.gov,Female,189.142.175.181
148,Louis,Dean,ldean43@ocn.ne.jp,Male,33.50.11.223
149,Jonathan,Stephens,jstephens44@tripadvisor.com,Male,120.166.45.198
150,Charles,Holmes,cholmes45@microsoft.com,Male,207.232.39.34
151,Edward,King,eking46@icio.us,Male,86.2.93.79
152,Alan,Wheeler,awheeler47@noaa.gov,Male,222.17.212.2
153,Irene,Bailey,ibailey48@altervista.org,Female,80.215.242.176
154,Walter,Matthews,wmatthews49@phpbb.com,Male,67.55.45.168
155,Patrick,Burton,pburton4a@arstechnica.com,Male,241.45.143.231
156,Jason,Austin,jaustin4b@alexa.com,Male,39.126.49.171
157,Nancy,Gonzalez,ngonzalez4c@sciencedirect.com,Female,40.168.122.25
158,Jane,Butler,jbutler4d@sina.com.cn,Female,255.18.219.108
159,Kathleen,Hunt,khunt4e@google.co.jp,Female,180.122.107.229
160,Angela,Jenkins,ajenkins4f@nih.gov,Female,116.8.195.216
161,Joseph,Webb,jwebb4g@digg.com,Male,187.151.144.157
162,Phillip,Olson,polson4h@flavors.me,Male,3.67.122.206
163,Roger,Olson,rolson4i@mediafire.com,Male,112.133.203.138
164,Sharon,Patterson,spatterson4j@bandcamp.com,Female,255.168.56.247
165,Pamela,Carroll,pcarroll4k@wikia.com,Female,228.150.182.141
166,Thomas,Mills,tmills4l@trellian.com,Male,125.88.6.23
167,Theresa,Stone,tstone4m@studiopress.com,Female,26.51.156.112
168,Debra,Fisher,dfisher4n@freewebs.com,Female,160.93.32.233
169,Dennis,Bennett,dbennett4o@gravatar.com,Male,204.190.77.179
170,Elizabeth,Mills,emills4p@hibu.com,Female,207.156.168.247
171,Antonio,Wilson,awilson4q@tinypic.com,Male,185.40.73.53
172,Chris,Green,cgreen4r@unblog.fr,Male,196.255.251.230
173,Craig,Ray,cray4s@people.com.cn,Male,160.102.162.229
174,Jane,Cooper,jcooper4t@boston.com,Female,172.139.244.221
175,Ruth,Wallace,rwallace4u@topsy.com,Female,53.113.169.27
176,Dennis,Harper,dharper4v@g.co,Male,162.143.188.94
177,Ronald,Marshall,rmarshall4w@nifty.com,Male,100.62.74.80
178,Antonio,Roberts,aroberts4x@google.com,Male,83.91.21.123
179,Diana,Olson,dolson4y@w3.org,Female,89.171.95.231
180,Joseph,Hansen,jhansen4z@so-net.ne.jp,Male,206.181.251.97
181,Fred,Gardner,fgardner50@jimdo.com,Male,109.209.232.15
182,Jessica,Dean,jdean51@dmoz.org,Female,133.85.39.47
183,Kathleen,Jordan,kjordan52@indiatimes.com,Female,232.46.231.204
184,Tina,Myers,tmyers53@craigslist.org,Female,67.56.168.162
185,Ruby,Miller,rmiller54@gmpg.org,Female,55.255.183.0
186,Irene,Moreno,imoreno55@theatlantic.com,Female,109.7.43.40
187,Martha,Ortiz,mortiz56@goodreads.com,Female,167.229.9.238
188,Margaret,Carter,mcarter57@accuweather.com,Female,42.92.28.228
189,Ryan,Scott,rscott58@xinhuanet.com,Male,28.244.138.103
190,Janet,Wallace,jwallace59@archive.org,Female,46.155.237.203
191,Frances,Hicks,fhicks5a@tamu.edu,Female,0.180.133.249
192,Amy,Taylor,ataylor5b@facebook.com,Female,54.25.188.39
193,Lois,Bradley,lbradley5c@gravatar.com,Female,130.102.14.189
194,Joseph,Warren,jwarren5d@usa.gov,Male,190.172.33.152
195,Jonathan,Larson,jlarson5e@zdnet.com,Male,10.237.101.118
196,Carl,Boyd,cboyd5f@ibm.com,Male,4.132.136.70
197,Robin,Holmes,rholmes5g@bravesites.com,Female,174.201.104.129
198,Kimberly,Tucker,ktucker5h@last.fm,Female,111.167.138.141
199,Chris,Banks,cbanks5i@blog.com,Male,116.195.69.190
200,Henry,Turner,hturner5j@ucoz.com,Male,152.250.117.62
201,Kenneth,Perez,kperez5k@accuweather.com,Male,14.186.246.164
202,Aaron,Henry,ahenry5l@goodreads.com,Male,145.126.196.53
203,Victor,Harper,vharper5m@tumblr.com,Male,189.202.195.167
204,Michelle,Griffin,mgriffin5n@altervista.org,Female,163.122.248.50
205,Rachel,Bradley,rbradley5o@unesco.org,Female,19.16.66.163
206,Louise,Johnson,ljohnson5p@rambler.ru,Female,110.89.201.62
207,Earl,Harvey,eharvey5q@vkontakte.ru,Male,2.252.123.217
208,Maria,Montgomery,mmontgomery5r@purevolume.com,Female,90.65.78.101
209,Laura,Walker,lwalker5s@yelp.com,Female,229.102.243.83
210,Keith,Ruiz,kruiz5t@eepurl.com,Male,145.226.81.105
211,Wayne,Pierce,wpierce5u@arizona.edu,Male,187.227.129.38
212,Michelle,Franklin,mfranklin5v@theguardian.com,Female,164.225.231.37
213,Henry,Berry,hberry5w@mapy.cz,Male,41.47.214.122
214,Stephen,Stanley,sstanley5x@wsj.com,Male,15.24.36.119
215,Brandon,Howard,bhoward5y@upenn.edu,Male,191.254.22.189
216,Brandon,Owens,bowens5z@comcast.net,Male,42.75.43.102
217,Howard,Campbell,hcampbell60@is.gd,Male,226.187.169.13
218,Phyllis,Daniels,pdaniels61@icio.us,Female,141.69.157.130
219,Virginia,Hanson,vhanson62@dedecms.com,Female,16.135.101.108
220,Charles,Carpenter,ccarpenter63@webnode.com,Male,129.203.41.162
221,David,Wood,dwood64@ifeng.com,Male,133.142.129.115
222,Joseph,Gonzales,jgonzales65@mapy.cz,Male,172.50.183.84
223,Edward,Montgomery,emontgomery66@devhub.com,Male,253.2.39.243
224,Irene,Gonzales,igonzales67@amazon.co.jp,Female,17.106.26.27
225,Bobby,Bailey,bbailey68@ftc.gov,Male,136.92.181.221
226,Louis,Kim,lkim69@multiply.com,Male,174.23.56.171
227,Sharon,Morrison,smorrison6a@go.com,Female,183.135.98.109
228,Sara,Bryant,sbryant6b@ehow.com,Female,98.246.12.53
229,Kathy,Graham,kgraham6c@jalbum.net,Female,90.220.90.151
230,Adam,Alvarez,aalvarez6d@1688.com,Male,138.235.238.1
231,Roger,Riley,rriley6e@uiuc.edu,Male,95.233.131.205
232,Ashley,Brown,abrown6f@craigslist.org,Female,233.23.157.87
233,Marie,Hughes,mhughes6g@themeforest.net,Female,226.58.42.112
234,Mary,Jones,mjones6h@fc2.com,Female,239.225.193.128
235,Laura,Gomez,lgomez6i@typepad.com,Female,230.199.145.226
236,Janet,Baker,jbaker6j@oaic.gov.au,Female,33.227.117.251
237,Sean,Woods,swoods6k@etsy.com,Male,242.234.169.181
238,Louis,Crawford,lcrawford6l@plala.or.jp,Male,210.244.79.240
239,Russell,Collins,rcollins6m@bbb.org,Male,236.110.110.31
240,Ruby,Myers,rmyers6n@spiegel.de,Female,47.31.75.176
241,Pamela,Rivera,privera6o@hao123.com,Female,85.61.255.14
242,Julie,Crawford,jcrawford6p@cmu.edu,Female,95.86.160.249
243,Kelly,Johnson,kjohnson6q@gmpg.org,Female,188.249.208.89
244,Lillian,Olson,lolson6r@reference.com,Female,25.76.97.175
245,Julie,Gomez,jgomez6s@stanford.edu,Female,245.233.191.145
246,Todd,Duncan,tduncan6t@census.gov,Male,80.181.113.208
247,Paul,Black,pblack6u@pbs.org,Male,231.59.219.29
248,Raymond,Garza,rgarza6v@e-recht24.de,Male,147.216.45.58
249,Kelly,Wheeler,kwheeler6w@ow.ly,Female,88.196.216.51
250,Thomas,Marshall,tmarshall6x@nbcnews.com,Male,97.170.38.201
251,Jacqueline,Frazier,jfrazier6y@4shared.com,Female,124.70.11.129
252,Jacqueline,Ray,jray6z@house.gov,Female,104.53.167.10
253,Ruth,Hudson,rhudson70@reverbnation.com,Female,24.48.174.229
254,Carolyn,Grant,cgrant71@wordpress.com,Female,93.116.117.129
255,Jason,Miller,jmiller72@free.fr,Male,210.150.24.214
256,Benjamin,Shaw,bshaw73@apache.org,Male,6.61.230.178
257,Katherine,Stewart,kstewart74@tmall.com,Female,27.60.3.244
258,Diana,Watkins,dwatkins75@jigsy.com,Female,8.10.247.198
259,John,Daniels,jdaniels76@vkontakte.ru,Male,106.151.186.8
260,Ruby,Evans,revans77@indiatimes.com,Female,37.131.105.217
261,Andrea,Chapman,achapman78@addtoany.com,Female,182.186.78.219
262,Jack,Watkins,jwatkins79@pen.io,Male,85.180.55.179
263,Bobby,Stephens,bstephens7a@nationalgeographic.com,Male,13.34.133.119
264,Doris,Carr,dcarr7b@ebay.co.uk,Female,213.167.217.147
265,Betty,Smith,bsmith7c@nhs.uk,Female,230.180.17.85
266,Jerry,James,jjames7d@163.com,Male,50.137.127.136
267,Gregory,Gray,ggray7e@phoca.cz,Male,220.36.192.254
268,Alan,Bennett,abennett7f@businesswire.com,Male,144.165.2.135
269,Clarence,Morris,cmorris7g@mtv.com,Male,247.47.221.195
270,Sara,Larson,slarson7h@multiply.com,Female,76.98.228.128
271,Randy,Griffin,rgriffin7i@miitbeian.gov.cn,Male,229.55.96.67
272,Diana,Hudson,dhudson7j@tuttocitta.it,Female,146.129.137.123
273,Wayne,Thompson,wthompson7k@state.gov,Male,251.49.213.2
274,Billy,Ellis,bellis7l@gravatar.com,Male,196.147.118.7
275,Michael,Fuller,mfuller7m@macromedia.com,Male,96.63.252.87
276,Bobby,Adams,badams7n@columbia.edu,Male,192.95.9.165
277,Gregory,Sullivan,gsullivan7o@youtube.com,Male,71.228.57.87
278,Julia,Reynolds,jreynolds7p@google.fr,Female,80.70.186.38
279,Louise,Johnston,ljohnston7q@github.com,Female,246.34.154.177
280,Shirley,Baker,sbaker7r@noaa.gov,Female,148.202.163.88
281,Eugene,Shaw,eshaw7s@so-net.ne.jp,Male,229.119.198.252
282,Julia,Watson,jwatson7t@weather.com,Female,132.178.25.13
283,Elizabeth,Lawrence,elawrence7u@reference.com,Female,15.63.79.15
284,Todd,Gordon,tgordon7v@newsvine.com,Male,89.124.67.30
285,Jane,Knight,jknight7w@answers.com,Female,159.223.61.198
286,Jennifer,Rice,jrice7x@usda.gov,Female,73.146.151.205
287,Judith,Reynolds,jreynolds7y@mediafire.com,Female,182.41.67.175
288,Johnny,Barnes,jbarnes7z@photobucket.com,Male,116.186.161.0
289,Andrea,Cole,acole80@ning.com,Female,48.192.171.234
290,Christina,Jackson,cjackson81@geocities.jp,Female,234.213.41.90
291,Ernest,Fox,efox82@seesaa.net,Male,94.209.133.126
292,Fred,Hall,fhall83@google.com.au,Male,9.238.169.186
293,Kathleen,Stephens,kstephens84@ftc.gov,Female,13.185.41.116
294,Stephanie,Smith,ssmith85@amazonaws.com,Female,58.122.18.136
295,Mary,Warren,mwarren86@statcounter.com,Female,244.245.130.199
296,Harry,Lewis,hlewis87@ebay.co.uk,Male,238.157.58.192
297,Thomas,Ellis,tellis88@naver.com,Male,79.86.165.127
298,Ruth,Fields,rfields89@simplemachines.org,Female,72.52.70.122
299,Julia,Wagner,jwagner8a@jalbum.net,Female,97.214.153.254
300,Joseph,Bowman,jbowman8b@globo.com,Male,36.253.4.134
301,Thomas,Rice,trice8c@un.org,Male,153.123.73.3
302,Jason,Porter,jporter8d@un.org,Male,94.176.190.122
303,Jessica,Richardson,jrichardson8e@sciencedaily.com,Female,204.222.248.102
304,Frank,Garcia,fgarcia8f@artisteer.com,Male,103.73.101.189
305,Keith,Ford,kford8g@sfgate.com,Male,97.239.150.58
306,Adam,Stewart,astewart8h@prweb.com,Male,234.216.70.237
307,Sarah,Walker,swalker8i@ucoz.ru,Female,105.255.175.2
308,Carolyn,Pierce,cpierce8j@soup.io,Female,233.88.199.141
309,Aaron,Butler,abutler8k@about.me,Male,246.226.210.147
310,Emily,Bradley,ebradley8l@google.cn,Female,74.60.36.137
311,Lisa,Ray,lray8m@aboutads.info,Female,105.234.252.202
312,Lillian,Carroll,lcarroll8n@weather.com,Female,18.144.154.6
313,Richard,Shaw,rshaw8o@princeton.edu,Male,216.206.176.29
314,Sara,Harrison,sharrison8p@storify.com,Female,104.166.42.102
315,Samuel,Jenkins,sjenkins8q@eventbrite.com,Male,195.79.118.139
316,Paula,Young,pyoung8r@admin.ch,Female,178.104.121.117
317,Melissa,Porter,mporter8s@123-reg.co.uk,Female,114.112.129.136
318,Martha,Hansen,mhansen8t@gravatar.com,Female,220.65.80.187
319,Terry,Cook,tcook8u@de.vu,Male,238.99.171.23
320,Fred,Porter,fporter8v@cyberchimps.com,Male,140.150.104.161
321,Martin,Romero,mromero8w@census.gov,Male,80.139.82.9
322,William,Carroll,wcarroll8x@phoca.cz,Male,253.234.70.166
323,Melissa,Hill,mhill8y@businessweek.com,Female,27.46.82.57
324,Aaron,Bennett,abennett8z@google.it,Male,86.223.14.31
325,Evelyn,Cox,ecox90@infoseek.co.jp,Female,90.86.112.244
326,Sara,Oliver,soliver91@edublogs.org,Female,202.34.81.129
327,Bonnie,Porter,bporter92@discuz.net,Female,173.1.44.130
328,Richard,Wilson,rwilson93@dot.gov,Male,106.91.99.138
329,Lori,Cole,lcole94@disqus.com,Female,176.110.197.226
330,Christopher,Romero,cromero95@indiegogo.com,Male,50.103.148.195
331,Heather,Anderson,handerson96@jugem.jp,Female,41.182.116.74
332,George,Andrews,gandrews97@blogtalkradio.com,Male,32.180.246.169
333,Frank,Harvey,fharvey98@stumbleupon.com,Male,105.204.188.10
334,Martin,Coleman,mcoleman99@disqus.com,Male,126.240.21.206
335,Arthur,James,ajames9a@globo.com,Male,16.165.253.58
336,Roger,Castillo,rcastillo9b@go.com,Male,231.6.58.116
337,Paula,Robertson,probertson9c@china.com.cn,Female,141.173.187.33
338,Louise,Russell,lrussell9d@comsenz.com,Female,21.33.8.114
339,Jason,Nguyen,jnguyen9e@blogtalkradio.com,Male,65.51.73.220
340,Martha,Henderson,mhenderson9f@house.gov,Female,114.12.221.95
341,Willie,Graham,wgraham9g@thetimes.co.uk,Male,6.187.7.124
342,Stephanie,Cooper,scooper9h@canalblog.com,Female,187.41.157.75
343,Jacqueline,Price,jprice9i@wikia.com,Female,181.155.158.243
344,Cynthia,Henry,chenry9j@naver.com,Female,180.18.163.24
345,Rebecca,Ortiz,rortiz9k@army.mil,Female,36.172.37.66
346,Carolyn,Hughes,chughes9l@wikimedia.org,Female,187.33.115.73
347,Gerald,Nichols,gnichols9m@hexun.com,Male,121.63.99.124
348,Frances,Larson,flarson9n@cdc.gov,Female,80.218.155.238
349,Catherine,Jenkins,cjenkins9o@rambler.ru,Female,30.238.124.157
350,Patrick,Gonzales,pgonzales9p@craigslist.org,Male,114.202.152.246
351,Rose,Barnes,rbarnes9q@dailymail.co.uk,Female,249.166.133.180
352,Joan,Rivera,jrivera9r@cpanel.net,Female,37.63.193.72
353,Tammy,Brown,tbrown9s@netlog.com,Female,76.164.66.139
354,Brenda,Wilson,bwilson9t@geocities.jp,Female,231.227.131.10
355,Kathy,Washington,kwashington9u@slideshare.net,Female,0.216.57.50
356,Clarence,Willis,cwillis9v@yellowbook.com,Male,240.131.6.78
357,Samuel,Medina,smedina9w@exblog.jp,Male,27.189.140.4
358,Judith,Williamson,jwilliamson9x@umn.edu,Female,188.205.13.169
359,Irene,Johnson,ijohnson9y@businessinsider.com,Female,39.190.13.163
360,Adam,Barnes,abarnes9z@nydailynews.com,Male,35.77.209.228
361,Janice,Johnson,jjohnsona0@answers.com,Female,51.204.212.61
362,Paul,Hayes,phayesa1@trellian.com,Male,156.177.220.135
363,Anna,Taylor,ataylora2@4shared.com,Female,36.10.81.66
364,Janice,Duncan,jduncana3@newyorker.com,Female,28.185.176.223
365,Diana,Gonzalez,dgonzaleza4@samsung.com,Female,196.27.81.156
366,Kathryn,Campbell,kcampbella5@rediff.com,Female,75.172.69.6
367,Diana,Flores,dfloresa6@cyberchimps.com,Female,148.8.154.0
368,Scott,Wood,swooda7@360.cn,Male,190.173.249.196
369,Tina,Johnson,tjohnsona8@aol.com,Female,157.27.14.149
370,Anna,Burton,aburtona9@japanpost.jp,Female,22.150.16.203
371,Chris,Scott,cscottaa@blogspot.com,Male,53.26.145.217
372,Kathleen,Kennedy,kkennedyab@slideshare.net,Female,99.116.73.36
373,Anne,Carr,acarrac@newsvine.com,Female,14.226.51.89
374,Henry,Wheeler,hwheelerad@huffingtonpost.com,Male,129.43.58.205
375,Bobby,Lane,blaneae@sourceforge.net,Male,221.3.80.142
376,Daniel,Rogers,drogersaf@umn.edu,Male,225.113.175.240
377,Kelly,Williams,kwilliamsag@issuu.com,Female,17.214.213.201
378,Andrew,Wilson,awilsonah@examiner.com,Male,32.211.43.50
379,Christopher,Knight,cknightai@sfgate.com,Male,118.255.254.130
380,Phyllis,Rodriguez,prodriguezaj@blogger.com,Female,233.30.145.30
381,Bruce,Ryan,bryanak@jiathis.com,Male,202.131.71.127
382,Carl,Murphy,cmurphyal@msu.edu,Male,112.242.68.62
383,Roy,Kennedy,rkennedyam@amazon.co.uk,Male,179.250.24.57
384,Nicole,Johnson,njohnsonan@microsoft.com,Female,216.146.58.74
385,Wayne,Kim,wkimao@rakuten.co.jp,Male,251.22.192.54
386,Stephen,Smith,ssmithap@ow.ly,Male,12.30.224.28
387,Mary,Richards,mrichardsaq@upenn.edu,Female,90.227.159.24
388,Kenneth,Harrison,kharrisonar@yellowbook.com,Male,134.10.179.67
389,Martha,Cox,mcoxas@sina.com.cn,Female,62.187.69.207
390,Ronald,Nguyen,rnguyenat@harvard.edu,Male,154.111.113.208
391,Fred,Duncan,fduncanau@hexun.com,Male,38.117.37.101
392,James,Mcdonald,jmcdonaldav@vistaprint.com,Male,0.64.9.243
393,Amanda,Miller,amilleraw@networkadvertising.org,Female,109.228.238.124
394,Shawn,Mcdonald,smcdonaldax@yandex.ru,Male,81.225.62.171
395,Sharon,Brooks,sbrooksay@pbs.org,Female,49.15.86.106
396,Barbara,Martinez,bmartinezaz@woothemes.com,Female,190.253.140.249
397,Janice,White,jwhiteb0@acquirethisname.com,Female,49.40.136.34
398,Gregory,Foster,gfosterb1@unblog.fr,Male,114.230.5.44
399,Jason,Andrews,jandrewsb2@ovh.net,Male,232.44.42.116
400,Bonnie,Price,bpriceb3@kickstarter.com,Female,118.146.182.38
401,Ruby,Murray,rmurrayb4@51.la,Female,213.231.244.182
402,Chris,Romero,cromerob5@twitpic.com,Male,8.134.145.102
403,Scott,King,skingb6@github.com,Male,108.33.18.111
404,James,Howard,jhowardb7@rediff.com,Male,223.58.122.1
405,Walter,Bell,wbellb8@gov.uk,Male,231.164.113.71
406,Peter,Mason,pmasonb9@examiner.com,Male,131.150.125.219
407,Nicole,Hernandez,nhernandezba@nsw.gov.au,Female,248.129.112.52
408,Roger,Howell,rhowellbb@123-reg.co.uk,Male,87.174.96.187
409,Amy,Martin,amartinbc@google.co.jp,Female,43.53.233.61
410,Kenneth,Graham,kgrahambd@vk.com,Male,222.250.131.55
411,Dorothy,Perez,dperezbe@google.fr,Female,138.129.54.69
412,Martin,Kennedy,mkennedybf@cnn.com,Male,237.97.186.82
413,Roger,Little,rlittlebg@google.com.hk,Male,172.168.213.174
414,Phyllis,Chavez,pchavezbh@amazon.co.jp,Female,74.0.10.83
415,Cynthia,Hart,chartbi@4shared.com,Female,222.222.237.62
416,Joseph,Stanley,jstanleybj@sphinn.com,Male,223.188.177.116
417,Julia,Peters,jpetersbk@t-online.de,Female,202.13.253.206
418,Benjamin,Morgan,bmorganbl@biblegateway.com,Male,53.112.51.173
419,Nancy,Martinez,nmartinezbm@eventbrite.com,Female,3.231.219.71
420,Barbara,Duncan,bduncanbn@timesonline.co.uk,Female,108.217.242.235
421,Kevin,Wallace,kwallacebo@blogger.com,Male,29.76.193.1
422,Jesse,Jordan,jjordanbp@dell.com,Male,184.44.216.186
423,Juan,Price,jpricebq@ucsd.edu,Male,126.73.138.42
424,Joseph,Walker,jwalkerbr@reverbnation.com,Male,217.174.246.120
425,Barbara,Gibson,bgibsonbs@bbb.org,Female,47.192.14.179
426,Andrea,Barnes,abarnesbt@howstuffworks.com,Female,247.57.233.161
427,Rose,Jenkins,rjenkinsbu@theatlantic.com,Female,51.86.143.134
428,Nicholas,Cox,ncoxbv@microsoft.com,Male,131.46.0.70
429,Thomas,Mills,tmillsbw@yolasite.com,Male,198.146.215.46
430,Amanda,Mcdonald,amcdonaldbx@hud.gov,Female,96.166.1.59
431,Sarah,Richards,srichardsby@kickstarter.com,Female,101.117.17.171
432,Todd,Montgomery,tmontgomerybz@rakuten.co.jp,Male,115.105.220.140
433,Jeremy,Lane,jlanec0@nih.gov,Male,17.187.215.53
434,Sara,Howard,showardc1@newyorker.com,Female,243.62.253.217
435,Raymond,Nguyen,rnguyenc2@free.fr,Male,53.175.126.81
436,Lisa,Kim,lkimc3@photobucket.com,Female,208.142.147.12
437,Andrea,Coleman,acolemanc4@yahoo.co.jp,Female,163.188.50.64
438,Carlos,Castillo,ccastilloc5@delicious.com,Male,210.122.121.105
439,Rebecca,Allen,rallenc6@yellowpages.com,Female,214.223.241.142
440,Diane,Gonzalez,dgonzalezc7@unblog.fr,Female,3.202.132.216
441,Jane,Carpenter,jcarpenterc8@dagondesign.com,Female,95.69.27.77
442,Justin,Porter,jporterc9@oaic.gov.au,Male,219.68.189.217
443,Sharon,Howard,showardca@buzzfeed.com,Female,144.168.40.104
444,Jack,Carpenter,jcarpentercb@1und1.de,Male,141.235.125.9
445,Steven,Sullivan,ssullivancc@usa.gov,Male,34.98.21.86
446,Sharon,Parker,sparkercd@bigcartel.com,Female,116.19.92.140
447,Jesse,Richards,jrichardsce@hud.gov,Male,118.170.29.185
448,Jason,Peters,jpeterscf@nymag.com,Male,236.147.140.138
449,Alan,Garrett,agarrettcg@ihg.com,Male,6.135.86.163
450,Debra,Garcia,dgarciach@java.com,Female,46.58.158.9
451,Robert,Evans,revansci@constantcontact.com,Male,144.208.163.214
452,Julie,Foster,jfostercj@shutterfly.com,Female,117.47.132.39
453,Bruce,Cox,bcoxck@issuu.com,Male,12.32.30.147
454,Douglas,Henderson,dhendersoncl@latimes.com,Male,12.153.239.191
455,Kathy,White,kwhitecm@hp.com,Female,40.86.67.215
456,Howard,Sanders,hsanderscn@seesaa.net,Male,55.249.48.123
457,Marie,Price,mpriceco@unesco.org,Female,1.39.120.19
458,Timothy,Ramos,tramoscp@deliciousdays.com,Male,173.236.49.94
459,Pamela,Hayes,phayescq@deviantart.com,Female,50.248.128.8
460,Bruce,Fisher,bfishercr@apache.org,Male,124.254.110.153
461,Kathleen,Frazier,kfraziercs@goodreads.com,Female,150.94.76.64
462,Ashley,Ruiz,aruizct@diigo.com,Female,65.214.194.253
463,Jose,Jenkins,jjenkinscu@ustream.tv,Male,3.219.215.187
464,Donna,Berry,dberrycv@yellowpages.com,Female,3.127.167.109
465,Lisa,Long,llongcw@apache.org,Female,80.225.171.94
466,Robert,Montgomery,rmontgomerycx@kickstarter.com,Male,107.122.223.20
467,Cheryl,Harrison,charrisoncy@hc360.com,Female,161.139.57.212
468,Michael,Greene,mgreenecz@imageshack.us,Male,215.167.11.3
469,Clarence,Fowler,cfowlerd0@technorati.com,Male,55.1.123.194
470,Nicole,Meyer,nmeyerd1@shinystat.com,Female,243.77.45.127
471,Philip,Larson,plarsond2@webmd.com,Male,134.173.60.160
472,Amy,Stanley,astanleyd3@tmall.com,Female,73.150.6.88
473,Ronald,Adams,radamsd4@europa.eu,Male,14.155.110.113
474,Jacqueline,Stephens,jstephensd5@blogger.com,Female,70.191.211.5
475,Teresa,Ramos,tramosd6@wp.com,Female,75.55.51.86
476,Maria,Moreno,mmorenod7@networkadvertising.org,Female,164.219.60.232
477,Billy,Oliver,boliverd8@macromedia.com,Male,47.158.96.4
478,Jason,Jenkins,jjenkinsd9@eventbrite.com,Male,247.208.99.118
479,Brian,Shaw,bshawda@techcrunch.com,Male,169.38.189.174
480,Louis,Simmons,lsimmonsdb@skyrock.com,Male,168.255.73.85
481,James,Bell,jbelldc@hao123.com,Male,185.136.72.72
482,Ralph,Wilson,rwilsondd@yahoo.co.jp,Male,199.93.60.124
483,Steve,Nguyen,snguyende@guardian.co.uk,Male,94.88.162.189
484,Beverly,Dean,bdeandf@prnewswire.com,Female,75.194.202.31
485,Ronald,Ford,rforddg@engadget.com,Male,178.112.74.250
486,Denise,Wright,dwrightdh@arstechnica.com,Female,168.255.226.215
487,Elizabeth,Howard,ehowarddi@cornell.edu,Female,58.219.83.216
488,Jason,Warren,jwarrendj@soundcloud.com,Male,54.16.41.255
489,Sharon,Simpson,ssimpsondk@examiner.com,Female,227.207.210.180
490,Stephen,Gray,sgraydl@time.com,Male,63.37.221.193
491,Katherine,Harris,kharrisdm@bizjournals.com,Female,71.179.176.10
492,Norma,Rice,nricedn@paypal.com,Female,81.221.118.160
493,Jimmy,Sanders,jsandersdo@constantcontact.com,Male,201.13.159.209
494,Ruth,Moreno,rmorenodp@telegraph.co.uk,Female,18.46.36.220
495,Ruth,Washington,rwashingtondq@craigslist.org,Female,141.84.163.121
496,Carl,Carpenter,ccarpenterdr@github.com,Male,104.36.87.15
497,Jacqueline,Wallace,jwallaceds@dyndns.org,Female,220.19.210.69
498,Jeremy,Montgomery,jmontgomerydt@mediafire.com,Male,203.75.4.127
499,Gerald,Edwards,gedwardsdu@unblog.fr,Male,59.141.237.81
500,Kenneth,Chavez,kchavezdv@diigo.com,Male,92.130.54.237
501,Lori,Rogers,lrogersdw@nsw.gov.au,Female,167.180.18.147
502,Thomas,Sanchez,tsanchezdx@redcross.org,Male,72.203.188.232
503,Tina,Bailey,tbaileydy@bloglovin.com,Female,197.84.23.88
504,Margaret,Robinson,mrobinsondz@feedburner.com,Female,170.143.168.138
505,Ernest,Knight,eknighte0@washington.edu,Male,133.220.131.34
506,Shawn,Mills,smillse1@cnn.com,Male,105.41.75.90
507,David,Matthews,dmatthewse2@arstechnica.com,Male,211.25.205.172
508,Gary,Ruiz,gruize3@vistaprint.com,Male,26.70.104.133
509,Margaret,Marshall,mmarshalle4@google.ru,Female,164.72.117.255
510,Juan,Coleman,jcolemane5@sbwire.com,Male,39.229.152.188
511,Linda,Russell,lrusselle6@buzzfeed.com,Female,249.144.254.15
512,Diana,Mendoza,dmendozae7@psu.edu,Female,121.115.9.222
513,Joseph,Fuller,jfullere8@ask.com,Male,100.72.147.190
514,Anne,Fuller,afullere9@blogger.com,Female,60.228.228.112
515,Rebecca,Gonzales,rgonzalesea@t-online.de,Female,33.209.126.233
516,Tammy,Montgomery,tmontgomeryeb@tinyurl.com,Female,14.4.146.34
517,Christina,Payne,cpayneec@earthlink.net,Female,213.113.61.52
518,Robin,Hudson,rhudsoned@who.int,Female,207.146.236.0
519,Daniel,Bishop,dbishopee@netscape.com,Male,28.246.164.102
520,Tina,Moreno,tmorenoef@uol.com.br,Female,171.235.80.175
521,Elizabeth,Stewart,estewarteg@adobe.com,Female,241.68.199.188
522,Julia,Vasquez,jvasquezeh@godaddy.com,Female,196.33.72.243
523,Cheryl,Rodriguez,crodriguezei@hhs.gov,Female,214.49.127.158
524,Doris,Ray,drayej@ask.com,Female,97.249.170.220
525,Bonnie,Nichols,bnicholsek@mit.edu,Female,212.82.141.182
526,Sara,Henry,shenryel@last.fm,Female,8.226.178.240
527,Matthew,Hernandez,mhernandezem@home.pl,Male,187.16.184.168
528,Carol,Lopez,clopezen@shop-pro.jp,Female,46.89.191.10
529,Frances,Foster,ffostereo@dedecms.com,Female,43.0.213.173
530,Andrew,Alexander,aalexanderep@paginegialle.it,Male,29.155.151.237
531,Rebecca,Cooper,rcoopereq@edublogs.org,Female,23.212.221.206
532,Sara,Richards,srichardser@imgur.com,Female,63.110.244.120
533,Carlos,Baker,cbakeres@homestead.com,Male,34.108.211.93
534,Deborah,Turner,dturneret@unesco.org,Female,188.248.112.50
535,Bobby,Price,bpriceeu@google.com.au,Male,113.34.85.168
536,Melissa,Franklin,mfranklinev@google.ca,Female,163.230.228.133
537,Catherine,Wheeler,cwheelerew@wsj.com,Female,114.169.87.72
538,Kathleen,Palmer,kpalmerex@e-recht24.de,Female,171.105.139.197
539,Peter,Dunn,pdunney@networksolutions.com,Male,17.97.235.190
540,Catherine,Myers,cmyersez@bbc.co.uk,Female,77.25.129.31
541,Philip,Rose,prosef0@imdb.com,Male,37.115.16.169
542,Aaron,Morgan,amorganf1@psu.edu,Male,83.68.34.160
543,Jimmy,Wilson,jwilsonf2@ed.gov,Male,41.82.29.112
544,Paula,Payne,ppaynef3@friendfeed.com,Female,189.50.131.223
545,Marilyn,Carter,mcarterf4@qq.com,Female,132.228.101.4
546,Robin,Morrison,rmorrisonf5@pagesperso-orange.fr,Female,154.66.108.71
547,Alan,Wagner,awagnerf6@liveinternet.ru,Male,152.105.209.6
548,Steven,Ellis,sellisf7@yale.edu,Male,157.60.104.178
549,Jacqueline,Ferguson,jfergusonf8@hugedomains.com,Female,97.204.180.46
550,Paul,Alvarez,palvarezf9@slideshare.net,Male,237.111.201.232
551,Denise,Dixon,ddixonfa@ft.com,Female,45.111.250.15
552,Phyllis,Hill,phillfb@yahoo.co.jp,Female,209.113.59.46
553,Roy,Reid,rreidfc@nationalgeographic.com,Male,12.111.19.62
554,Brandon,Scott,bscottfd@shop-pro.jp,Male,6.98.189.137
555,Cynthia,Barnes,cbarnesfe@jimdo.com,Female,83.140.58.90
556,Lisa,Wells,lwellsff@sina.com.cn,Female,219.137.34.170
557,Justin,Dean,jdeanfg@github.com,Male,34.180.153.125
558,Tina,Watson,twatsonfh@nydailynews.com,Female,104.8.228.198
559,Donald,Carroll,dcarrollfi@sourceforge.net,Male,59.147.5.57
560,Maria,Walker,mwalkerfj@about.com,Female,211.181.212.225
561,Frances,Hayes,fhayesfk@guardian.co.uk,Female,109.24.169.141
562,Tammy,Graham,tgrahamfl@archive.org,Female,172.22.184.192
563,Sarah,Jacobs,sjacobsfm@ted.com,Female,41.45.120.46
564,Arthur,Ortiz,aortizfn@networksolutions.com,Male,65.206.189.78
565,Albert,Lawson,alawsonfo@netvibes.com,Male,15.214.20.148
566,Jason,Collins,jcollinsfp@google.com.hk,Male,74.46.132.96
567,Adam,Sanders,asandersfq@bbb.org,Male,118.126.207.5
568,Carol,Rivera,criverafr@walmart.com,Female,242.253.202.73
569,Rebecca,Harris,rharrisfs@miibeian.gov.cn,Female,96.71.161.154
570,Frances,Green,fgreenft@scribd.com,Female,142.213.46.232
571,Mark,Garza,mgarzafu@twitter.com,Male,46.17.230.238
572,Brian,Hayes,bhayesfv@cocolog-nifty.com,Male,142.119.93.88
573,Theresa,Mitchell,tmitchellfw@webs.com,Female,104.120.75.30
574,Kathy,Harper,kharperfx@people.com.cn,Female,145.51.205.246
575,Linda,Ruiz,lruizfy@comcast.net,Female,223.222.125.15
576,Joyce,Berry,jberryfz@tamu.edu,Female,192.150.186.108
577,Emily,Hanson,ehansong0@techcrunch.com,Female,183.166.185.165
578,Debra,Payne,dpayneg1@microsoft.com,Female,229.99.82.20
579,Judith,Bennett,jbennettg2@de.vu,Female,196.136.186.44
580,George,Richardson,grichardsong3@google.com.hk,Male,210.192.253.9
581,Kenneth,Griffin,kgriffing4@stanford.edu,Male,177.243.90.163
582,Jesse,Thompson,jthompsong5@ezinearticles.com,Male,100.171.30.20
583,George,Watson,gwatsong6@slideshare.net,Male,192.171.122.48
584,Jane,Matthews,jmatthewsg7@pinterest.com,Female,48.159.45.88
585,Thomas,Bowman,tbowmang8@a8.net,Male,94.169.44.80
586,Dennis,Rodriguez,drodriguezg9@europa.eu,Male,69.174.150.124
587,Lillian,Spencer,lspencerga@irs.gov,Female,179.103.206.254
588,Debra,Nelson,dnelsongb@behance.net,Female,247.111.62.40
589,Thomas,Dean,tdeangc@github.io,Male,145.196.186.77
590,Frank,Turner,fturnergd@cdbaby.com,Male,66.162.105.160
591,Jessica,Mason,jmasonge@xinhuanet.com,Female,23.20.58.57
592,Donna,Ford,dfordgf@nymag.com,Female,35.70.212.221
593,Katherine,Watkins,kwatkinsgg@wsj.com,Female,74.66.163.100
594,Alice,Mason,amasongh@state.gov,Female,206.95.24.197
595,Carlos,Berry,cberrygi@slate.com,Male,15.136.156.152
596,Alice,Sanders,asandersgj@princeton.edu,Female,49.90.28.226
597,Diana,Jenkins,djenkinsgk@toplist.cz,Female,238.64.62.146
598,Lawrence,Snyder,lsnydergl@deviantart.com,Male,175.1.127.93
599,Nancy,Spencer,nspencergm@geocities.com,Female,23.82.235.180
600,Marilyn,Shaw,mshawgn@patch.com,Female,63.213.54.76
601,Katherine,Alexander,kalexandergo@nationalgeographic.com,Female,212.1.85.44
602,Shawn,Gutierrez,sgutierrezgp@hud.gov,Male,163.39.149.0
603,Kathryn,Kelley,kkelleygq@rambler.ru,Female,149.46.79.172
604,Donald,Harvey,dharveygr@posterous.com,Male,103.195.128.29
605,Kathleen,Fisher,kfishergs@liveinternet.ru,Female,110.98.36.133
606,Alan,Lopez,alopezgt@mozilla.org,Male,92.219.202.207
607,Earl,Jacobs,ejacobsgu@google.nl,Male,141.144.22.22
608,Rachel,Stanley,rstanleygv@mit.edu,Female,29.25.240.171
609,Cheryl,Brooks,cbrooksgw@multiply.com,Female,86.185.13.201
610,Nicole,Wallace,nwallacegx@marketwatch.com,Female,120.62.81.189
611,Bobby,Simpson,bsimpsongy@umn.edu,Male,3.130.46.195
612,Mark,Garrett,mgarrettgz@webs.com,Male,104.210.178.89
613,Alice,Hill,ahillh0@free.fr,Female,160.201.185.48
614,Amy,Hicks,ahicksh1@wordpress.com,Female,106.27.179.61
615,Rebecca,Cooper,rcooperh2@vinaora.com,Female,44.68.145.42
616,Sarah,Ross,srossh3@weebly.com,Female,98.196.148.33
617,Jeffrey,Bowman,jbowmanh4@bizjournals.com,Male,91.126.189.239
618,Wanda,Wilson,wwilsonh5@scientificamerican.com,Female,152.150.148.96
619,Thomas,Carroll,tcarrollh6@themeforest.net,Male,10.148.29.154
620,Justin,Perry,jperryh7@dyndns.org,Male,103.5.182.169
621,Deborah,Riley,drileyh8@whitehouse.gov,Female,64.31.213.251
622,Sandra,Wheeler,swheelerh9@marketwatch.com,Female,4.113.11.185
623,Barbara,Hicks,bhicksha@comsenz.com,Female,243.230.118.9
624,Gregory,Garcia,ggarciahb@mlb.com,Male,200.38.162.207
625,George,Russell,grussellhc@last.fm,Male,136.164.95.119
626,Patricia,Ramos,pramoshd@dedecms.com,Female,169.222.249.149
627,Joseph,Garrett,jgarretthe@imgur.com,Male,30.181.69.6
628,Julia,Woods,jwoodshf@princeton.edu,Female,86.153.176.133
629,Walter,Mitchell,wmitchellhg@umich.edu,Male,177.206.129.93
630,Jack,Grant,jgranthh@amazon.com,Male,13.39.24.95
631,Donna,Payne,dpaynehi@eepurl.com,Female,219.215.41.62
632,Paula,Gilbert,pgilberthj@digg.com,Female,73.79.41.37
633,Jimmy,Rogers,jrogershk@washington.edu,Male,118.201.164.19
634,Melissa,Wilson,mwilsonhl@deviantart.com,Female,47.64.149.115
635,Gerald,Harper,gharperhm@facebook.com,Male,113.112.134.214
636,Daniel,Little,dlittlehn@feedburner.com,Male,13.108.89.184
637,Robin,West,rwestho@amazonaws.com,Female,13.120.214.135
638,Eugene,Ross,erosshp@wordpress.com,Male,132.76.21.72
639,Amy,Armstrong,aarmstronghq@ovh.net,Female,235.183.17.89
640,Albert,Carter,acarterhr@scribd.com,Male,224.13.217.18
641,Linda,Payne,lpaynehs@icq.com,Female,119.240.204.212
642,Doris,Marshall,dmarshallht@paginegialle.it,Female,134.105.178.87
643,Kenneth,Freeman,kfreemanhu@feedburner.com,Male,174.125.162.126
644,Michelle,Green,mgreenhv@google.com,Female,237.188.248.14
645,Shawn,Burton,sburtonhw@forbes.com,Male,246.189.116.83
646,Philip,Allen,pallenhx@springer.com,Male,198.67.117.40
647,Ruby,Turner,rturnerhy@twitpic.com,Female,48.147.38.20
648,Ralph,Williams,rwilliamshz@mlb.com,Male,36.189.13.73
649,Nancy,Gutierrez,ngutierrezi0@chicagotribune.com,Female,93.233.200.135
650,Kathy,Rogers,krogersi1@amazon.de,Female,17.49.19.22
651,Deborah,Hart,dharti2@bandcamp.com,Female,173.240.134.24
652,Linda,Mason,lmasoni3@cmu.edu,Female,193.63.52.96
653,Nancy,King,nkingi4@drupal.org,Female,81.80.60.26
654,Antonio,Bryant,abryanti5@nih.gov,Male,211.199.62.179
655,Frank,Fowler,ffowleri6@wikia.com,Male,148.131.113.181
656,Joshua,Austin,jaustini7@live.com,Male,133.175.127.12
657,Carol,Stanley,cstanleyi8@nhs.uk,Female,49.172.69.142
658,Jennifer,Hunter,jhunteri9@intel.com,Female,96.195.93.181
659,Brian,Olson,bolsonia@youku.com,Male,188.178.236.163
660,Robert,Ferguson,rfergusonib@123-reg.co.uk,Male,247.45.78.252
661,Keith,Foster,kfosteric@dedecms.com,Male,98.167.147.90
662,Jessica,Ford,jfordid@google.fr,Female,59.198.134.92
663,Andrew,Kennedy,akennedyie@xrea.com,Male,199.129.47.211
664,Patrick,Knight,pknightif@cornell.edu,Male,97.236.11.139
665,Linda,Bell,lbellig@prlog.org,Female,170.159.182.62
666,Jeffrey,Payne,jpayneih@bigcartel.com,Male,167.184.28.37
667,Laura,Hudson,lhudsonii@aboutads.info,Female,253.132.155.239
668,Wayne,Frazier,wfrazierij@hhs.gov,Male,75.51.250.146
669,Randy,Ford,rfordik@hubpages.com,Male,184.255.219.164
670,Doris,Carr,dcarril@usda.gov,Female,228.113.18.149
671,Carl,Chapman,cchapmanim@imdb.com,Male,76.144.37.44
672,Jesse,Mitchell,jmitchellin@theguardian.com,Male,60.214.112.54
673,Dorothy,Ward,dwardio@foxnews.com,Female,226.71.107.55
674,Frank,Perkins,fperkinsip@cbc.ca,Male,18.146.197.29
675,Gregory,Welch,gwelchiq@taobao.com,Male,8.59.191.158
676,Lillian,Hill,lhillir@fda.gov,Female,19.180.17.28
677,Timothy,Perez,tperezis@ucla.edu,Male,145.38.53.43
678,Phillip,Jordan,pjordanit@businesswire.com,Male,186.68.250.96
679,Stephen,Garrett,sgarrettiu@loc.gov,Male,152.234.235.180
680,Sara,Garrett,sgarrettiv@hatena.ne.jp,Female,203.203.107.211
681,Stephen,Welch,swelchiw@bravesites.com,Male,8.91.54.162
682,Denise,Fuller,dfullerix@howstuffworks.com,Female,125.54.141.69
683,Doris,Wallace,dwallaceiy@redcross.org,Female,107.122.183.104
684,Phyllis,Howell,phowelliz@gov.uk,Female,24.9.192.200
685,Victor,Russell,vrussellj0@hibu.com,Male,187.254.219.167
686,Sara,Richards,srichardsj1@spiegel.de,Female,99.4.207.222
687,Anna,Andrews,aandrewsj2@sourceforge.net,Female,109.80.41.212
688,Charles,Freeman,cfreemanj3@netscape.com,Male,211.195.222.106
689,Julie,King,jkingj4@princeton.edu,Female,216.184.249.227
690,Brenda,Duncan,bduncanj5@blogspot.com,Female,166.210.36.224
691,Patricia,Harper,pharperj6@mtv.com,Female,227.218.114.207
692,Arthur,Gilbert,agilbertj7@mayoclinic.com,Male,75.8.199.26
693,Henry,Chavez,hchavezj8@dion.ne.jp,Male,242.215.169.83
694,Kenneth,Ramos,kramosj9@uol.com.br,Male,27.99.145.148
695,Johnny,Black,jblackja@artisteer.com,Male,28.0.198.219
696,Brian,Miller,bmillerjb@purevolume.com,Male,97.30.135.68
697,Mildred,Pierce,mpiercejc@ft.com,Female,207.182.155.217
698,Judith,Long,jlongjd@dagondesign.com,Female,9.210.137.139
699,Earl,Moreno,emorenoje@netscape.com,Male,152.176.15.15
700,James,Carr,jcarrjf@sciencedaily.com,Male,226.199.189.189
701,Jesse,Garza,jgarzajg@vimeo.com,Male,219.177.178.180
702,Craig,Anderson,candersonjh@wikispaces.com,Male,105.41.102.39
703,Brian,Arnold,barnoldji@hugedomains.com,Male,77.222.174.86
704,Jessica,Davis,jdavisjj@foxnews.com,Female,182.201.142.166
705,Roger,Weaver,rweaverjk@usa.gov,Male,90.148.62.146
706,Phyllis,Mills,pmillsjl@mayoclinic.com,Female,104.30.204.5
707,Mildred,Garcia,mgarciajm@gizmodo.com,Female,25.199.194.188
708,Carol,Jordan,cjordanjn@theatlantic.com,Female,15.226.47.240
709,Laura,Dunn,ldunnjo@dagondesign.com,Female,38.21.139.218
710,Lois,Patterson,lpattersonjp@chronoengine.com,Female,33.57.225.211
711,Gregory,Garcia,ggarciajq@reverbnation.com,Male,63.95.80.141
712,Timothy,Cruz,tcruzjr@netlog.com,Male,99.176.67.108
713,Mark,Garrett,mgarrettjs@gizmodo.com,Male,56.16.143.192
714,Kathleen,Roberts,krobertsjt@columbia.edu,Female,234.99.234.149
715,Mildred,Reyes,mreyesju@harvard.edu,Female,106.92.38.1
716,Edward,Larson,elarsonjv@wordpress.org,Male,226.86.41.176
717,Joshua,Ross,jrossjw@wisc.edu,Male,189.34.43.206
718,Angela,Hunt,ahuntjx@howstuffworks.com,Female,152.195.7.52
719,Raymond,Parker,rparkerjy@dailymotion.com,Male,123.214.132.237
720,Roy,Murray,rmurrayjz@mac.com,Male,161.97.188.227
721,Jesse,Nelson,jnelsonk0@apple.com,Male,134.177.237.99
722,Virginia,Garrett,vgarrettk1@creativecommons.org,Female,7.182.241.230
723,Keith,Mendoza,kmendozak2@fotki.com,Male,128.134.200.130
724,Donald,Morgan,dmorgank3@ibm.com,Male,128.107.8.97
725,Bobby,Fox,bfoxk4@uiuc.edu,Male,252.135.163.243
726,Joshua,Edwards,jedwardsk5@globo.com,Male,41.10.83.220
727,Theresa,Dunn,tdunnk6@moonfruit.com,Female,91.238.133.115
728,Emily,Montgomery,emontgomeryk7@comsenz.com,Female,235.130.35.70
729,Edward,Roberts,erobertsk8@booking.com,Male,242.100.201.61
730,Cheryl,Meyer,cmeyerk9@home.pl,Female,232.77.205.247
731,Rachel,Meyer,rmeyerka@dailymail.co.uk,Female,19.22.35.45
732,Keith,Flores,kfloreskb@wsj.com,Male,109.13.244.230
733,Jean,Peters,jpeterskc@etsy.com,Female,102.124.143.49
734,Christine,Bishop,cbishopkd@eventbrite.com,Female,113.137.7.200
735,Lori,Harrison,lharrisonke@jiathis.com,Female,1.64.160.9
736,Steven,Fernandez,sfernandezkf@google.de,Male,187.215.172.44
737,Christopher,Sullivan,csullivankg@oracle.com,Male,160.23.154.22
738,Thomas,Bowman,tbowmankh@e-recht24.de,Male,195.101.69.103
739,Irene,Perez,iperezki@amazon.com,Female,251.193.60.33
740,Shirley,Howard,showardkj@comcast.net,Female,75.81.54.118
741,Donna,Bailey,dbaileykk@delicious.com,Female,205.110.232.118
742,Jacqueline,Ward,jwardkl@devhub.com,Female,196.126.238.2
743,Laura,Simpson,lsimpsonkm@oracle.com,Female,200.148.240.122
744,Jose,Gibson,jgibsonkn@drupal.org,Male,98.184.157.25
745,Jimmy,Hicks,jhicksko@yellowpages.com,Male,0.150.88.163
746,Bonnie,Moreno,bmorenokp@hexun.com,Female,108.218.71.68
747,Matthew,Simmons,msimmonskq@vistaprint.com,Male,228.85.80.166
748,Doris,Ortiz,dortizkr@ehow.com,Female,79.144.0.225
749,Jeffrey,Garrett,jgarrettks@nature.com,Male,96.20.130.167
750,Jessica,Fox,jfoxkt@pinterest.com,Female,26.255.53.227
751,Alice,Woods,awoodsku@qq.com,Female,164.9.38.157
752,Beverly,Sanders,bsanderskv@quantcast.com,Female,125.245.195.81
753,Amy,Hayes,ahayeskw@plala.or.jp,Female,92.73.227.246
754,Maria,Hunt,mhuntkx@utexas.edu,Female,208.249.253.255
755,Juan,Ford,jfordky@pen.io,Male,132.64.182.83
756,Adam,Foster,afosterkz@wordpress.org,Male,247.172.100.65
757,Brandon,Smith,bsmithl0@last.fm,Male,248.126.82.37
758,Benjamin,Kelley,bkelleyl1@apache.org,Male,153.59.52.94
759,Marie,Powell,mpowelll2@blogs.com,Female,234.220.120.83
760,Patrick,Reynolds,preynoldsl3@epa.gov,Male,206.247.131.21
761,Patricia,Lewis,plewisl4@cargocollective.com,Female,140.32.73.88
762,Maria,Romero,mromerol5@vinaora.com,Female,169.70.104.133
763,Judith,Hudson,jhudsonl6@themeforest.net,Female,51.23.42.184
764,Tina,Turner,tturnerl7@bing.com,Female,82.64.88.144
765,Robin,Hughes,rhughesl8@chron.com,Female,90.40.27.156
766,Angela,Stanley,astanleyl9@hhs.gov,Female,30.92.178.145
767,Earl,Cook,ecookla@elpais.com,Male,63.149.175.192
768,Jason,Chapman,jchapmanlb@va.gov,Male,73.50.147.172
769,Nancy,Hill,nhilllc@hao123.com,Female,190.130.43.34
770,Earl,Porter,eporterld@mlb.com,Male,89.183.245.4
771,Jerry,Reynolds,jreynoldsle@earthlink.net,Male,210.253.238.21
772,Andrea,Matthews,amatthewslf@canalblog.com,Female,67.143.140.227
773,Jason,Peterson,jpetersonlg@sakura.ne.jp,Male,55.61.153.162
774,Arthur,Williamson,awilliamsonlh@istockphoto.com,Male,49.250.97.147
775,Phillip,Jones,pjonesli@mayoclinic.com,Male,208.165.183.196
776,Maria,Franklin,mfranklinlj@squarespace.com,Female,144.161.205.220
777,Antonio,Gilbert,agilbertlk@tmall.com,Male,224.43.155.168
778,Rose,Peters,rpetersll@mlb.com,Female,201.41.137.116
779,Beverly,Snyder,bsnyderlm@yahoo.com,Female,164.99.26.252
780,Samuel,Dean,sdeanln@youtube.com,Male,45.91.229.49
781,Sarah,Matthews,smatthewslo@baidu.com,Female,246.101.167.143
782,Sharon,Black,sblacklp@jugem.jp,Female,102.122.39.164
783,Jessica,Gibson,jgibsonlq@mtv.com,Female,203.13.140.111
784,Joshua,Chapman,jchapmanlr@abc.net.au,Male,27.98.189.124
785,Lisa,Edwards,ledwardsls@joomla.org,Female,27.28.133.176
786,Harry,Ford,hfordlt@pcworld.com,Male,71.124.255.106
787,Adam,Larson,alarsonlu@dot.gov,Male,17.121.91.185
788,Joseph,Patterson,jpattersonlv@instagram.com,Male,215.120.14.195
789,Christopher,Gutierrez,cgutierrezlw@smh.com.au,Male,137.156.240.252
790,Louise,Stevens,lstevenslx@sciencedaily.com,Female,79.43.54.116
791,Bonnie,Ramirez,bramirezly@virginia.edu,Female,147.220.202.158
792,Angela,Washington,awashingtonlz@wordpress.org,Female,228.142.229.13
793,Charles,Hill,chillm0@netvibes.com,Male,106.213.84.183
794,Billy,Freeman,bfreemanm1@tinyurl.com,Male,199.177.42.255
795,Stephen,Jenkins,sjenkinsm2@vkontakte.ru,Male,241.57.147.30
796,Willie,Hanson,whansonm3@senate.gov,Male,88.105.104.129
797,John,Carter,jcarterm4@ask.com,Male,198.52.195.92
798,John,Turner,jturnerm5@gnu.org,Male,60.0.234.186
799,Victor,Parker,vparkerm6@usda.gov,Male,212.134.3.12
800,Billy,Chapman,bchapmanm7@wordpress.com,Male,237.13.175.237
801,Beverly,Clark,bclarkm8@youtube.com,Female,169.27.169.90
802,Russell,Castillo,rcastillom9@loc.gov,Male,140.11.204.193
803,Steven,Jones,sjonesma@cnn.com,Male,102.48.126.42
804,Howard,Williamson,hwilliamsonmb@walmart.com,Male,11.149.242.225
805,Ernest,Henderson,ehendersonmc@t.co,Male,58.102.71.210
806,Eric,Alexander,ealexandermd@netvibes.com,Male,150.23.224.152
807,Lori,Bishop,lbishopme@google.co.uk,Female,20.82.35.104
808,Willie,Henry,whenrymf@twitpic.com,Male,128.9.32.93
809,Steve,Thompson,sthompsonmg@abc.net.au,Male,5.4.241.46
810,Virginia,Cole,vcolemh@apple.com,Female,128.179.3.20
811,Kimberly,Patterson,kpattersonmi@huffingtonpost.com,Female,240.239.238.176
812,Anna,Fowler,afowlermj@rambler.ru,Female,87.164.209.160
813,Michael,Perkins,mperkinsmk@bravesites.com,Male,196.33.189.161
814,Laura,Hughes,lhughesml@columbia.edu,Female,63.179.155.97
815,Donald,Miller,dmillermm@si.edu,Male,70.231.236.114
816,Christina,Marshall,cmarshallmn@ed.gov,Female,215.150.95.106
817,Matthew,Graham,mgrahammo@vinaora.com,Male,110.181.17.209
818,Evelyn,Gonzalez,egonzalezmp@bloglovin.com,Female,215.156.3.100
819,Antonio,Phillips,aphillipsmq@examiner.com,Male,84.204.82.14
820,Bruce,Kelly,bkellymr@umn.edu,Male,104.40.72.77
821,Chris,Mendoza,cmendozams@engadget.com,Male,8.247.241.34
822,Jerry,Porter,jportermt@networksolutions.com,Male,220.20.218.47
823,Judy,Morrison,jmorrisonmu@bloomberg.com,Female,130.232.54.47
824,Steve,Cole,scolemv@nyu.edu,Male,204.43.193.78
825,Sean,Brooks,sbrooksmw@dagondesign.com,Male,132.84.54.219
826,Teresa,Williamson,twilliamsonmx@sun.com,Female,36.143.171.242
827,Willie,Rivera,wriveramy@bluehost.com,Male,94.230.188.48
828,Norma,Hunter,nhuntermz@bloglines.com,Female,34.199.8.119
829,Sarah,Ford,sfordn0@addtoany.com,Female,230.66.126.161
830,Martin,Hill,mhilln1@yellowbook.com,Male,51.149.156.88
831,Gloria,Thompson,gthompsonn2@exblog.jp,Female,20.39.1.146
832,Alice,Watkins,awatkinsn3@toplist.cz,Female,240.105.196.97
833,Linda,Ruiz,lruizn4@skype.com,Female,188.44.95.155
834,Brandon,Wilson,bwilsonn5@vinaora.com,Male,117.115.46.205
835,Rose,Henry,rhenryn6@washington.edu,Female,135.162.153.70
836,Fred,Griffin,fgriffinn7@typepad.com,Male,203.8.47.74
837,Wanda,Cook,wcookn8@thetimes.co.uk,Female,113.54.141.0
838,Ralph,Burke,rburken9@ehow.com,Male,80.23.252.202
839,Joan,Wells,jwellsna@com.com,Female,54.245.28.43
840,Bobby,Harvey,bharveynb@abc.net.au,Male,53.243.199.199
841,Victor,Murphy,vmurphync@wordpress.com,Male,32.189.179.140
842,Bobby,Lawson,blawsonnd@omniture.com,Male,217.61.71.132
843,Alice,Graham,agrahamne@sciencedaily.com,Female,84.80.217.240
844,Sharon,Taylor,staylornf@eepurl.com,Female,223.173.200.79
845,Elizabeth,Watkins,ewatkinsng@mysql.com,Female,189.137.152.151
846,Timothy,Gonzales,tgonzalesnh@adobe.com,Male,231.226.167.189
847,Edward,Richards,erichardsni@ibm.com,Male,187.27.83.120
848,Marie,Kennedy,mkennedynj@princeton.edu,Female,250.81.189.113
849,Amy,Long,alongnk@paginegialle.it,Female,240.195.37.86
850,Sara,Tucker,stuckernl@barnesandnoble.com,Female,210.119.192.84
851,Brandon,Foster,bfosternm@tuttocitta.it,Male,24.243.146.124
852,Dorothy,Torres,dtorresnn@is.gd,Female,12.239.77.155
853,Doris,Howard,dhowardno@hubpages.com,Female,63.87.126.175
854,Virginia,Rice,vricenp@ted.com,Female,169.140.3.86
855,Victor,Black,vblacknq@who.int,Male,166.171.222.209
856,Christopher,Young,cyoungnr@soup.io,Male,220.213.24.11
857,Bobby,Moreno,bmorenons@japanpost.jp,Male,163.217.135.234
858,Albert,Day,adaynt@webeden.co.uk,Male,116.116.170.61
859,Doris,Nichols,dnicholsnu@alexa.com,Female,83.250.42.17
860,Howard,Little,hlittlenv@apple.com,Male,114.102.92.200
861,Nicole,Allen,nallennw@bigcartel.com,Female,84.141.44.187
862,Sandra,Elliott,selliottnx@alibaba.com,Female,231.12.95.137
863,Gregory,Black,gblackny@liveinternet.ru,Male,225.183.214.213
864,Ashley,Ray,araynz@mtv.com,Female,25.147.220.255
865,Pamela,Cruz,pcruzo0@smh.com.au,Female,252.9.122.113
866,Joseph,Kim,jkimo1@cnn.com,Male,23.16.204.200
867,William,Larson,wlarsono2@ovh.net,Male,93.147.21.63
868,Harry,Perkins,hperkinso3@mapy.cz,Male,141.249.162.57
869,Evelyn,Ford,efordo4@aboutads.info,Female,221.57.138.137
870,John,Fields,jfieldso5@macromedia.com,Male,105.143.173.29
871,Patricia,Hicks,phickso6@shinystat.com,Female,96.245.183.111
872,Rebecca,Edwards,redwardso7@youtu.be,Female,91.165.210.163
873,Gerald,Mitchell,gmitchello8@privacy.gov.au,Male,38.33.2.188
874,Jason,Edwards,jedwardso9@yellowpages.com,Male,59.167.2.210
875,Eric,Burns,eburnsoa@cnbc.com,Male,155.222.89.209
876,Peter,Howard,phowardob@harvard.edu,Male,192.249.27.164
877,Evelyn,Mendoza,emendozaoc@phpbb.com,Female,91.104.21.144
878,Daniel,Lopez,dlopezod@nih.gov,Male,210.9.86.174
879,Shirley,Cruz,scruzoe@wikimedia.org,Female,87.186.248.105
880,Wanda,Perez,wperezof@google.ca,Female,230.15.41.128
881,Gary,Stanley,gstanleyog@ebay.co.uk,Male,223.164.35.88
882,Jose,Rice,jriceoh@noaa.gov,Male,159.9.200.115
883,Beverly,Green,bgreenoi@skype.com,Female,87.35.48.68
884,Sean,Martin,smartinoj@home.pl,Male,94.240.228.80
885,Sharon,Simpson,ssimpsonok@tmall.com,Female,22.237.187.46
886,John,James,jjamesol@squidoo.com,Male,61.67.184.208
887,Ralph,Morgan,rmorganom@mtv.com,Male,106.184.19.128
888,Joan,Flores,jfloreson@multiply.com,Female,221.3.251.208
889,Betty,Larson,blarsonoo@blogs.com,Female,55.228.96.220
890,Tina,Martin,tmartinop@vkontakte.ru,Female,62.33.99.38
891,Victor,Owens,vowensoq@pen.io,Male,216.117.156.214
892,Craig,Garcia,cgarciaor@google.nl,Male,51.92.43.245
893,Lillian,Moreno,lmorenoos@ustream.tv,Female,50.95.184.169
894,Susan,Hart,shartot@about.me,Female,235.243.106.15
895,Nancy,Long,nlongou@google.co.jp,Female,155.249.2.114
896,Lisa,Rice,lriceov@chicagotribune.com,Female,119.40.135.159
897,Phyllis,Sims,psimsow@ox.ac.uk,Female,164.222.26.71
898,George,Hudson,ghudsonox@timesonline.co.uk,Male,12.105.225.177
899,Ruby,Hill,rhilloy@cbc.ca,Female,101.163.224.196
900,Fred,Young,fyoungoz@weather.com,Male,239.20.111.130
901,Martha,Tucker,mtuckerp0@vistaprint.com,Female,128.23.255.19
902,Heather,Hernandez,hhernandezp1@japanpost.jp,Female,139.119.139.152
903,Paul,Morris,pmorrisp2@buzzfeed.com,Male,169.44.105.201
904,Stephanie,Duncan,sduncanp3@yelp.com,Female,82.211.18.21
905,Rebecca,Payne,rpaynep4@usda.gov,Female,31.61.231.91
906,Jeffrey,Palmer,jpalmerp5@ca.gov,Male,202.50.202.119
907,Joseph,Williamson,jwilliamsonp6@marriott.com,Male,71.207.37.2
908,Benjamin,Harper,bharperp7@slate.com,Male,68.122.65.79
909,Ruby,Hayes,rhayesp8@pen.io,Female,98.169.67.219
910,Shawn,Arnold,sarnoldp9@statcounter.com,Male,78.63.166.191
911,Gregory,Walker,gwalkerpa@homestead.com,Male,254.17.33.234
912,George,Franklin,gfranklinpb@storify.com,Male,138.112.106.114
913,Julie,Morris,jmorrispc@vk.com,Female,68.80.140.252
914,Christopher,Davis,cdavispd@answers.com,Male,95.64.216.214
915,James,Moreno,jmorenope@patch.com,Male,189.27.214.70
916,Sarah,Foster,sfosterpf@cnbc.com,Female,127.168.248.19
917,Christina,Gardner,cgardnerpg@comcast.net,Female,13.89.130.141
918,Antonio,Flores,afloresph@mail.ru,Male,126.215.13.146
919,Ronald,Myers,rmyerspi@salon.com,Male,19.23.82.204
920,Amanda,Nichols,anicholspj@liveinternet.ru,Female,219.155.103.214
921,Henry,Allen,hallenpk@cloudflare.com,Male,64.149.161.118
922,Catherine,Bell,cbellpl@house.gov,Female,147.90.113.29
923,Rose,Thomas,rthomaspm@netlog.com,Female,101.198.195.63
924,Patricia,Banks,pbankspn@themeforest.net,Female,119.39.97.83
925,Stephanie,Nelson,snelsonpo@purevolume.com,Female,190.58.27.72
926,Nancy,Watkins,nwatkinspp@prweb.com,Female,103.43.139.24
927,Anthony,Mendoza,amendozapq@webs.com,Male,215.144.187.194
928,Joyce,Larson,jlarsonpr@1688.com,Female,59.81.202.30
929,Eric,Greene,egreeneps@yellowpages.com,Male,15.69.191.136
930,Stephanie,Powell,spowellpt@unblog.fr,Female,232.140.235.160
931,Ernest,Moore,emoorepu@diigo.com,Male,21.92.81.165
932,Jacqueline,Lynch,jlynchpv@github.com,Female,47.167.83.52
933,Harold,Williams,hwilliamspw@nationalgeographic.com,Male,193.248.4.228
934,Karen,Ramos,kramospx@wix.com,Female,126.196.91.153
935,Annie,Watkins,awatkinspy@nyu.edu,Female,146.50.58.229
936,Donald,Mason,dmasonpz@homestead.com,Male,127.225.220.114
937,Randy,Stanley,rstanleyq0@phoca.cz,Male,248.128.248.172
938,Ralph,Garcia,rgarciaq1@odnoklassniki.ru,Male,102.124.250.128
939,Willie,Lee,wleeq2@forbes.com,Male,48.154.73.98
940,Scott,Lawson,slawsonq3@twitpic.com,Male,146.136.238.39
941,Gerald,Long,glongq4@skype.com,Male,40.125.97.211
942,Susan,Walker,swalkerq5@cdbaby.com,Female,104.231.3.187
943,Annie,Coleman,acolemanq6@mapy.cz,Female,102.3.162.69
944,Brandon,Ford,bfordq7@google.ru,Male,199.121.185.201
945,Christina,Foster,cfosterq8@dell.com,Female,27.64.194.194
946,Tina,Mcdonald,tmcdonaldq9@indiegogo.com,Female,198.27.170.192
947,Jose,Shaw,jshawqa@sciencedirect.com,Male,74.235.77.195
948,Thomas,Moore,tmooreqb@youku.com,Male,78.195.171.57
949,Helen,Hill,hhillqc@fc2.com,Female,103.13.117.243
950,Frances,Warren,fwarrenqd@rambler.ru,Female,138.201.106.228
951,Jonathan,Jones,jjonesqe@i2i.jp,Male,26.146.163.209
952,Jason,Stevens,jstevensqf@netlog.com,Male,114.246.230.40
953,Jane,Gomez,jgomezqg@over-blog.com,Female,90.237.123.45
954,Sandra,Montgomery,smontgomeryqh@studiopress.com,Female,92.149.3.187
955,Mark,Bradley,mbradleyqi@jigsy.com,Male,3.61.204.141
956,Ernest,Taylor,etaylorqj@google.fr,Male,31.233.244.31
957,Dorothy,Wheeler,dwheelerqk@ustream.tv,Female,29.90.235.95
958,Amanda,Burton,aburtonql@blog.com,Female,8.12.252.211
959,Kathryn,Owens,kowensqm@usda.gov,Female,237.32.200.210
960,Kathy,Lane,klaneqn@tripadvisor.com,Female,47.247.110.238
961,Ralph,Rose,rroseqo@nasa.gov,Male,103.73.86.95
962,Shirley,Reid,sreidqp@csmonitor.com,Female,76.142.98.184
963,Tammy,Carroll,tcarrollqq@blogger.com,Female,136.222.131.75
964,Pamela,Medina,pmedinaqr@domainmarket.com,Female,99.131.84.153
965,Julie,Anderson,jandersonqs@networkadvertising.org,Female,183.119.152.137
966,Betty,Gutierrez,bgutierrezqt@360.cn,Female,206.179.220.64
967,Jack,Hamilton,jhamiltonqu@princeton.edu,Male,80.69.11.237
968,Jose,Simmons,jsimmonsqv@wordpress.org,Male,80.2.117.220
969,Carol,Clark,cclarkqw@pcworld.com,Female,212.212.175.178
970,Ann,Evans,aevansqx@zdnet.com,Female,103.213.77.164
971,Joseph,Rivera,jriveraqy@tinyurl.com,Male,66.91.145.132
972,Carlos,Castillo,ccastilloqz@jiathis.com,Male,48.46.231.31
973,Ralph,Rodriguez,rrodriguezr0@newsvine.com,Male,151.62.16.141
974,Christopher,Jordan,cjordanr1@sogou.com,Male,149.103.113.53
975,Sandra,Roberts,srobertsr2@barnesandnoble.com,Female,7.234.60.180
976,Katherine,Allen,kallenr3@netvibes.com,Female,74.3.150.225
977,Betty,Parker,bparkerr4@deviantart.com,Female,69.43.216.156
978,Tammy,Walker,twalkerr5@cbc.ca,Female,146.23.118.106
979,Earl,Simpson,esimpsonr6@e-recht24.de,Male,164.173.230.97
980,Walter,Henderson,whendersonr7@gizmodo.com,Male,124.164.107.91
981,Bruce,Meyer,bmeyerr8@list-manage.com,Male,199.128.40.156
982,Donna,Jackson,djacksonr9@springer.com,Female,206.66.18.20
983,Rachel,Richardson,rrichardsonra@shareasale.com,Female,60.226.64.60
984,James,Smith,jsmithrb@msn.com,Male,33.36.13.201
985,Diane,Pierce,dpiercerc@amazon.co.jp,Female,69.56.7.45
986,Kathleen,Barnes,kbarnesrd@adobe.com,Female,129.107.183.61
987,Paula,Watson,pwatsonre@google.com,Female,34.49.218.241
988,Janet,Grant,jgrantrf@bloglovin.com,Female,207.98.113.245
989,Beverly,Hanson,bhansonrg@barnesandnoble.com,Female,4.15.25.108
990,Gary,Morgan,gmorganrh@jiathis.com,Male,63.73.162.14
991,Richard,Peterson,rpetersonri@gov.uk,Male,160.254.222.159
992,John,Mitchell,jmitchellrj@t.co,Male,195.89.64.158
993,Richard,James,rjamesrk@example.com,Male,36.212.56.166
994,Earl,Hill,ehillrl@furl.net,Male,143.182.93.208
995,David,Bryant,dbryantrm@upenn.edu,Male,167.251.228.35
996,Paula,Moore,pmoorern@redcross.org,Female,110.236.60.181
997,Willie,Morgan,wmorganro@tuttocitta.it,Male,215.45.245.186
998,Bonnie,Burke,bburkerp@bloomberg.com,Female,189.146.189.65
999,Jason,Sanchez,jsanchezrq@list-manage.com,Male,87.162.21.129
1000,Evelyn,Ramos,eramosrr@nydailynews.com,Female,253.154.26.218
