id,first_name,last_name,email,gender,ip_address
1,Kathleen,White,kwhite0@answers.com,Female,90.92.117.111
2,Laura,Stevens,lstevens1@ucoz.com,Female,112.51.12.57
3,Billy,Hernandez,bhernandez2@networkadvertising.org,Male,20.67.93.74
4,Melissa,Stanley,mstanley3@hexun.com,Female,254.177.165.195
5,Carolyn,Hart,chart4@weather.com,Female,141.13.190.233
6,Susan,Morrison,smorrison5@about.me,Female,113.27.118.236
7,Jesse,Jenkins,jjenkins6@bloomberg.com,Male,100.216.198.53
8,Dennis,Torres,dtorres7@vkontakte.ru,Male,208.234.199.48
9,Jose,Harper,jharper8@sun.com,Male,155.51.134.242
10,Mildred,Parker,mparker9@facebook.com,Female,32.174.225.36
11,Paul,Kim,pkima@mashable.com,Male,49.117.188.159
12,Joan,Gomez,jgomezb@weebly.com,Female,94.153.191.75
13,Jason,Bell,jbellc@japanpost.jp,Male,52.225.229.69
14,Betty,Jordan,bjordand@gov.uk,Female,190.214.110.120
15,Keith,Evans,kevanse@tamu.edu,Male,225.195.126.20
16,Kimberly,Grant,kgrantf@gov.uk,Female,165.138.18.100
17,Philip,Montgomery,pmontgomeryg@yellowbook.com,Male,50.187.238.235
18,Amanda,Welch,awelchh@bloglovin.com,Female,22.54.239.72
19,Lori,Patterson,lpattersoni@edublogs.org,Female,178.205.211.126
20,Stephanie,Payne,spaynej@histats.com,Female,206.156.44.124
21,Steven,Stewart,sstewartk@blogtalkradio.com,Male,72.14.28.41
22,Samuel,Holmes,sholmesl@virginia.edu,Male,95.82.76.62
23,Laura,Simmons,lsimmonsm@vkontakte.ru,Female,158.201.176.218
24,Joe,Burke,jburken@drupal.org,Male,169.221.80.56
25,Cynthia,Richards,crichardso@reverbnation.com,Female,45.4.177.102
26,Mary,Berry,mberryp@ycombinator.com,Female,80.136.194.63
27,Donald,Miller,dmillerq@hugedomains.com,Male,26.92.207.42
28,Albert,Ortiz,aortizr@ucoz.ru,Male,96.253.55.112
29,Kevin,Roberts,krobertss@discuz.net,Male,114.177.67.15
30,Samuel,Watson,swatsont@whitehouse.gov,Male,147.206.190.128
31,Andrew,Coleman,acolemanu@smugmug.com,Male,35.112.53.67
32,Michelle,Arnold,marnoldv@sakura.ne.jp,Female,182.54.172.59
33,Jeffrey,Coleman,jcolemanw@mozilla.com,Male,234.77.163.183
34,Lillian,Wheeler,lwheelerx@google.fr,Female,36.14.94.191
35,Carlos,Woods,cwoodsy@nhs.uk,Male,216.122.241.97
36,Anna,Morales,amoralesz@kickstarter.com,Female,170.31.51.20
37,Tina,Ward,tward10@dyndns.org,Female,116.99.242.219
38,Jeremy,Roberts,jroberts11@illinois.edu,Male,172.236.219.181
39,Carlos,Webb,cwebb12@zimbio.com,Male,53.156.155.231
40,Linda,Ellis,lellis13@pagesperso-orange.fr,Female,103.133.26.3
41,Chris,Kelley,ckelley14@lulu.com,Male,190.36.126.131
42,Betty,Vasquez,bvasquez15@utexas.edu,Female,226.7.114.119
43,Dennis,Williamson,dwilliamson16@epa.gov,Male,80.1.255.203
44,Daniel,Burke,dburke17@edublogs.org,Male,97.224.133.235
45,Keith,Perry,kperry18@github.com,Male,53.57.181.139
46,Donna,Hayes,dhayes19@godaddy.com,Female,58.208.233.69
47,Judith,Evans,jevans1a@ezinearticles.com,Female,165.73.123.167
48,Terry,Banks,tbanks1b@vimeo.com,Male,183.234.34.253
49,Ralph,Powell,rpowell1c@sciencedaily.com,Male,119.172.159.138
50,Marie,Cook,mcook1d@indiatimes.com,Female,184.94.217.38
51,Heather,Richardson,hrichardson1e@feedburner.com,Female,102.174.203.69
52,Lawrence,Hicks,lhicks1f@netlog.com,Male,49.144.171.42
53,Russell,Carter,rcarter1g@vk.com,Male,153.110.103.193
54,Justin,Ross,jross1h@abc.net.au,Male,187.223.56.144
55,Marilyn,Young,myoung1i@icio.us,Female,96.124.167.211
56,Barbara,Lane,blane1j@ow.ly,Female,28.223.200.240
57,Phyllis,Carpenter,pcarpenter1k@about.me,Female,34.34.228.11
58,Billy,Walker,bwalker1l@princeton.edu,Male,74.200.77.64
59,Brian,Chapman,bchapman1m@nature.com,Male,224.227.219.123
60,Paula,Brooks,pbrooks1n@nhs.uk,Female,107.202.6.23
61,Melissa,Alexander,malexander1o@unblog.fr,Female,178.180.248.245
62,Ryan,Murray,rmurray1p@discuz.net,Male,239.226.41.35
63,Anna,West,awest1q@digg.com,Female,240.125.58.77
64,Michael,Howell,mhowell1r@sphinn.com,Male,160.45.131.31
65,Richard,Turner,rturner1s@edublogs.org,Male,250.54.206.231
66,Justin,Coleman,jcoleman1t@icio.us,Male,21.233.210.76
67,Lisa,Kelley,lkelley1u@unesco.org,Female,145.242.227.241
68,Diana,Ward,dward1v@wisc.edu,Female,187.240.122.129
69,Lawrence,Butler,lbutler1w@tmall.com,Male,23.105.79.190
70,Nancy,Turner,nturner1x@wired.com,Female,14.133.232.3
71,Maria,Morrison,mmorrison1y@samsung.com,Female,41.164.41.176
72,Betty,Weaver,bweaver1z@youtu.be,Female,153.159.154.172
73,Alice,Oliver,aoliver20@goodreads.com,Female,66.223.73.63
74,Fred,Ramos,framos21@blogger.com,Male,151.64.41.49
75,Terry,Howard,thoward22@youku.com,Male,65.194.68.122
76,Harry,Palmer,hpalmer23@sitemeter.com,Male,19.126.223.49
77,Maria,Bailey,mbailey24@vistaprint.com,Female,149.162.216.151
78,Carlos,Hawkins,chawkins25@fastcompany.com,Male,67.71.93.179
79,Anna,Vasquez,avasquez26@earthlink.net,Female,53.202.26.52
80,Joshua,Coleman,jcoleman27@youtube.com,Male,90.38.73.231
81,Nicole,Kelly,nkelly28@abc.net.au,Female,193.232.162.8
82,Paula,Pierce,ppierce29@cisco.com,Female,210.201.21.232
83,Michelle,Diaz,mdiaz2a@miitbeian.gov.cn,Female,74.94.169.49
84,James,Little,jlittle2b@mapy.cz,Male,86.220.237.136
85,Ernest,Cole,ecole2c@answers.com,Male,4.209.85.55
86,Philip,Nelson,pnelson2d@eepurl.com,Male,158.199.119.158
87,Kimberly,Henry,khenry2e@ow.ly,Female,221.87.11.255
88,Helen,Pierce,hpierce2f@ovh.net,Female,17.177.110.137
89,Brandon,Garza,bgarza2g@tuttocitta.it,Male,250.218.167.187
90,Ruby,Welch,rwelch2h@devhub.com,Female,148.58.52.252
91,Nicholas,Carroll,ncarroll2i@google.com.br,Male,57.188.40.122
92,George,Wagner,gwagner2j@umich.edu,Male,167.149.17.118
93,Kevin,Fields,kfields2k@gnu.org,Male,195.166.115.74
94,Pamela,Roberts,proberts2l@surveymonkey.com,Female,212.39.101.96
95,Michael,Flores,mflores2m@bbc.co.uk,Male,232.210.93.187
96,Rose,Jenkins,rjenkins2n@usgs.gov,Female,56.204.220.252
97,Heather,Gomez,hgomez2o@xing.com,Female,34.109.26.113
98,Jennifer,Griffin,jgriffin2p@liveinternet.ru,Female,103.14.141.137
99,Norma,Miller,nmiller2q@soundcloud.com,Female,252.162.74.137
100,David,Lopez,dlopez2r@hibu.com,Male,243.134.82.67
101,Gloria,Gutierrez,ggutierrez2s@booking.com,Female,170.55.91.18
102,Joyce,Ross,jross2t@netscape.com,Female,242.221.177.216
103,Nancy,Warren,nwarren2u@slideshare.net,Female,134.17.79.39
104,George,Watkins,gwatkins2v@dailymail.co.uk,Male,45.197.64.19
105,Jeffrey,Fowler,jfowler2w@hhs.gov,Male,160.178.191.30
106,Janet,Alvarez,jalvarez2x@de.vu,Female,82.177.245.18
107,Paul,Evans,pevans2y@mail.ru,Male,105.44.42.34
108,Phillip,Stewart,pstewart2z@soundcloud.com,Male,47.119.78.182
109,Patricia,Gray,pgray30@state.gov,Female,122.250.102.16
110,Clarence,Day,cday31@mozilla.org,Male,252.31.228.191
111,Phillip,Bowman,pbowman32@ocn.ne.jp,Male,235.59.62.159
112,Linda,Gordon,lgordon33@discovery.com,Female,168.193.181.240
113,Howard,Roberts,hroberts34@foxnews.com,Male,140.226.117.244
114,Roy,Anderson,randerson35@altervista.org,Male,214.69.230.71
115,Nicole,Harris,nharris36@google.it,Female,219.124.30.69
116,Lisa,Nelson,lnelson37@vk.com,Female,207.173.44.88
117,Christine,Gomez,cgomez38@istockphoto.com,Female,222.200.46.68
118,Eric,Adams,eadams39@unesco.org,Male,211.101.159.36
119,Joshua,Boyd,jboyd3a@4shared.com,Male,38.94.179.146
120,Jonathan,Reyes,jreyes3b@youku.com,Male,238.62.186.239
121,Patrick,Mendoza,pmendoza3c@360.cn,Male,121.185.211.8
122,Margaret,Vasquez,mvasquez3d@epa.gov,Female,181.139.217.134
123,Harry,Butler,hbutler3e@sakura.ne.jp,Male,98.39.52.83
124,Ralph,Gonzalez,rgonzalez3f@shareasale.com,Male,141.252.16.21
125,Harry,Vasquez,hvasquez3g@wikipedia.org,Male,75.127.10.40
126,Jacqueline,Kennedy,jkennedy3h@oaic.gov.au,Female,114.74.49.172
127,Chris,Wheeler,cwheeler3i@buzzfeed.com,Male,214.108.33.55
128,Lori,Holmes,lholmes3j@ifeng.com,Female,79.153.65.79
129,Sandra,Gray,sgray3k@example.com,Female,48.75.246.26
130,Adam,Fisher,afisher3l@mac.com,Male,174.229.101.159
131,Nicholas,Reynolds,nreynolds3m@symantec.com,Male,62.104.188.28
132,Christopher,Stevens,cstevens3n@wikispaces.com,Male,181.58.232.140
133,Juan,Jenkins,jjenkins3o@engadget.com,Male,167.9.12.132
134,Ronald,Simmons,rsimmons3p@examiner.com,Male,25.108.139.115
135,Anne,Austin,aaustin3q@godaddy.com,Female,179.98.150.225
136,Helen,Reyes,hreyes3r@pen.io,Female,13.220.101.137
137,Thomas,Stone,tstone3s@blogspot.com,Male,52.27.41.198
138,Joe,Hudson,jhudson3t@1und1.de,Male,210.102.190.195
139,Melissa,Larson,mlarson3u@techcrunch.com,Female,188.219.37.202
140,Bruce,Elliott,belliott3v@gnu.org,Male,157.237.30.162
141,Alan,Hanson,ahanson3w@accuweather.com,Male,67.220.168.106
142,Amy,Gibson,agibson3x@dell.com,Female,8.115.0.227
143,Daniel,Greene,dgreene3y@furl.net,Male,63.117.215.67
144,Donald,Wilson,dwilson3z@quantcast.com,Male,156.226.103.196
145,Marilyn,Hunter,mhunter40@tuttocitta.it,Female,151.0.152.7
146,Douglas,Wright,dwright41@amazonaws.com,Male,106.144.251.0
147,Dorothy,Flores,dflores42@washington.edu,Female,172.167.180.151
148,Janet,Long,jlong43@shinystat.com,Female,56.190.243.47
149,Diana,Hunt,dhunt44@admin.ch,Female,73.252.141.225
150,Anthony,Stephens,astephens45@fotki.com,Male,232.167.97.61
151,Jeffrey,Robertson,jrobertson46@biblegateway.com,Male,89.45.8.11
152,Harry,Carr,hcarr47@sourceforge.net,Male,197.245.148.137
153,Charles,Lee,clee48@hubpages.com,Male,16.98.199.252
154,Gary,Hart,ghart49@foxnews.com,Male,92.154.244.64
155,James,Jones,jjones4a@businessweek.com,Male,223.31.248.59
156,Rachel,Hudson,rhudson4b@epa.gov,Female,183.180.202.153
157,Lawrence,Kelley,lkelley4c@sakura.ne.jp,Male,18.62.28.150
158,Marilyn,Nichols,mnichols4d@vimeo.com,Female,84.4.198.225
159,John,Rivera,jrivera4e@fc2.com,Male,84.14.222.74
160,Cynthia,Jordan,cjordan4f@ftc.gov,Female,147.4.192.74
161,Kathy,Pierce,kpierce4g@blog.com,Female,63.152.60.215
162,Theresa,Berry,tberry4h@ed.gov,Female,158.57.118.100
163,Phyllis,Gardner,pgardner4i@ustream.tv,Female,116.101.223.52
164,Ashley,Romero,aromero4j@marriott.com,Female,75.185.25.173
165,Brenda,Jordan,bjordan4k@shareasale.com,Female,33.67.138.96
166,Terry,Garza,tgarza4l@is.gd,Male,24.209.8.150
167,Lillian,Nelson,lnelson4m@blogs.com,Female,137.56.225.80
168,Frank,Porter,fporter4n@pinterest.com,Male,117.175.244.178
169,Juan,Oliver,joliver4o@xinhuanet.com,Male,12.198.242.117
170,Michelle,Fields,mfields4p@ted.com,Female,173.67.244.226
171,Elizabeth,Robertson,erobertson4q@sohu.com,Female,179.249.220.63
172,Anthony,Davis,adavis4r@amazon.de,Male,44.137.141.214
173,Anne,Webb,awebb4s@yale.edu,Female,165.127.126.229
174,Alice,Wright,awright4t@youtube.com,Female,248.154.70.117
175,Ashley,Carpenter,acarpenter4u@wisc.edu,Female,252.194.163.57
176,George,Price,gprice4v@msn.com,Male,11.103.157.38
177,Linda,Reed,lreed4w@bbc.co.uk,Female,39.42.121.161
178,Sara,Nichols,snichols4x@nih.gov,Female,9.15.244.200
179,Nicole,Hill,nhill4y@salon.com,Female,44.87.122.190
180,Andrew,Olson,aolson4z@devhub.com,Male,221.225.216.102
181,Christine,Ray,cray50@pcworld.com,Female,191.141.197.12
182,Christine,Henry,chenry51@artisteer.com,Female,44.205.114.157
183,Sharon,Gray,sgray52@ucla.edu,Female,222.26.249.144
184,Frances,Hall,fhall53@blogs.com,Female,145.33.139.171
185,Norma,Ferguson,nferguson54@kickstarter.com,Female,216.104.136.43
186,Mildred,Hart,mhart55@soup.io,Female,214.125.112.80
187,Matthew,Mason,mmason56@drupal.org,Male,186.28.43.215
188,Christina,Alvarez,calvarez57@linkedin.com,Female,112.154.186.13
189,Lawrence,Gardner,lgardner58@about.com,Male,222.125.10.93
190,Kevin,Snyder,ksnyder59@adobe.com,Male,44.165.200.163
191,Betty,Watson,bwatson5a@wikipedia.org,Female,99.234.114.140
192,Kathleen,Kim,kkim5b@ox.ac.uk,Female,230.254.87.214
193,Brian,Gutierrez,bgutierrez5c@livejournal.com,Male,244.254.48.228
194,Andrew,King,aking5d@altervista.org,Male,69.31.22.39
195,Sara,Marshall,smarshall5e@who.int,Female,167.230.101.206
196,Sean,Austin,saustin5f@bloglovin.com,Male,251.159.96.250
197,Carol,Price,cprice5g@biblegateway.com,Female,147.96.193.188
198,Sean,Grant,sgrant5h@geocities.com,Male,23.2.58.210
199,Wanda,Frazier,wfrazier5i@archive.org,Female,255.235.209.187
200,Angela,Hart,ahart5j@ovh.net,Female,66.238.96.250
201,Louise,Garrett,lgarrett5k@pagesperso-orange.fr,Female,156.110.76.109
202,Ronald,Rogers,rrogers5l@engadget.com,Male,174.157.129.71
203,Dennis,Jenkins,djenkins5m@cornell.edu,Male,212.53.78.170
204,Jeremy,Castillo,jcastillo5n@dagondesign.com,Male,153.221.224.93
205,Melissa,Stewart,mstewart5o@elegantthemes.com,Female,130.220.99.214
206,Norma,Rodriguez,nrodriguez5p@cocolog-nifty.com,Female,141.241.155.174
207,Donald,Riley,driley5q@wsj.com,Male,191.221.108.222
208,Teresa,Henry,thenry5r@comcast.net,Female,44.41.138.250
209,Rose,Morgan,rmorgan5s@sohu.com,Female,3.136.32.21
210,Chris,Flores,cflores5t@bloglovin.com,Male,216.112.239.130
211,Timothy,Sullivan,tsullivan5u@tripadvisor.com,Male,49.48.205.62
212,Alice,Ray,aray5v@unesco.org,Female,128.145.91.82
213,Ronald,Ray,rray5w@symantec.com,Male,208.1.82.117
214,Carl,Cook,ccook5x@buzzfeed.com,Male,84.20.238.233
215,George,Gibson,ggibson5y@cisco.com,Male,47.234.195.183
216,Carol,Hicks,chicks5z@csmonitor.com,Female,29.127.111.37
217,Barbara,Walker,bwalker60@usatoday.com,Female,43.32.195.240
218,Patrick,Richards,prichards61@netscape.com,Male,39.142.116.29
219,Melissa,Andrews,mandrews62@google.it,Female,0.193.27.122
220,Martha,Simpson,msimpson63@biglobe.ne.jp,Female,98.16.39.203
221,Janet,Castillo,jcastillo64@unblog.fr,Female,185.184.53.128
222,Jeffrey,Howard,jhoward65@boston.com,Male,131.43.243.55
223,Julia,Reynolds,jreynolds66@hao123.com,Female,200.229.244.246
224,Louis,Stone,lstone67@php.net,Male,220.99.85.236
225,Judy,Gordon,jgordon68@multiply.com,Female,5.74.98.127
226,Kathy,Johnson,kjohnson69@theguardian.com,Female,59.77.61.99
227,Bonnie,Harvey,bharvey6a@shutterfly.com,Female,19.95.200.165
228,Ronald,Morris,rmorris6b@wikimedia.org,Male,19.9.230.38
229,Ashley,Kennedy,akennedy6c@ameblo.jp,Female,154.45.30.99
230,Jason,Cruz,jcruz6d@hp.com,Male,148.196.168.187
231,Kathleen,Coleman,kcoleman6e@ebay.com,Female,153.191.150.48
232,Jack,Spencer,jspencer6f@cnn.com,Male,105.160.15.6
233,Adam,Bryant,abryant6g@jimdo.com,Male,57.255.205.67
234,Jeffrey,Reyes,jreyes6h@yale.edu,Male,34.52.230.125
235,Benjamin,Hernandez,bhernandez6i@accuweather.com,Male,135.236.4.234
236,Tammy,Hill,thill6j@icio.us,Female,98.130.115.212
237,Carolyn,Hunter,chunter6k@shinystat.com,Female,55.163.60.6
238,Nancy,Bryant,nbryant6l@ovh.net,Female,40.2.172.198
239,Kevin,Adams,kadams6m@oakley.com,Male,239.91.124.189
240,Ralph,Williamson,rwilliamson6n@cnn.com,Male,1.252.95.197
241,Marilyn,Crawford,mcrawford6o@facebook.com,Female,198.22.255.144
242,Evelyn,Foster,efoster6p@umich.edu,Female,26.77.44.35
243,Ernest,Harris,eharris6q@prweb.com,Male,157.15.15.229
244,Peter,Hawkins,phawkins6r@ucoz.ru,Male,215.36.54.157
245,Melissa,Cunningham,mcunningham6s@reuters.com,Female,138.148.220.157
246,Larry,Holmes,lholmes6t@walmart.com,Male,100.206.169.14
247,Brenda,Gardner,bgardner6u@sohu.com,Female,120.109.58.69
248,Nicole,George,ngeorge6v@discuz.net,Female,158.105.220.77
249,Eric,Hall,ehall6w@homestead.com,Male,37.175.254.103
250,Ryan,Ortiz,rortiz6x@list-manage.com,Male,190.39.10.177
251,Frances,Brown,fbrown6y@addtoany.com,Female,211.187.232.44
252,Lillian,Willis,lwillis6z@state.tx.us,Female,225.19.181.69
253,Deborah,Riley,driley70@sciencedaily.com,Female,107.148.215.27
254,Carol,Hanson,chanson71@mtv.com,Female,177.253.254.164
255,Craig,Jordan,cjordan72@arstechnica.com,Male,0.221.49.117
256,Michael,Allen,mallen73@google.co.uk,Male,247.130.87.131
257,Benjamin,Stevens,bstevens74@time.com,Male,202.191.207.215
258,Keith,Thomas,kthomas75@smh.com.au,Male,114.120.163.139
259,Carlos,Fox,cfox76@altervista.org,Male,95.187.30.171
260,Ronald,Davis,rdavis77@privacy.gov.au,Male,229.226.249.86
261,Judith,Griffin,jgriffin78@smugmug.com,Female,103.177.100.203
262,Jeremy,Fox,jfox79@netscape.com,Male,1.223.221.109
263,Louise,Gutierrez,lgutierrez7a@sohu.com,Female,129.174.247.79
264,Martha,Robinson,mrobinson7b@indiegogo.com,Female,127.188.179.88
265,Shawn,Bailey,sbailey7c@skype.com,Male,146.46.133.131
266,Keith,Gutierrez,kgutierrez7d@usa.gov,Male,124.241.86.17
267,Margaret,Oliver,moliver7e@nbcnews.com,Female,8.90.152.175
268,Betty,Ross,bross7f@w3.org,Female,128.13.213.84
269,Bobby,Weaver,bweaver7g@comsenz.com,Male,191.241.99.200
270,Jessica,James,jjames7h@whitehouse.gov,Female,9.19.175.195
271,Adam,Sanders,asanders7i@cocolog-nifty.com,Male,234.116.204.236
272,Andrea,Harris,aharris7j@nationalgeographic.com,Female,96.115.119.200
273,Dennis,Ruiz,druiz7k@rakuten.co.jp,Male,114.246.168.91
274,Eric,Dixon,edixon7l@vk.com,Male,25.67.238.236
275,Michael,Grant,mgrant7m@tripod.com,Male,76.200.12.24
276,Thomas,Russell,trussell7n@merriam-webster.com,Male,107.239.251.1
277,Kathleen,Berry,kberry7o@fema.gov,Female,246.89.239.234
278,Patrick,Brooks,pbrooks7p@epa.gov,Male,16.116.9.172
279,John,Franklin,jfranklin7q@techcrunch.com,Male,5.170.204.84
280,Ashley,Martinez,amartinez7r@wsj.com,Female,218.139.62.33
281,Kevin,White,kwhite7s@ihg.com,Male,215.16.79.130
282,Kenneth,Austin,kaustin7t@pinterest.com,Male,86.198.161.218
283,Jimmy,Harper,jharper7u@rambler.ru,Male,51.6.141.168
284,Christine,Henry,chenry7v@sakura.ne.jp,Female,2.143.79.165
285,Denise,Collins,dcollins7w@barnesandnoble.com,Female,52.216.213.107
286,Ashley,Lynch,alynch7x@ucoz.ru,Female,212.211.140.51
287,Jack,Henry,jhenry7y@live.com,Male,157.118.37.63
288,Katherine,Reynolds,kreynolds7z@wunderground.com,Female,46.58.98.95
289,Ann,Green,agreen80@istockphoto.com,Female,4.34.95.86
290,Frances,Ray,fray81@irs.gov,Female,219.197.50.245
291,Timothy,Lawson,tlawson82@hud.gov,Male,203.25.127.121
292,Pamela,Hart,phart83@topsy.com,Female,23.186.192.52
293,Wanda,Nelson,wnelson84@indiatimes.com,Female,192.247.222.14
294,Christine,Gibson,cgibson85@si.edu,Female,26.94.128.193
295,Diane,Murray,dmurray86@dot.gov,Female,157.16.211.210
296,Chris,George,cgeorge87@shop-pro.jp,Male,124.58.143.28
297,Sharon,Fuller,sfuller88@disqus.com,Female,199.166.198.120
298,Johnny,Lynch,jlynch89@si.edu,Male,150.216.37.198
299,Dennis,Johnson,djohnson8a@cpanel.net,Male,236.11.144.102
300,Clarence,Grant,cgrant8b@dion.ne.jp,Male,3.95.184.80
301,Brenda,Porter,bporter8c@hp.com,Female,201.255.87.126
302,Jose,Young,jyoung8d@facebook.com,Male,167.246.37.225
303,Craig,Daniels,cdaniels8e@chronoengine.com,Male,162.171.212.210
304,Martin,Andrews,mandrews8f@desdev.cn,Male,96.24.193.62
305,Joyce,Medina,jmedina8g@unesco.org,Female,208.230.96.95
306,Katherine,Lane,klane8h@mediafire.com,Female,103.188.142.93
307,Scott,Shaw,sshaw8i@forbes.com,Male,25.81.201.112
308,Gregory,Garrett,ggarrett8j@usatoday.com,Male,172.255.12.207
309,Lois,Green,lgreen8k@joomla.org,Female,153.85.231.21
310,Earl,Morgan,emorgan8l@amazon.co.jp,Male,193.26.135.51
311,Mark,Rodriguez,mrodriguez8m@qq.com,Male,236.250.145.66
312,Michelle,White,mwhite8n@qq.com,Female,107.148.238.140
313,Carolyn,Murphy,cmurphy8o@rediff.com,Female,132.113.116.163
314,Jeffrey,Watson,jwatson8p@nasa.gov,Male,81.111.65.78
315,Norma,Graham,ngraham8q@chron.com,Female,151.190.240.225
316,Timothy,Medina,tmedina8r@xinhuanet.com,Male,139.48.136.99
317,Katherine,Stone,kstone8s@free.fr,Female,65.71.77.86
318,Bonnie,Davis,bdavis8t@liveinternet.ru,Female,9.81.165.26
319,Ryan,Garza,rgarza8u@alexa.com,Male,223.91.64.62
320,Jessica,Ruiz,jruiz8v@paginegialle.it,Female,15.211.214.210
321,Jacqueline,Evans,jevans8w@indiegogo.com,Female,57.59.0.37
322,Diane,Tucker,dtucker8x@vk.com,Female,122.95.160.73
323,Christopher,Moore,cmoore8y@meetup.com,Male,187.41.79.23
324,Wanda,Martin,wmartin8z@xing.com,Female,42.116.107.151
325,Diane,Grant,dgrant90@angelfire.com,Female,106.138.205.75
326,Sarah,Wright,swright91@wordpress.com,Female,183.31.65.188
327,Robert,Smith,rsmith92@nsw.gov.au,Male,111.202.47.197
328,Gerald,Medina,gmedina93@amazon.co.jp,Male,169.48.86.247
329,Kelly,Ramos,kramos94@dion.ne.jp,Female,103.252.68.135
330,David,Taylor,dtaylor95@sun.com,Male,251.25.247.132
331,Peter,Hicks,phicks96@ovh.net,Male,211.154.25.147
332,Henry,Snyder,hsnyder97@imdb.com,Male,162.242.193.178
333,Catherine,Romero,cromero98@surveymonkey.com,Female,51.113.244.164
334,Marilyn,Reyes,mreyes99@sitemeter.com,Female,56.124.92.205
335,Jessica,Payne,jpayne9a@meetup.com,Female,255.242.55.26
336,Roy,Riley,rriley9b@tuttocitta.it,Male,123.111.114.100
337,Julia,Nguyen,jnguyen9c@example.com,Female,10.106.231.130
338,Jesse,Cole,jcole9d@ebay.com,Male,207.242.135.171
339,Jesse,Henderson,jhenderson9e@apple.com,Male,74.0.83.206
340,Martha,Perkins,mperkins9f@symantec.com,Female,77.60.122.174
341,Carlos,Miller,cmiller9g@technorati.com,Male,237.201.189.148
342,Rebecca,Davis,rdavis9h@techcrunch.com,Female,6.233.219.29
343,George,Hall,ghall9i@senate.gov,Male,241.50.153.172
344,Catherine,Walker,cwalker9j@aboutads.info,Female,96.26.155.194
345,Anna,Taylor,ataylor9k@quantcast.com,Female,185.171.243.145
346,Jerry,Wilson,jwilson9l@parallels.com,Male,216.142.59.184
347,Russell,Freeman,rfreeman9m@themeforest.net,Male,165.18.71.201
348,Walter,Mendoza,wmendoza9n@parallels.com,Male,117.80.113.233
349,Catherine,Smith,csmith9o@cargocollective.com,Female,142.59.33.160
350,Benjamin,Owens,bowens9p@comsenz.com,Male,179.242.182.171
351,Bobby,Fuller,bfuller9q@diigo.com,Male,36.155.53.210
352,Andrew,West,awest9r@spotify.com,Male,198.103.119.82
353,Louis,Anderson,landerson9s@free.fr,Male,178.174.71.232
354,Gregory,Owens,gowens9t@blinklist.com,Male,17.165.39.125
355,Maria,Stone,mstone9u@1und1.de,Female,29.210.110.51
356,Steven,Ruiz,sruiz9v@admin.ch,Male,25.158.96.64
357,Jonathan,Castillo,jcastillo9w@xing.com,Male,109.53.120.189
358,Carlos,Howard,choward9x@nifty.com,Male,200.66.138.250
359,Sandra,Price,sprice9y@ted.com,Female,12.129.249.45
360,Teresa,Burke,tburke9z@netvibes.com,Female,39.53.182.79
361,Irene,Little,ilittlea0@nih.gov,Female,253.16.45.183
362,Laura,Ross,lrossa1@webnode.com,Female,75.186.186.129
363,Stephen,George,sgeorgea2@t.co,Male,11.201.192.173
364,Keith,Jenkins,kjenkinsa3@edublogs.org,Male,142.171.84.224
365,Christopher,Edwards,cedwardsa4@photobucket.com,Male,146.12.29.129
366,Joshua,Brown,jbrowna5@stanford.edu,Male,49.244.55.142
367,Ashley,Lopez,alopeza6@topsy.com,Female,203.76.151.201
368,Doris,Elliott,delliotta7@epa.gov,Female,226.226.55.43
369,Julie,Lewis,jlewisa8@wikia.com,Female,77.238.102.174
370,Judy,Day,jdaya9@hao123.com,Female,14.104.20.127
371,Tina,Peters,tpetersaa@fc2.com,Female,197.92.189.18
372,Billy,Fowler,bfowlerab@usatoday.com,Male,165.135.210.217
373,Anna,Cole,acoleac@sohu.com,Female,27.35.139.153
374,Antonio,Murphy,amurphyad@illinois.edu,Male,213.12.141.117
375,Andrew,Stewart,astewartae@mtv.com,Male,228.101.16.82
376,Dorothy,Fisher,dfisheraf@vistaprint.com,Female,196.20.110.218
377,Dennis,Davis,ddavisag@hexun.com,Male,196.147.249.140
378,Andrew,Hawkins,ahawkinsah@macromedia.com,Male,163.56.229.132
379,Elizabeth,Wood,ewoodai@slate.com,Female,136.176.164.39
380,Judith,Evans,jevansaj@cam.ac.uk,Female,138.191.242.30
381,Brenda,Green,bgreenak@xrea.com,Female,236.233.215.251
382,Terry,Peterson,tpetersonal@163.com,Male,113.113.64.237
383,Jack,Gutierrez,jgutierrezam@godaddy.com,Male,20.155.249.241
384,Sandra,Day,sdayan@youtube.com,Female,99.82.31.178
385,Elizabeth,Evans,eevansao@go.com,Female,54.101.229.200
386,Michelle,Gray,mgrayap@bloomberg.com,Female,17.19.134.237
387,Julia,Gordon,jgordonaq@miibeian.gov.cn,Female,115.147.56.124
388,Henry,Stone,hstonear@smugmug.com,Male,97.19.160.181
389,Ruby,Cunningham,rcunninghamas@bing.com,Female,90.221.69.239
390,Ryan,Gray,rgrayat@theatlantic.com,Male,78.67.206.18
391,Jessica,Lewis,jlewisau@state.gov,Female,95.131.18.122
392,Susan,Richards,srichardsav@dion.ne.jp,Female,112.8.55.232
393,Todd,Dean,tdeanaw@tinypic.com,Male,189.141.73.63
394,Lois,Moreno,lmorenoax@pen.io,Female,218.160.216.151
395,Steven,Fox,sfoxay@bloglovin.com,Male,90.186.55.117
396,Daniel,Gonzalez,dgonzalezaz@google.co.jp,Male,190.83.38.230
397,Cynthia,Edwards,cedwardsb0@nbcnews.com,Female,96.18.251.120
398,Jessica,Adams,jadamsb1@imgur.com,Female,106.192.183.205
399,Ruth,Carroll,rcarrollb2@nps.gov,Female,253.102.151.67
400,Clarence,White,cwhiteb3@skype.com,Male,69.70.179.173
401,Pamela,Cole,pcoleb4@dot.gov,Female,84.126.54.152
402,Cynthia,Berry,cberryb5@fc2.com,Female,24.168.198.206
403,Ruth,Marshall,rmarshallb6@cnbc.com,Female,87.151.94.68
404,Jeffrey,Ryan,jryanb7@spotify.com,Male,71.34.137.173
405,Judy,Robertson,jrobertsonb8@sciencedaily.com,Female,42.54.62.163
406,Ryan,Flores,rfloresb9@flavors.me,Male,31.57.56.158
407,Craig,Riley,crileyba@ifeng.com,Male,88.249.173.250
408,Ruth,Brooks,rbrooksbb@vimeo.com,Female,255.12.244.53
409,Jacqueline,Day,jdaybc@stumbleupon.com,Female,72.233.201.137
410,Andrea,Franklin,afranklinbd@123-reg.co.uk,Female,112.224.29.59
411,Dorothy,Snyder,dsnyderbe@angelfire.com,Female,128.117.93.5
412,Sharon,Green,sgreenbf@disqus.com,Female,112.197.230.46
413,Jane,Fox,jfoxbg@hexun.com,Female,167.52.210.215
414,Randy,Murphy,rmurphybh@sakura.ne.jp,Male,246.125.121.36
415,Lawrence,Black,lblackbi@histats.com,Male,33.38.228.22
416,Kelly,Fields,kfieldsbj@goodreads.com,Female,238.48.33.110
417,Roy,Spencer,rspencerbk@de.vu,Male,9.122.230.206
418,Joseph,Cooper,jcooperbl@fc2.com,Male,243.191.167.191
419,Antonio,Coleman,acolemanbm@pbs.org,Male,129.7.241.127
420,Amy,Crawford,acrawfordbn@wsj.com,Female,149.129.40.60
421,Frances,Ferguson,ffergusonbo@desdev.cn,Female,248.236.163.36
422,Ruby,Stevens,rstevensbp@slideshare.net,Female,72.140.132.178
423,Diana,Clark,dclarkbq@va.gov,Female,188.37.175.238
424,Christopher,Rogers,crogersbr@earthlink.net,Male,147.195.73.171
425,Carl,Richardson,crichardsonbs@seesaa.net,Male,229.142.142.182
426,Joshua,Welch,jwelchbt@icq.com,Male,246.151.157.217
427,Daniel,Boyd,dboydbu@army.mil,Male,183.184.133.187
428,Jean,Mills,jmillsbv@twitter.com,Female,139.254.146.84
429,Helen,Cooper,hcooperbw@studiopress.com,Female,10.111.212.219
430,Raymond,Thompson,rthompsonbx@bandcamp.com,Male,95.101.176.37
431,Patrick,Foster,pfosterby@un.org,Male,37.252.161.214
432,Deborah,Price,dpricebz@linkedin.com,Female,24.123.202.152
433,Susan,Simpson,ssimpsonc0@japanpost.jp,Female,206.219.22.144
434,Ann,Grant,agrantc1@apple.com,Female,33.79.241.97
435,Johnny,Jacobs,jjacobsc2@istockphoto.com,Male,94.61.73.177
436,Keith,Mason,kmasonc3@exblog.jp,Male,212.184.90.43
437,Douglas,Martinez,dmartinezc4@umn.edu,Male,14.45.88.96
438,Johnny,Hicks,jhicksc5@chicagotribune.com,Male,1.145.12.128
439,Willie,Garrett,wgarrettc6@imgur.com,Male,132.68.3.204
440,Lawrence,Bennett,lbennettc7@qq.com,Male,123.170.48.143
441,Beverly,Richards,brichardsc8@washington.edu,Female,239.146.196.161
442,Shirley,James,sjamesc9@msn.com,Female,12.220.254.101
443,Norma,Peters,npetersca@opera.com,Female,162.90.151.243
444,Beverly,Hudson,bhudsoncb@cargocollective.com,Female,118.189.202.126
445,Deborah,Patterson,dpattersoncc@chronoengine.com,Female,56.121.142.32
446,Bobby,Jones,bjonescd@statcounter.com,Male,222.4.17.188
447,Carol,Bowman,cbowmance@usgs.gov,Female,98.5.254.206
448,Evelyn,Romero,eromerocf@uiuc.edu,Female,154.174.33.224
449,Julie,Morris,jmorriscg@topsy.com,Female,128.182.193.54
450,Joyce,Chapman,jchapmanch@youtube.com,Female,214.138.226.223
451,Evelyn,Mills,emillsci@goo.gl,Female,24.176.205.31
452,Laura,Little,llittlecj@yellowbook.com,Female,241.79.76.157
453,Catherine,Oliver,coliverck@behance.net,Female,114.19.72.173
454,Bobby,Ray,braycl@digg.com,Male,186.227.248.194
455,Cynthia,Woods,cwoodscm@techcrunch.com,Female,107.64.40.138
456,Bruce,Sims,bsimscn@psu.edu,Male,247.90.50.12
457,Peter,Harvey,pharveyco@loc.gov,Male,219.62.48.148
458,Patricia,Willis,pwilliscp@cloudflare.com,Female,216.187.175.139
459,George,Riley,grileycq@whitehouse.gov,Male,245.74.27.210
460,Rose,Boyd,rboydcr@deliciousdays.com,Female,202.132.37.159
461,Rose,Hudson,rhudsoncs@acquirethisname.com,Female,117.32.131.113
462,Adam,Sanders,asandersct@mozilla.org,Male,187.155.145.84
463,Larry,Arnold,larnoldcu@marriott.com,Male,179.94.162.24
464,Rose,Burke,rburkecv@ucoz.com,Female,178.249.98.0
465,Sharon,Garrett,sgarrettcw@indiatimes.com,Female,149.237.156.213
466,Ronald,Fields,rfieldscx@upenn.edu,Male,131.128.231.238
467,Lawrence,Dixon,ldixoncy@webs.com,Male,37.175.114.54
468,Michael,Parker,mparkercz@gov.uk,Male,161.158.63.236
469,Jacqueline,Nguyen,jnguyend0@elpais.com,Female,108.192.62.88
470,Andrea,Perry,aperryd1@squidoo.com,Female,105.46.155.99
471,Steven,Arnold,sarnoldd2@cam.ac.uk,Male,96.198.16.114
472,Mildred,Perez,mperezd3@google.nl,Female,241.141.41.85
473,Peter,Rose,prosed4@vistaprint.com,Male,95.28.193.150
474,Tina,Thomas,tthomasd5@istockphoto.com,Female,101.82.138.143
475,Arthur,Holmes,aholmesd6@cisco.com,Male,91.171.47.112
476,Joan,Hill,jhilld7@exblog.jp,Female,27.28.200.64
477,Christina,Holmes,cholmesd8@google.co.jp,Female,145.245.86.206
478,Deborah,Hill,dhilld9@skyrock.com,Female,160.139.223.102
479,Diane,Day,ddayda@yolasite.com,Female,203.82.137.106
480,Alice,Green,agreendb@blinklist.com,Female,235.132.255.174
481,Lillian,Turner,lturnerdc@comsenz.com,Female,188.183.38.60
482,Wanda,Welch,wwelchdd@wufoo.com,Female,81.121.197.198
483,Maria,Henderson,mhendersonde@odnoklassniki.ru,Female,153.18.100.50
484,Ashley,Robinson,arobinsondf@europa.eu,Female,53.107.59.203
485,Shirley,Gilbert,sgilbertdg@scribd.com,Female,65.176.160.228
486,Ernest,Knight,eknightdh@i2i.jp,Male,155.126.117.199
487,Eugene,Mcdonald,emcdonalddi@skyrock.com,Male,60.78.65.84
488,Teresa,Ford,tforddj@vinaora.com,Female,220.105.139.57
489,Marilyn,Dunn,mdunndk@cdbaby.com,Female,140.9.166.250
490,Peter,Cole,pcoledl@bloglovin.com,Male,243.42.83.133
491,Frances,Duncan,fduncandm@histats.com,Female,92.87.231.247
492,Katherine,Medina,kmedinadn@sina.com.cn,Female,182.115.13.61
493,Carol,Lawson,clawsondo@live.com,Female,180.155.240.32
494,Paul,Fox,pfoxdp@dmoz.org,Male,189.76.180.96
495,Nancy,Chapman,nchapmandq@oracle.com,Female,145.43.160.85
496,Jeffrey,Gordon,jgordondr@bandcamp.com,Male,49.80.31.146
497,Stephanie,Perry,sperryds@mysql.com,Female,60.147.73.103
498,Michelle,Hughes,mhughesdt@si.edu,Female,87.23.138.194
499,Ruby,Cunningham,rcunninghamdu@de.vu,Female,211.131.50.208
500,Phyllis,Simpson,psimpsondv@slashdot.org,Female,214.175.82.241
501,Amanda,King,akingdw@delicious.com,Female,106.106.30.231
502,Raymond,Burke,rburkedx@rediff.com,Male,104.112.79.230
503,Diane,Jordan,djordandy@webmd.com,Female,251.113.181.0
504,Mary,Stephens,mstephensdz@facebook.com,Female,43.188.238.224
505,Raymond,Palmer,rpalmere0@elpais.com,Male,72.248.243.155
506,Rachel,Myers,rmyerse1@globo.com,Female,141.220.68.132
507,Katherine,Rice,kricee2@yellowbook.com,Female,172.187.41.82
508,Gerald,Sanchez,gsancheze3@themeforest.net,Male,186.70.39.241
509,Harold,Garrett,hgarrette4@hostgator.com,Male,23.99.94.178
510,Philip,Stephens,pstephense5@geocities.jp,Male,91.165.168.213
511,Christina,Adams,cadamse6@cpanel.net,Female,155.194.76.138
512,Cynthia,Kelly,ckellye7@photobucket.com,Female,59.189.135.158
513,Roy,Butler,rbutlere8@privacy.gov.au,Male,160.156.90.212
514,Ralph,Wagner,rwagnere9@ning.com,Male,113.144.139.108
515,Craig,Lynch,clynchea@bbc.co.uk,Male,136.131.215.201
516,Martin,Ramirez,mramirezeb@cloudflare.com,Male,70.126.222.194
517,Pamela,Mitchell,pmitchellec@squarespace.com,Female,81.194.31.20
518,Elizabeth,Stevens,estevensed@mozilla.com,Female,25.171.45.4
519,Martin,Brown,mbrownee@icq.com,Male,50.108.139.112
520,Joseph,Stanley,jstanleyef@businessinsider.com,Male,26.230.64.144
521,Carolyn,Howard,chowardeg@nydailynews.com,Female,227.200.145.104
522,Richard,Ferguson,rfergusoneh@goo.ne.jp,Male,179.81.149.78
523,Paul,Reynolds,preynoldsei@weibo.com,Male,146.163.170.243
524,Anthony,Barnes,abarnesej@theglobeandmail.com,Male,193.82.113.38
525,Jimmy,Little,jlittleek@live.com,Male,202.254.183.241
526,George,Montgomery,gmontgomeryel@newsvine.com,Male,20.234.124.51
527,Jeremy,Ramirez,jramirezem@mapy.cz,Male,209.246.126.233
528,David,Reed,dreeden@springer.com,Male,59.70.199.115
529,Mildred,Patterson,mpattersoneo@bbb.org,Female,25.85.35.58
530,Shirley,Wood,swoodep@stumbleupon.com,Female,56.77.255.208
531,Steve,Moore,smooreeq@imgur.com,Male,52.83.34.184
532,Irene,Anderson,iandersoner@yellowbook.com,Female,140.222.146.58
533,Peter,Green,pgreenes@vinaora.com,Male,207.228.208.13
534,Bruce,Thomas,bthomaset@feedburner.com,Male,183.148.136.12
535,Anna,Mitchell,amitchelleu@smugmug.com,Female,155.225.177.250
536,Norma,Phillips,nphillipsev@nps.gov,Female,66.133.27.56
537,Carl,Hall,challew@fda.gov,Male,46.91.83.64
538,Louis,Castillo,lcastilloex@ucoz.ru,Male,170.105.3.4
539,Melissa,Cooper,mcooperey@odnoklassniki.ru,Female,226.173.14.16
540,Juan,Johnson,jjohnsonez@fema.gov,Male,100.120.86.238
541,Todd,Armstrong,tarmstrongf0@drupal.org,Male,190.154.255.161
542,Ruby,Hernandez,rhernandezf1@state.gov,Female,221.46.130.83
543,Jason,Ross,jrossf2@webs.com,Male,43.41.74.155
544,Steve,Marshall,smarshallf3@cyberchimps.com,Male,145.192.18.88
545,Beverly,Howell,bhowellf4@nyu.edu,Female,229.44.110.204
546,Charles,Austin,caustinf5@rediff.com,Male,101.80.8.121
547,Ryan,Harrison,rharrisonf6@angelfire.com,Male,142.60.158.50
548,Gregory,Larson,glarsonf7@stumbleupon.com,Male,115.53.42.133
549,Elizabeth,Daniels,edanielsf8@instagram.com,Female,16.198.127.66
550,Justin,Duncan,jduncanf9@technorati.com,Male,242.26.153.131
551,Bonnie,Little,blittlefa@yahoo.co.jp,Female,222.0.135.88
552,Ryan,Gutierrez,rgutierrezfb@bravesites.com,Male,80.98.212.97
553,Bobby,Willis,bwillisfc@nature.com,Male,185.142.125.18
554,Melissa,Jones,mjonesfd@behance.net,Female,251.97.41.174
555,Kathleen,Montgomery,kmontgomeryfe@reverbnation.com,Female,152.29.142.227
556,Shirley,Morris,smorrisff@buzzfeed.com,Female,96.196.68.230
557,Jerry,Coleman,jcolemanfg@cbsnews.com,Male,214.12.75.245
558,Samuel,Johnson,sjohnsonfh@webeden.co.uk,Male,155.243.237.16
559,Sharon,Long,slongfi@mozilla.org,Female,63.248.71.20
560,Kimberly,Ortiz,kortizfj@nymag.com,Female,132.120.174.45
561,Paula,Carroll,pcarrollfk@parallels.com,Female,230.24.136.178
562,Billy,Jordan,bjordanfl@youtube.com,Male,87.34.23.208
563,Fred,Larson,flarsonfm@uiuc.edu,Male,192.146.102.100
564,Lisa,Ellis,lellisfn@theatlantic.com,Female,104.146.21.117
565,Ernest,Murray,emurrayfo@tinyurl.com,Male,226.142.213.81
566,Emily,Graham,egrahamfp@soup.io,Female,119.236.128.111
567,Bobby,Ward,bwardfq@infoseek.co.jp,Male,130.173.172.192
568,Bobby,Kelly,bkellyfr@exblog.jp,Male,80.157.151.46
569,Irene,Brooks,ibrooksfs@umich.edu,Female,20.135.185.216
570,Debra,Murray,dmurrayft@fotki.com,Female,167.133.217.25
571,Amanda,Rivera,ariverafu@alibaba.com,Female,127.170.223.68
572,Melissa,Crawford,mcrawfordfv@webeden.co.uk,Female,146.164.148.154
573,Robert,Cook,rcookfw@weebly.com,Male,239.192.120.177
574,Joe,Arnold,jarnoldfx@biglobe.ne.jp,Male,153.7.223.170
575,Kathy,Austin,kaustinfy@latimes.com,Female,79.163.232.96
576,Dennis,Sims,dsimsfz@harvard.edu,Male,110.53.214.88
577,Frank,Jackson,fjacksong0@wired.com,Male,188.228.166.52
578,Michelle,Duncan,mduncang1@tamu.edu,Female,173.103.220.56
579,Paul,Day,pdayg2@last.fm,Male,126.112.120.217
580,Lillian,Rose,lroseg3@devhub.com,Female,29.70.189.30
581,Alan,Rice,ariceg4@google.cn,Male,246.86.186.5
582,John,Smith,jsmithg5@ucoz.ru,Male,51.102.187.4
583,Karen,Watkins,kwatkinsg6@wix.com,Female,171.44.181.19
584,Jennifer,Woods,jwoodsg7@npr.org,Female,198.218.81.24
585,Bonnie,Alvarez,balvarezg8@123-reg.co.uk,Female,82.16.104.159
586,Katherine,Matthews,kmatthewsg9@eventbrite.com,Female,125.207.192.242
587,Gregory,Watson,gwatsonga@ebay.co.uk,Male,41.154.184.39
588,Patricia,Jacobs,pjacobsgb@businessweek.com,Female,191.95.89.77
589,Emily,Elliott,eelliottgc@yolasite.com,Female,115.118.236.88
590,Beverly,Morrison,bmorrisongd@ebay.com,Female,140.222.37.111
591,Debra,Stephens,dstephensge@webs.com,Female,141.249.189.203
592,Douglas,Wheeler,dwheelergf@umich.edu,Male,207.173.177.94
593,Rose,Davis,rdavisgg@cargocollective.com,Female,119.213.16.146
594,Gregory,Kelley,gkelleygh@icq.com,Male,7.56.76.216
595,Lawrence,Gray,lgraygi@mapy.cz,Male,224.34.233.166
596,Jerry,Thompson,jthompsongj@alibaba.com,Male,220.142.137.14
597,Jerry,Ferguson,jfergusongk@miitbeian.gov.cn,Male,141.13.120.197
598,James,Stone,jstonegl@who.int,Male,167.70.28.134
599,Walter,Vasquez,wvasquezgm@networksolutions.com,Male,146.175.20.91
600,Marilyn,Hicks,mhicksgn@baidu.com,Female,167.169.10.48
601,Dorothy,Nguyen,dnguyengo@go.com,Female,155.119.25.67
602,Barbara,Schmidt,bschmidtgp@ovh.net,Female,196.108.54.147
603,Kimberly,Morgan,kmorgangq@drupal.org,Female,75.154.252.112
604,Frances,Larson,flarsongr@umich.edu,Female,77.63.226.32
605,Justin,Stanley,jstanleygs@ca.gov,Male,90.225.172.194
606,Lori,Perry,lperrygt@answers.com,Female,151.217.68.215
607,Barbara,Grant,bgrantgu@t-online.de,Female,60.110.221.9
608,Emily,Burns,eburnsgv@newyorker.com,Female,111.146.225.233
609,Sandra,Dixon,sdixongw@gmpg.org,Female,30.49.68.72
610,Jennifer,Willis,jwillisgx@go.com,Female,137.94.21.210
611,Shirley,Little,slittlegy@intel.com,Female,44.205.201.198
612,Diana,Fisher,dfishergz@tiny.cc,Female,200.57.92.113
613,Angela,Medina,amedinah0@mlb.com,Female,29.49.77.203
614,Earl,Harvey,eharveyh1@i2i.jp,Male,66.115.30.74
615,Ralph,Fowler,rfowlerh2@usgs.gov,Male,178.209.154.63
616,Andrea,Mitchell,amitchellh3@mapquest.com,Female,240.133.194.4
617,Kathleen,Garcia,kgarciah4@time.com,Female,174.232.56.9
618,Teresa,Nelson,tnelsonh5@psu.edu,Female,244.9.205.241
619,Walter,Jones,wjonesh6@wunderground.com,Male,18.249.177.52
620,Kimberly,Bowman,kbowmanh7@seesaa.net,Female,20.207.203.255
621,Steven,Reed,sreedh8@geocities.jp,Male,239.155.95.50
622,Russell,Burke,rburkeh9@cbc.ca,Male,140.60.101.80
623,Judith,Owens,jowensha@youku.com,Female,211.181.204.175
624,Amanda,Austin,aaustinhb@examiner.com,Female,222.185.13.211
625,Victor,Spencer,vspencerhc@drupal.org,Male,192.1.98.103
626,Sandra,Burton,sburtonhd@stanford.edu,Female,137.67.224.83
627,Jimmy,Andrews,jandrewshe@istockphoto.com,Male,124.124.250.2
628,Janet,Chapman,jchapmanhf@goodreads.com,Female,34.148.227.248
629,Joshua,Brown,jbrownhg@stumbleupon.com,Male,239.248.23.19
630,Norma,Schmidt,nschmidthh@google.pl,Female,201.242.241.89
631,Julia,Lee,jleehi@merriam-webster.com,Female,42.225.170.40
632,Carl,Long,clonghj@macromedia.com,Male,207.224.162.39
633,Sean,Allen,sallenhk@google.com.au,Male,239.232.162.92
634,Diane,Gardner,dgardnerhl@bloglovin.com,Female,151.220.128.22
635,Patrick,Little,plittlehm@globo.com,Male,235.232.101.131
636,Richard,Medina,rmedinahn@nytimes.com,Male,96.95.86.57
637,Henry,Morgan,hmorganho@imageshack.us,Male,236.57.188.27
638,Jean,Jackson,jjacksonhp@npr.org,Female,227.80.64.56
639,Jimmy,Lane,jlanehq@house.gov,Male,212.71.237.92
640,Laura,Woods,lwoodshr@ask.com,Female,9.102.181.138
641,Diana,Black,dblackhs@google.co.uk,Female,216.52.70.176
642,Antonio,Harper,aharperht@mlb.com,Male,239.219.20.76
643,Larry,White,lwhitehu@twitter.com,Male,5.168.1.174
644,Joyce,Murray,jmurrayhv@1688.com,Female,43.65.224.113
645,Terry,Gonzales,tgonzaleshw@blog.com,Male,154.93.75.128
646,Marilyn,Bailey,mbaileyhx@opera.com,Female,131.112.251.67
647,Julie,Davis,jdavishy@ft.com,Female,39.105.22.81
648,Theresa,Harrison,tharrisonhz@comcast.net,Female,220.14.254.61
649,Mary,Payne,mpaynei0@yahoo.com,Female,72.57.169.157
650,Christopher,Kelly,ckellyi1@vimeo.com,Male,111.226.16.16
651,Carolyn,Gomez,cgomezi2@google.com.br,Female,151.119.174.189
652,Arthur,Campbell,acampbelli3@theglobeandmail.com,Male,6.141.100.124
653,Terry,Ray,trayi4@nih.gov,Male,145.208.38.26
654,Nancy,Meyer,nmeyeri5@taobao.com,Female,251.2.229.50
655,Patricia,Matthews,pmatthewsi6@oracle.com,Female,171.67.233.96
656,Debra,Nichols,dnicholsi7@twitter.com,Female,235.234.237.125
657,Roy,Riley,rrileyi8@whitehouse.gov,Male,15.125.3.109
658,Carol,Mason,cmasoni9@cnn.com,Female,98.48.168.103
659,Kathy,Fields,kfieldsia@dagondesign.com,Female,176.132.126.239
660,Barbara,Olson,bolsonib@comsenz.com,Female,49.119.127.145
661,Mark,Fox,mfoxic@woothemes.com,Male,155.201.255.193
662,Elizabeth,Harris,eharrisid@businesswire.com,Female,95.21.102.108
663,Samuel,Brown,sbrownie@geocities.jp,Male,163.68.139.4
664,Roy,Jackson,rjacksonif@woothemes.com,Male,84.252.250.239
665,Jose,Jackson,jjacksonig@freewebs.com,Male,179.108.221.243
666,Ruth,Moreno,rmorenoih@mashable.com,Female,235.1.112.223
667,Paul,Jackson,pjacksonii@t.co,Male,159.125.49.63
668,Anne,White,awhiteij@google.co.uk,Female,235.162.57.209
669,Michelle,Diaz,mdiazik@wufoo.com,Female,209.92.26.163
670,Melissa,Parker,mparkeril@xrea.com,Female,105.150.47.8
671,Wayne,Carpenter,wcarpenterim@aol.com,Male,0.8.39.119
672,Nancy,Weaver,nweaverin@adobe.com,Female,66.244.139.134
673,Donna,Dunn,ddunnio@4shared.com,Female,220.142.3.62
674,Randy,Lopez,rlopezip@cnbc.com,Male,99.140.167.146
675,Harry,Burns,hburnsiq@photobucket.com,Male,116.20.89.185
676,Annie,Powell,apowellir@bing.com,Female,107.12.150.115
677,Wanda,Sullivan,wsullivanis@studiopress.com,Female,21.61.198.225
678,Helen,Owens,howensit@123-reg.co.uk,Female,67.231.55.117
679,Sara,Robertson,srobertsoniu@nydailynews.com,Female,240.110.208.193
680,Sharon,Johnson,sjohnsoniv@ycombinator.com,Female,38.152.176.62
681,Helen,King,hkingiw@thetimes.co.uk,Female,47.200.30.204
682,Annie,Austin,aaustinix@1688.com,Female,242.206.125.2
683,Jessica,Kelley,jkelleyiy@chicagotribune.com,Female,96.138.9.80
684,Pamela,Arnold,parnoldiz@pinterest.com,Female,153.248.235.159
685,Jesse,Allen,jallenj0@patch.com,Male,204.107.48.160
686,Willie,Hicks,whicksj1@oracle.com,Male,215.202.142.181
687,Joseph,Edwards,jedwardsj2@imdb.com,Male,42.104.142.172
688,Shawn,Collins,scollinsj3@sphinn.com,Male,75.25.131.97
689,Douglas,Howell,dhowellj4@cocolog-nifty.com,Male,23.2.201.23
690,William,King,wkingj5@usatoday.com,Male,250.109.218.173
691,Debra,Hall,dhallj6@google.ru,Female,227.147.22.209
692,Anna,Garcia,agarciaj7@examiner.com,Female,115.186.106.247
693,Julie,Rivera,jriveraj8@yellowpages.com,Female,236.156.51.209
694,Jane,Gordon,jgordonj9@tamu.edu,Female,62.179.74.55
695,Patricia,Fowler,pfowlerja@mit.edu,Female,109.82.153.147
696,Gloria,Simmons,gsimmonsjb@senate.gov,Female,6.142.122.3
697,Margaret,Green,mgreenjc@sourceforge.net,Female,25.233.187.39
698,Willie,Wright,wwrightjd@smh.com.au,Male,24.214.66.168
699,Julie,Reid,jreidje@dropbox.com,Female,2.157.131.163
700,Phillip,Knight,pknightjf@shinystat.com,Male,254.23.164.42
701,Jimmy,Collins,jcollinsjg@si.edu,Male,234.66.36.163
702,Sandra,Carr,scarrjh@github.io,Female,90.239.160.3
703,Aaron,Morales,amoralesji@apple.com,Male,26.88.143.194
704,Helen,Collins,hcollinsjj@cocolog-nifty.com,Female,37.118.40.36
705,Louise,Carter,lcarterjk@desdev.cn,Female,132.160.78.104
706,Michelle,Myers,mmyersjl@stumbleupon.com,Female,106.226.9.207
707,Julia,Martinez,jmartinezjm@1688.com,Female,204.221.53.234
708,Fred,Carroll,fcarrolljn@xing.com,Male,244.51.143.34
709,Janice,Thompson,jthompsonjo@feedburner.com,Female,179.21.247.8
710,Christopher,Meyer,cmeyerjp@imdb.com,Male,75.41.25.219
711,Jose,Peterson,jpetersonjq@posterous.com,Male,13.100.153.186
712,Nicholas,Baker,nbakerjr@yelp.com,Male,92.55.167.59
713,Bruce,Owens,bowensjs@squidoo.com,Male,159.147.179.96
714,Debra,Diaz,ddiazjt@princeton.edu,Female,195.32.225.167
715,Brenda,Roberts,brobertsju@chicagotribune.com,Female,196.138.150.234
716,Andrea,Foster,afosterjv@tuttocitta.it,Female,70.11.155.183
717,Gerald,Reyes,greyesjw@github.io,Male,182.228.158.20
718,Johnny,Dixon,jdixonjx@mozilla.org,Male,123.183.7.6
719,Karen,Jenkins,kjenkinsjy@chron.com,Female,32.170.41.90
720,Irene,Tucker,ituckerjz@privacy.gov.au,Female,215.201.23.72
721,Julie,Diaz,jdiazk0@51.la,Female,169.197.0.144
722,Ronald,Payne,rpaynek1@bloglovin.com,Male,159.240.250.58
723,Arthur,Ryan,aryank2@amazonaws.com,Male,82.205.32.46
724,Jimmy,Morales,jmoralesk3@stumbleupon.com,Male,177.224.56.225
725,Adam,Bowman,abowmank4@slideshare.net,Male,137.112.165.139
726,Adam,Watson,awatsonk5@digg.com,Male,128.197.98.187
727,Jerry,Perry,jperryk6@opera.com,Male,94.33.60.242
728,Roy,Hunt,rhuntk7@plala.or.jp,Male,39.53.227.218
729,Martha,Lawrence,mlawrencek8@berkeley.edu,Female,1.127.183.217
730,George,Mitchell,gmitchellk9@nymag.com,Male,81.136.126.93
731,Matthew,Gilbert,mgilbertka@surveymonkey.com,Male,151.210.159.198
732,Keith,Castillo,kcastillokb@dyndns.org,Male,236.204.192.123
733,Irene,Crawford,icrawfordkc@house.gov,Female,243.192.154.126
734,Charles,Cooper,ccooperkd@spotify.com,Male,184.211.193.113
735,Rose,Hayes,rhayeske@blogs.com,Female,200.145.74.127
736,Debra,Watson,dwatsonkf@acquirethisname.com,Female,23.3.117.59
737,Arthur,Rogers,arogerskg@state.tx.us,Male,54.110.0.31
738,Andrea,Sanchez,asanchezkh@springer.com,Female,119.199.166.58
739,Aaron,Olson,aolsonki@wordpress.com,Male,170.181.123.114
740,Evelyn,Pierce,epiercekj@goo.gl,Female,247.105.235.140
741,Thomas,Frazier,tfrazierkk@clickbank.net,Male,226.233.215.55
742,Martha,West,mwestkl@stanford.edu,Female,135.123.103.121
743,Robin,Stanley,rstanleykm@constantcontact.com,Female,74.59.229.100
744,Roger,Simpson,rsimpsonkn@dailymotion.com,Male,200.39.44.212
745,Shawn,Hanson,shansonko@google.com.hk,Male,208.43.131.117
746,Angela,Crawford,acrawfordkp@php.net,Female,214.159.146.68
747,Jennifer,Arnold,jarnoldkq@google.com.au,Female,151.0.197.232
748,Joe,Sanchez,jsanchezkr@theatlantic.com,Male,44.73.121.146
749,Karen,Lynch,klynchks@google.fr,Female,128.218.195.91
750,Thomas,Mills,tmillskt@twitter.com,Male,203.33.26.35
751,Anthony,Mills,amillsku@csmonitor.com,Male,29.155.120.126
752,Angela,Nguyen,anguyenkv@domainmarket.com,Female,48.7.237.126
753,Shirley,Mills,smillskw@dailymotion.com,Female,115.225.12.247
754,Carl,Perry,cperrykx@trellian.com,Male,225.23.40.22
755,Gerald,Garza,ggarzaky@yandex.ru,Male,22.121.46.89
756,Linda,Cruz,lcruzkz@domainmarket.com,Female,201.1.134.44
757,Helen,Fernandez,hfernandezl0@mlb.com,Female,144.186.29.40
758,Frances,Davis,fdavisl1@google.pl,Female,122.123.15.58
759,Sandra,Hughes,shughesl2@alexa.com,Female,123.37.52.13
760,Victor,Mills,vmillsl3@ed.gov,Male,164.137.137.63
761,Annie,Owens,aowensl4@icq.com,Female,45.92.59.175
762,Lawrence,Robinson,lrobinsonl5@disqus.com,Male,63.84.40.167
763,Tina,Hall,thalll6@answers.com,Female,234.112.94.133
764,Christina,Robertson,crobertsonl7@comsenz.com,Female,248.22.73.142
765,Gregory,Freeman,gfreemanl8@rediff.com,Male,166.237.188.161
766,Denise,Hall,dhalll9@omniture.com,Female,215.28.84.90
767,Cheryl,Turner,cturnerla@cbslocal.com,Female,186.26.198.64
768,Rose,Wright,rwrightlb@mapquest.com,Female,18.64.176.99
769,Tammy,Burton,tburtonlc@quantcast.com,Female,134.52.158.18
770,Carlos,Robertson,crobertsonld@bloomberg.com,Male,95.210.244.165
771,Adam,Pierce,apiercele@theatlantic.com,Male,183.137.79.150
772,Jerry,Garcia,jgarcialf@cam.ac.uk,Male,113.230.212.31
773,Nicholas,Brooks,nbrookslg@deliciousdays.com,Male,6.38.11.53
774,Diana,Matthews,dmatthewslh@archive.org,Female,175.58.31.14
775,Gloria,West,gwestli@netscape.com,Female,100.149.145.145
776,Billy,Nguyen,bnguyenlj@theatlantic.com,Male,53.140.188.17
777,Brian,Ramos,bramoslk@theguardian.com,Male,108.33.105.129
778,Laura,Davis,ldavisll@census.gov,Female,37.7.146.210
779,Diane,Campbell,dcampbelllm@feedburner.com,Female,44.165.30.230
780,Doris,Garcia,dgarcialn@ucla.edu,Female,104.214.5.90
781,Angela,Ross,arosslo@friendfeed.com,Female,150.107.142.50
782,Bruce,Rice,bricelp@weebly.com,Male,186.20.168.95
783,Lori,Marshall,lmarshalllq@goodreads.com,Female,180.238.28.161
784,Ralph,Sanchez,rsanchezlr@de.vu,Male,249.151.247.82
785,Karen,Freeman,kfreemanls@bloglines.com,Female,89.185.4.178
786,Larry,Lewis,llewislt@businessweek.com,Male,111.129.12.18
787,Douglas,Hansen,dhansenlu@ucla.edu,Male,242.75.177.151
788,Carol,Reyes,creyeslv@pcworld.com,Female,199.102.112.216
789,Bruce,Collins,bcollinslw@google.es,Male,7.102.113.75
790,Martin,Hunt,mhuntlx@twitter.com,Male,130.211.32.99
791,Mark,Davis,mdavisly@usgs.gov,Male,251.103.196.177
792,Raymond,Austin,raustinlz@youtu.be,Male,111.35.32.56
793,Debra,Morrison,dmorrisonm0@wsj.com,Female,187.210.10.21
794,Sandra,Martinez,smartinezm1@cbslocal.com,Female,155.122.230.223
795,John,Bryant,jbryantm2@youtube.com,Male,119.75.178.214
796,Chris,Thompson,cthompsonm3@livejournal.com,Male,53.194.71.85
797,Todd,Nelson,tnelsonm4@altervista.org,Male,228.47.56.177
798,Albert,Ryan,aryanm5@webnode.com,Male,234.244.223.234
799,Betty,Richards,brichardsm6@apache.org,Female,96.254.152.232
800,Martin,Thompson,mthompsonm7@plala.or.jp,Male,166.250.108.35
801,Lois,Simmons,lsimmonsm8@sfgate.com,Female,194.90.68.102
802,Kevin,Fernandez,kfernandezm9@sun.com,Male,33.64.69.16
803,Todd,Stanley,tstanleyma@last.fm,Male,145.140.57.178
804,Louise,Edwards,ledwardsmb@irs.gov,Female,2.146.189.4
805,Angela,Graham,agrahammc@ameblo.jp,Female,249.189.219.101
806,Julia,Simmons,jsimmonsmd@psu.edu,Female,2.223.209.222
807,Amy,Reyes,areyesme@cdbaby.com,Female,211.101.15.216
808,Adam,Collins,acollinsmf@wordpress.com,Male,36.153.217.88
809,Kimberly,Nichols,knicholsmg@ifeng.com,Female,184.36.126.194
810,Philip,Collins,pcollinsmh@msn.com,Male,60.134.213.94
811,Catherine,Bowman,cbowmanmi@sitemeter.com,Female,18.0.131.77
812,Joan,King,jkingmj@wikispaces.com,Female,11.189.6.21
813,Roy,Flores,rfloresmk@rediff.com,Male,233.94.232.60
814,Rebecca,Martin,rmartinml@sohu.com,Female,178.36.53.204
815,Carolyn,Anderson,candersonmm@imdb.com,Female,119.93.154.250
816,Adam,Ross,arossmn@t.co,Male,217.86.113.172
817,Carlos,Montgomery,cmontgomerymo@mysql.com,Male,101.104.121.126
818,Thomas,Graham,tgrahammp@cisco.com,Male,139.156.154.66
819,Maria,Howell,mhowellmq@biblegateway.com,Female,61.226.34.181
820,Martha,Brooks,mbrooksmr@wikispaces.com,Female,186.150.123.191
821,Jose,Thomas,jthomasms@t.co,Male,17.228.234.78
822,Antonio,Carter,acartermt@youtube.com,Male,69.116.250.123
823,Steven,Garcia,sgarciamu@yale.edu,Male,97.73.91.100
824,Matthew,Shaw,mshawmv@foxnews.com,Male,187.70.26.131
825,Joe,Freeman,jfreemanmw@eventbrite.com,Male,173.246.31.166
826,Stephen,Shaw,sshawmx@vistaprint.com,Male,78.35.48.209
827,Ernest,Murray,emurraymy@parallels.com,Male,174.174.243.228
828,Phyllis,Rice,pricemz@printfriendly.com,Female,125.251.170.90
829,Jeremy,Lopez,jlopezn0@yandex.ru,Male,127.254.158.211
830,Jean,Bishop,jbishopn1@kickstarter.com,Female,197.20.252.57
831,Dennis,Bradley,dbradleyn2@dion.ne.jp,Male,161.148.63.116
832,Doris,Boyd,dboydn3@odnoklassniki.ru,Female,70.130.143.12
833,Johnny,Collins,jcollinsn4@thetimes.co.uk,Male,72.213.35.249
834,Phyllis,Larson,plarsonn5@topsy.com,Female,132.254.102.212
835,Jack,Thomas,jthomasn6@mozilla.org,Male,249.197.99.219
836,Michelle,Ryan,mryann7@addthis.com,Female,8.218.111.79
837,Jerry,Palmer,jpalmern8@shinystat.com,Male,57.252.115.229
838,Gloria,Knight,gknightn9@joomla.org,Female,138.196.249.98
839,Angela,Elliott,aelliottna@latimes.com,Female,160.81.127.128
840,Anthony,Harper,aharpernb@marriott.com,Male,219.193.222.131
841,Karen,Williamson,kwilliamsonnc@ed.gov,Female,208.68.249.194
842,Edward,Reed,ereednd@youku.com,Male,239.207.38.212
843,Fred,Graham,fgrahamne@tinypic.com,Male,138.241.248.22
844,Linda,Jenkins,ljenkinsnf@biglobe.ne.jp,Female,84.188.12.62
845,Jason,Lee,jleeng@4shared.com,Male,97.112.151.101
846,Bonnie,Ramos,bramosnh@scientificamerican.com,Female,153.219.138.232
847,Ernest,Mason,emasonni@google.ca,Male,237.28.199.100
848,Anne,Carr,acarrnj@un.org,Female,101.156.203.24
849,Pamela,Rivera,priverank@digg.com,Female,222.197.106.218
850,Eugene,Richards,erichardsnl@etsy.com,Male,99.220.81.49
851,Rebecca,Johnston,rjohnstonnm@w3.org,Female,103.204.154.38
852,Mary,Carter,mcarternn@google.de,Female,34.187.91.195
853,Earl,Ward,ewardno@oaic.gov.au,Male,174.144.156.81
854,Jose,Lopez,jlopeznp@sina.com.cn,Male,134.41.248.126
855,Cheryl,Lawrence,clawrencenq@msn.com,Female,240.180.42.171
856,Wanda,Owens,wowensnr@mapquest.com,Female,43.81.118.37
857,Jennifer,Carroll,jcarrollns@wsj.com,Female,115.59.67.40
858,Deborah,Hudson,dhudsonnt@amazon.de,Female,31.207.96.177
859,Jason,Wallace,jwallacenu@time.com,Male,94.77.113.209
860,Kelly,Hicks,khicksnv@apple.com,Female,120.174.63.225
861,Ashley,Jacobs,ajacobsnw@rambler.ru,Female,163.232.107.58
862,Irene,Knight,iknightnx@facebook.com,Female,104.182.117.68
863,Shawn,Rogers,srogersny@mysql.com,Male,41.177.80.152
864,Cheryl,Mcdonald,cmcdonaldnz@census.gov,Female,205.69.143.53
865,Lois,Harper,lharpero0@marketwatch.com,Female,233.161.130.169
866,Steve,Fox,sfoxo1@si.edu,Male,159.163.161.153
867,Gregory,Collins,gcollinso2@phoca.cz,Male,105.88.6.17
868,Phyllis,Wheeler,pwheelero3@cam.ac.uk,Female,184.194.4.249
869,Lawrence,Oliver,lolivero4@shop-pro.jp,Male,3.20.117.65
870,Matthew,Campbell,mcampbello5@reference.com,Male,74.219.187.242
871,Nancy,Wallace,nwallaceo6@pen.io,Female,61.245.233.188
872,Jack,Mason,jmasono7@instagram.com,Male,59.165.255.164
873,Amy,Sanders,asanderso8@shinystat.com,Female,186.89.154.185
874,Ronald,Harvey,rharveyo9@berkeley.edu,Male,79.241.55.91
875,Andrew,Stanley,astanleyoa@dion.ne.jp,Male,239.53.37.24
876,Larry,Black,lblackob@ask.com,Male,149.207.253.146
877,Steve,Wells,swellsoc@nymag.com,Male,170.198.121.76
878,Matthew,Richards,mrichardsod@umn.edu,Male,153.122.212.119
879,Roy,Schmidt,rschmidtoe@technorati.com,Male,20.243.255.204
880,Doris,Willis,dwillisof@sakura.ne.jp,Female,112.163.174.55
881,Ruby,Long,rlongog@tumblr.com,Female,123.220.18.39
882,George,Ryan,gryanoh@last.fm,Male,220.122.170.227
883,Linda,Bennett,lbennettoi@webmd.com,Female,216.190.222.184
884,Jose,Ramirez,jramirezoj@xing.com,Male,189.42.1.235
885,Larry,Hernandez,lhernandezok@google.ca,Male,123.155.132.157
886,Roy,Bailey,rbaileyol@alibaba.com,Male,129.203.85.246
887,Larry,Holmes,lholmesom@taobao.com,Male,227.26.206.127
888,Howard,Wallace,hwallaceon@tamu.edu,Male,158.53.169.9
889,Jeffrey,Stevens,jstevensoo@google.nl,Male,246.187.7.1
890,Gerald,Campbell,gcampbellop@tiny.cc,Male,27.47.21.223
891,Samuel,Harrison,sharrisonoq@ebay.com,Male,85.223.140.136
892,Paul,Kelly,pkellyor@google.co.jp,Male,84.112.228.4
893,Maria,Flores,mfloresos@adobe.com,Female,56.155.255.204
894,Barbara,Hart,bhartot@360.cn,Female,248.249.193.225
895,Frances,Martin,fmartinou@dedecms.com,Female,115.215.138.78
896,Randy,Hunter,rhunterov@mysql.com,Male,49.214.104.97
897,Annie,Hill,ahillow@stanford.edu,Female,139.120.123.250
898,Carlos,Webb,cwebbox@techcrunch.com,Male,231.202.43.122
899,Ruth,Bowman,rbowmanoy@mayoclinic.com,Female,202.200.132.119
900,Daniel,Kelley,dkelleyoz@ning.com,Male,174.249.185.49
901,Dennis,Morgan,dmorganp0@reuters.com,Male,150.202.33.254
902,Deborah,Peters,dpetersp1@ucoz.com,Female,221.19.11.255
903,Anthony,Roberts,arobertsp2@marketwatch.com,Male,5.136.239.99
904,Justin,Banks,jbanksp3@reuters.com,Male,52.52.132.196
905,Lisa,Willis,lwillisp4@cdbaby.com,Female,195.24.235.58
906,Virginia,Mcdonald,vmcdonaldp5@nytimes.com,Female,163.109.250.219
907,Gerald,Mills,gmillsp6@discuz.net,Male,151.17.43.191
908,Dennis,Martin,dmartinp7@bandcamp.com,Male,25.104.142.245
909,Jesse,Harrison,jharrisonp8@free.fr,Male,248.176.28.70
910,Keith,Garrett,kgarrettp9@soundcloud.com,Male,86.62.241.47
911,Theresa,Roberts,trobertspa@ebay.co.uk,Female,54.233.59.45
912,Donna,Hunt,dhuntpb@blogs.com,Female,39.180.169.14
913,James,Gutierrez,jgutierrezpc@discovery.com,Male,71.129.206.53
914,Kelly,Watson,kwatsonpd@alexa.com,Female,74.139.26.169
915,Willie,Hernandez,whernandezpe@ed.gov,Male,53.109.40.227
916,Amanda,Peterson,apetersonpf@wisc.edu,Female,104.86.2.102
917,Denise,Bryant,dbryantpg@privacy.gov.au,Female,177.104.192.211
918,Earl,Scott,escottph@berkeley.edu,Male,138.146.97.218
919,Nancy,Peterson,npetersonpi@google.cn,Female,162.185.244.178
920,Antonio,Reynolds,areynoldspj@amazon.co.jp,Male,61.184.252.246
921,Maria,Dunn,mdunnpk@blog.com,Female,197.225.244.206
922,Dennis,Fowler,dfowlerpl@ovh.net,Male,68.124.168.58
923,Julia,Garcia,jgarciapm@hhs.gov,Female,160.202.101.25
924,Nicole,Ryan,nryanpn@nba.com,Female,198.167.74.227
925,Douglas,Stone,dstonepo@rakuten.co.jp,Male,188.124.137.104
926,Teresa,Oliver,toliverpp@mapquest.com,Female,113.42.20.25
927,Christopher,Hansen,chansenpq@youku.com,Male,16.25.217.163
928,Wayne,Shaw,wshawpr@sohu.com,Male,243.173.142.158
929,Craig,Morales,cmoralesps@fda.gov,Male,193.111.115.56
930,Deborah,Wood,dwoodpt@4shared.com,Female,159.196.105.73
931,Betty,Kelley,bkelleypu@youtube.com,Female,34.90.201.77
932,Mark,Carpenter,mcarpenterpv@ask.com,Male,23.127.55.97
933,Christina,Gordon,cgordonpw@twitpic.com,Female,48.168.121.39
934,Sandra,Clark,sclarkpx@home.pl,Female,77.50.229.74
935,Kathryn,Bradley,kbradleypy@narod.ru,Female,3.10.255.65
936,Gregory,Fuller,gfullerpz@redcross.org,Male,172.176.145.237
937,Aaron,Rivera,ariveraq0@unblog.fr,Male,195.114.146.64
938,Kevin,Morrison,kmorrisonq1@hao123.com,Male,98.59.138.63
939,Stephanie,Banks,sbanksq2@pcworld.com,Female,96.191.63.168
940,Jerry,Hayes,jhayesq3@stanford.edu,Male,14.170.109.60
941,Antonio,Lawson,alawsonq4@imageshack.us,Male,118.25.195.103
942,Keith,Patterson,kpattersonq5@icio.us,Male,253.208.120.161
943,Denise,Wells,dwellsq6@samsung.com,Female,3.226.229.147
944,Laura,Davis,ldavisq7@github.com,Female,229.142.183.153
945,Bobby,Moreno,bmorenoq8@dailymail.co.uk,Male,69.48.193.34
946,Paula,Williamson,pwilliamsonq9@infoseek.co.jp,Female,136.249.224.53
947,Jeremy,Weaver,jweaverqa@bigcartel.com,Male,59.125.61.151
948,Christine,Richards,crichardsqb@mozilla.org,Female,16.18.246.130
949,Phyllis,Day,pdayqc@meetup.com,Female,101.190.69.236
950,Anna,Riley,arileyqd@twitpic.com,Female,249.112.186.110
951,Judy,Simpson,jsimpsonqe@sphinn.com,Female,225.151.58.0
952,Carolyn,Henry,chenryqf@hud.gov,Female,76.92.27.129
953,Edward,Allen,eallenqg@boston.com,Male,1.230.21.58
954,Richard,Coleman,rcolemanqh@taobao.com,Male,163.210.11.246
955,Sarah,Mitchell,smitchellqi@usnews.com,Female,40.70.153.46
956,Heather,Price,hpriceqj@blogtalkradio.com,Female,169.56.224.202
957,Steven,Mason,smasonqk@qq.com,Male,78.226.106.79
958,Peter,Rice,priceql@t.co,Male,128.11.120.85
959,Samuel,Murphy,smurphyqm@stumbleupon.com,Male,95.117.34.216
960,Ryan,Harvey,rharveyqn@istockphoto.com,Male,51.36.223.156
961,Kelly,Jones,kjonesqo@theguardian.com,Female,76.69.198.153
962,Michelle,Burke,mburkeqp@bbb.org,Female,162.187.145.79
963,Irene,Hall,ihallqq@hp.com,Female,124.243.141.107
964,Jacqueline,Robinson,jrobinsonqr@privacy.gov.au,Female,236.240.171.218
965,Howard,Chavez,hchavezqs@opera.com,Male,9.252.245.150
966,Thomas,Ferguson,tfergusonqt@eventbrite.com,Male,205.115.141.255
967,Ashley,Chavez,achavezqu@mit.edu,Female,188.42.241.71
968,Sharon,Banks,sbanksqv@state.tx.us,Female,22.29.72.245
969,Gloria,Bowman,gbowmanqw@storify.com,Female,85.113.53.184
970,Robin,Dixon,rdixonqx@wiley.com,Female,53.41.51.138
971,Larry,Green,lgreenqy@nydailynews.com,Male,125.150.139.89
972,Louise,Oliver,loliverqz@narod.ru,Female,131.249.193.165
973,Randy,Boyd,rboydr0@github.io,Male,110.36.226.113
974,Christina,Burns,cburnsr1@earthlink.net,Female,41.231.110.5
975,Gerald,Roberts,grobertsr2@hexun.com,Male,217.139.67.176
976,Carol,Pierce,cpiercer3@ucoz.com,Female,102.49.44.248
977,Keith,Jones,kjonesr4@delicious.com,Male,222.111.141.81
978,Tina,Oliver,toliverr5@archive.org,Female,170.204.143.172
979,Kathleen,Pierce,kpiercer6@smugmug.com,Female,84.195.175.215
980,Adam,Knight,aknightr7@un.org,Male,177.251.73.208
981,Christina,Freeman,cfreemanr8@nytimes.com,Female,255.126.180.7
982,Jerry,Moore,jmoorer9@netlog.com,Male,243.109.39.188
983,Mary,Rogers,mrogersra@alibaba.com,Female,114.90.163.247
984,Antonio,Woods,awoodsrb@ifeng.com,Male,161.63.147.167
985,William,Baker,wbakerrc@simplemachines.org,Male,76.234.130.67
986,Fred,Banks,fbanksrd@jugem.jp,Male,4.255.231.58
987,Shawn,Hart,shartre@studiopress.com,Male,58.184.14.233
988,Brian,White,bwhiterf@stumbleupon.com,Male,134.152.122.78
989,Amanda,Snyder,asnyderrg@tamu.edu,Female,236.108.228.155
990,Katherine,Lopez,klopezrh@time.com,Female,9.73.138.119
991,Tina,Wheeler,twheelerri@google.com,Female,213.13.63.159
992,Carlos,Ruiz,cruizrj@t-online.de,Male,36.22.204.113
993,Carlos,Ellis,cellisrk@t.co,Male,28.127.230.31
994,Lawrence,Ortiz,lortizrl@unc.edu,Male,148.114.147.122
995,Ashley,Davis,adavisrm@chronoengine.com,Female,28.170.62.121
996,Betty,Alvarez,balvarezrn@xinhuanet.com,Female,67.4.44.107
997,Roger,Williamson,rwilliamsonro@dailymotion.com,Male,104.225.16.188
998,Louise,Gray,lgrayrp@scientificamerican.com,Female,173.175.27.144
999,Lori,Schmidt,lschmidtrq@jimdo.com,Female,163.205.58.71
1000,George,Fuller,gfullerrr@nhs.uk,Male,135.52.217.8
