,Name,Lastname,email,gender,ip_address
1,Gregory,Rodriguez,grodriguez0@vimeo.com,Male,136.154.224.183
2,Susan,Holmes,sholmes1@tamu.edu,Female,116.23.34.249
3,Ashley,Perkins,aperkins2@deviantart.com,Female,114.103.5.126
4,Michelle,Jones,mjones3@live.com,Female,149.217.78.122
5,Wayne,Willis,wwillis4@cmu.edu,Male,172.15.5.110
6,Catherine,Simpson,csimpson5@state.gov,Female,189.132.161.59
7,Bruce,Wright,bwright6@fda.gov,Male,34.198.116.30
8,Jesse,Willis,jwillis7@apple.com,Male,111.163.115.98
9,Heather,Gray,hgray8@umich.edu,Female,64.100.92.203
10,Gregory,Brooks,gbrooks9@fotki.com,Male,103.185.49.187
11,Deborah,Reid,dreida@lycos.com,Female,69.27.194.240
12,Amanda,Black,ablackb@fc2.com,Female,147.43.226.84
13,Julie,Weaver,jweaverc@technorati.com,Female,108.24.19.95
14,Joshua,Chavez,jchavezd@typepad.com,Male,139.5.158.207
15,Kathy,Bishop,kbishope@nymag.com,Female,141.131.161.100
16,Rebecca,Mills,rmillsf@toplist.cz,Female,77.100.67.230
17,Teresa,Bowman,tbowmang@technorati.com,Female,49.16.126.201
18,Diane,Perkins,dperkinsh@soundcloud.com,Female,174.183.34.254
19,Sean,Young,syoungi@last.fm,Male,23.31.108.215
20,Thomas,Bennett,tbennettj@deliciousdays.com,Male,146.146.178.164
21,Antonio,Sanchez,asanchezk@narod.ru,Male,165.218.167.230
22,Juan,Sanders,jsandersl@discovery.com,Male,8.76.113.180
23,Deborah,Cook,dcookm@creativecommons.org,Female,254.15.33.42
24,Cheryl,Barnes,cbarnesn@sbwire.com,Female,68.221.29.67
25,Richard,Hawkins,rhawkinso@youtube.com,Male,40.226.248.160
26,Larry,Ward,lwardp@ezinearticles.com,Male,39.197.94.211
27,Catherine,George,cgeorgeq@java.com,Female,219.92.206.154
28,Sharon,Fowler,sfowlerr@posterous.com,Female,220.46.85.73
29,Nancy,Gonzales,ngonzaless@posterous.com,Female,190.198.16.33
30,Anne,Chapman,achapmant@engadget.com,Female,183.32.112.79
31,Nicholas,Matthews,nmatthewsu@t-online.de,Male,109.202.60.117
32,Craig,Young,cyoungv@virginia.edu,Male,43.58.2.134
33,Joe,Long,jlongw@illinois.edu,Male,3.30.202.69
34,Margaret,Roberts,mrobertsx@odnoklassniki.ru,Female,195.5.209.111
35,Keith,Patterson,kpattersony@ask.com,Male,125.208.14.185
36,Carolyn,Gardner,cgardnerz@reuters.com,Female,239.193.139.220
37,Paula,Lawrence,plawrence10@alexa.com,Female,233.251.212.15
38,John,Bowman,jbowman11@adobe.com,Male,72.137.26.178
39,Cynthia,Wheeler,cwheeler12@intel.com,Female,42.209.150.115
40,Betty,Rose,brose13@moonfruit.com,Female,169.245.52.23
41,Kathleen,Chapman,kchapman14@wsj.com,Female,224.209.169.150
42,Christopher,Phillips,cphillips15@uol.com.br,Male,220.122.208.170
43,Kathleen,Gilbert,kgilbert16@nature.com,Female,155.174.218.100
44,Samuel,Morris,smorris17@php.net,Male,71.75.160.145
45,Peter,Johnston,pjohnston18@patch.com,Male,60.164.84.45
46,Henry,Woods,hwoods19@ebay.com,Male,151.31.238.161
47,Barbara,Clark,bclark1a@netlog.com,Female,208.253.152.155
48,Aaron,Fields,afields1b@businessinsider.com,Male,117.190.87.146
49,Anne,Hart,ahart1c@comcast.net,Female,98.228.190.50
50,Russell,Larson,rlarson1d@columbia.edu,Male,83.8.145.209
51,Lori,Warren,lwarren1e@homestead.com,Female,166.8.157.185
52,Anthony,Andrews,aandrews1f@ft.com,Male,14.216.88.160
53,Evelyn,Williamson,ewilliamson1g@google.es,Female,52.221.98.249
54,Walter,Berry,wberry1h@pagesperso-orange.fr,Male,22.14.174.86
55,Cheryl,Howell,chowell1i@slate.com,Female,220.92.26.227
56,Edward,Morris,emorris1j@weibo.com,Male,101.41.67.165
57,Alan,Reyes,areyes1k@illinois.edu,Male,45.103.199.75
58,Tina,Murphy,tmurphy1l@ox.ac.uk,Female,24.150.104.195
59,Donna,Marshall,dmarshall1m@newsvine.com,Female,100.254.14.105
60,Donald,Ruiz,druiz1n@washingtonpost.com,Male,153.12.202.247
61,Brenda,Harris,bharris1o@example.com,Female,15.219.111.163
62,Harry,Hill,hhill1p@over-blog.com,Male,170.108.37.66
63,Janet,Hicks,jhicks1q@wp.com,Female,4.118.17.16
64,Aaron,Hall,ahall1r@constantcontact.com,Male,60.205.233.208
65,Carol,Sullivan,csullivan1s@foxnews.com,Female,135.117.117.143
66,Kathryn,Marshall,kmarshall1t@goo.gl,Female,224.176.252.44
67,Angela,Williamson,awilliamson1u@wired.com,Female,215.251.67.252
68,Joan,Ward,jward1v@amazon.co.uk,Female,213.7.247.220
69,Jonathan,Boyd,jboyd1w@trellian.com,Male,206.81.247.174
70,Ernest,Kelley,ekelley1x@oakley.com,Male,47.109.35.152
71,Mark,Gordon,mgordon1y@sciencedaily.com,Male,80.198.27.223
72,Carolyn,Peterson,cpeterson1z@vistaprint.com,Female,210.96.55.228
73,Amy,Spencer,aspencer20@google.co.jp,Female,162.74.145.237
74,Sharon,Kelley,skelley21@ucoz.ru,Female,199.71.15.14
75,Jacqueline,Bennett,jbennett22@newyorker.com,Female,7.188.125.110
76,Theresa,Perez,tperez23@huffingtonpost.com,Female,242.63.82.191
77,Adam,Cook,acook24@nationalgeographic.com,Male,157.114.0.13
78,Irene,Powell,ipowell25@ustream.tv,Female,19.198.94.89
79,Jerry,Burton,jburton26@yahoo.co.jp,Male,107.245.126.222
80,Paula,Fuller,pfuller27@amazonaws.com,Female,32.51.174.70
81,Billy,Bradley,bbradley28@squarespace.com,Male,229.39.64.246
82,Joan,Bailey,jbailey29@time.com,Female,216.186.138.216
83,Aaron,Chavez,achavez2a@netlog.com,Male,34.99.190.119
84,Patrick,Shaw,pshaw2b@ocn.ne.jp,Male,229.118.93.90
85,Gerald,Romero,gromero2c@mlb.com,Male,228.117.94.218
86,Ryan,Tucker,rtucker2d@exblog.jp,Male,166.110.39.250
87,Rebecca,Lewis,rlewis2e@cbslocal.com,Female,11.15.19.54
88,Adam,Hansen,ahansen2f@virginia.edu,Male,93.8.187.221
89,Debra,Ramos,dramos2g@amazon.co.jp,Female,124.253.167.100
90,Sharon,Chapman,schapman2h@newsvine.com,Female,119.125.154.91
91,Anna,Rice,arice2i@microsoft.com,Female,202.239.108.252
92,Jacqueline,Foster,jfoster2j@reddit.com,Female,20.54.157.25
93,Billy,Moreno,bmoreno2k@ucsd.edu,Male,166.124.42.26
94,Jerry,Collins,jcollins2l@geocities.com,Male,70.217.204.5
95,Johnny,Stewart,jstewart2m@furl.net,Male,228.69.7.105
96,Michael,George,mgeorge2n@nasa.gov,Male,173.189.29.184
97,Earl,Peters,epeters2o@amazon.co.jp,Male,36.164.206.28
98,Heather,Smith,hsmith2p@gmpg.org,Female,187.136.198.107
99,Paula,Gilbert,pgilbert2q@washingtonpost.com,Female,237.52.83.126
100,Sara,Martin,smartin2r@nyu.edu,Female,120.102.247.167
101,Jeffrey,Bennett,jbennett2s@flavors.me,Male,43.246.132.170
102,Bobby,Stone,bstone2t@bandcamp.com,Male,10.78.58.64
103,Dennis,Burton,dburton2u@google.co.jp,Male,21.59.236.19
104,Edward,Peterson,epeterson2v@meetup.com,Male,54.99.251.6
105,Helen,Walker,hwalker2w@people.com.cn,Female,233.7.174.83
106,Joyce,Lane,jlane2x@apple.com,Female,140.4.38.203
107,Nancy,Moore,nmoore2y@zdnet.com,Female,99.219.18.69
108,Dorothy,Lee,dlee2z@usgs.gov,Female,251.186.21.74
109,Robert,Greene,rgreene30@about.me,Male,150.68.202.162
110,Sarah,Mills,smills31@netscape.com,Female,219.159.186.219
111,Kimberly,Griffin,kgriffin32@sciencedaily.com,Female,58.246.243.206
112,Mark,Garcia,mgarcia33@g.co,Male,232.194.249.179
113,Jerry,Lee,jlee34@flavors.me,Male,93.52.118.205
114,Kathy,Fox,kfox35@google.co.uk,Female,108.44.232.93
115,Douglas,Black,dblack36@admin.ch,Male,182.60.207.93
116,Joshua,Fields,jfields37@washington.edu,Male,25.168.184.157
117,Sandra,Anderson,sanderson38@tripadvisor.com,Female,48.131.35.91
118,Anne,Gardner,agardner39@smugmug.com,Female,22.86.34.156
119,Rachel,Kennedy,rkennedy3a@theglobeandmail.com,Female,49.175.174.170
120,Debra,Stevens,dstevens3b@shareasale.com,Female,219.72.146.214
121,Carol,Parker,cparker3c@economist.com,Female,215.27.237.123
122,Craig,Medina,cmedina3d@yelp.com,Male,57.77.37.38
123,Eric,Gonzalez,egonzalez3e@harvard.edu,Male,55.154.63.5
124,Patricia,Howell,phowell3f@ucla.edu,Female,9.14.205.138
125,Jennifer,Palmer,jpalmer3g@yellowpages.com,Female,254.3.72.163
126,Thomas,Berry,tberry3h@shinystat.com,Male,179.33.85.215
127,Heather,Williams,hwilliams3i@sakura.ne.jp,Female,86.227.78.218
128,Lillian,Cruz,lcruz3j@uiuc.edu,Female,95.3.138.199
129,Lillian,Mason,lmason3k@europa.eu,Female,129.131.44.252
130,Kimberly,Johnston,kjohnston3l@dyndns.org,Female,121.192.40.75
131,Stephen,Nichols,snichols3m@symantec.com,Male,73.224.62.176
132,Betty,Gonzales,bgonzales3n@google.nl,Female,60.142.39.231
133,Karen,Jackson,kjackson3o@craigslist.org,Female,36.97.254.66
134,Albert,Peters,apeters3p@businesswire.com,Male,3.124.129.159
135,Pamela,Harvey,pharvey3q@omniture.com,Female,207.202.225.13
136,Gregory,Rivera,grivera3r@home.pl,Male,185.169.105.14
137,Edward,Daniels,edaniels3s@chronoengine.com,Male,128.75.141.24
138,Pamela,Duncan,pduncan3t@blog.com,Female,182.25.60.6
139,Brandon,Frazier,bfrazier3u@npr.org,Male,42.2.81.74
140,Amanda,Snyder,asnyder3v@dmoz.org,Female,134.226.1.206
141,Kimberly,Carter,kcarter3w@wordpress.com,Female,76.90.115.203
142,Joe,Ramos,jramos3x@jalbum.net,Male,150.190.228.205
143,Teresa,Rogers,trogers3y@gmpg.org,Female,190.118.177.79
144,Catherine,Kelly,ckelly3z@discovery.com,Female,47.193.253.252
145,Daniel,Boyd,dboyd40@sciencedaily.com,Male,252.65.88.73
146,Tina,Reid,treid41@biblegateway.com,Female,75.44.180.201
147,Anne,Moreno,amoreno42@booking.com,Female,190.84.223.89
148,Shawn,Willis,swillis43@thetimes.co.uk,Male,150.167.192.80
149,Andrew,Baker,abaker44@bravesites.com,Male,50.120.176.177
150,Joe,Armstrong,jarmstrong45@example.com,Male,211.6.89.90
151,Doris,Moreno,dmoreno46@ow.ly,Female,14.238.100.1
152,Diane,Gilbert,dgilbert47@mediafire.com,Female,152.179.63.206
153,Gerald,Harrison,gharrison48@archive.org,Male,115.159.159.39
154,Steven,Carpenter,scarpenter49@free.fr,Male,6.242.83.149
155,Andrew,Harris,aharris4a@t.co,Male,108.35.152.157
156,Charles,Cooper,ccooper4b@shareasale.com,Male,240.113.193.113
157,Irene,Torres,itorres4c@de.vu,Female,189.60.205.254
158,Rachel,Fisher,rfisher4d@wisc.edu,Female,210.152.92.137
159,Christina,Morgan,cmorgan4e@smh.com.au,Female,62.167.80.44
160,Amanda,Reynolds,areynolds4f@freewebs.com,Female,53.31.170.244
161,Denise,Oliver,doliver4g@independent.co.uk,Female,100.195.163.59
162,Lawrence,Shaw,lshaw4h@yandex.ru,Male,78.223.11.235
163,Mary,Wells,mwells4i@gizmodo.com,Female,244.230.136.29
164,Arthur,Hernandez,ahernandez4j@jiathis.com,Male,142.225.16.255
165,Benjamin,Welch,bwelch4k@wired.com,Male,89.76.106.123
166,Stephanie,Ward,sward4l@webeden.co.uk,Female,99.146.88.135
167,Sean,Willis,swillis4m@google.fr,Male,115.31.241.221
168,Anne,Weaver,aweaver4n@tinypic.com,Female,204.56.98.228
169,Theresa,Lane,tlane4o@msu.edu,Female,249.49.87.22
170,Howard,Hart,hhart4p@biblegateway.com,Male,160.194.113.41
171,Bonnie,Parker,bparker4q@biglobe.ne.jp,Female,15.100.180.73
172,Daniel,Wallace,dwallace4r@ovh.net,Male,65.181.48.78
173,Theresa,Webb,twebb4s@newyorker.com,Female,59.116.192.30
174,Robin,Foster,rfoster4t@wikia.com,Female,198.221.138.9
175,Janice,Fuller,jfuller4u@theatlantic.com,Female,36.67.247.245
176,Elizabeth,Robinson,erobinson4v@statcounter.com,Female,33.39.151.171
177,Michelle,Walker,mwalker4w@utexas.edu,Female,168.216.181.157
178,Jennifer,Stanley,jstanley4x@themeforest.net,Female,186.222.34.161
179,Evelyn,Fisher,efisher4y@friendfeed.com,Female,25.223.61.220
180,Tammy,Black,tblack4z@desdev.cn,Female,247.173.17.130
181,Victor,Harvey,vharvey50@weebly.com,Male,52.170.25.83
182,Ruby,Perry,rperry51@drupal.org,Female,222.213.5.151
183,Sandra,Fields,sfields52@ebay.com,Female,37.40.255.129
184,Clarence,Griffin,cgriffin53@flickr.com,Male,118.38.111.134
185,Stephanie,Hayes,shayes54@eventbrite.com,Female,123.98.101.184
186,Heather,Carroll,hcarroll55@canalblog.com,Female,6.230.147.124
187,Justin,Jones,jjones56@prnewswire.com,Male,82.112.79.224
188,Andrea,Fisher,afisher57@imageshack.us,Female,140.219.207.104
189,Andrea,White,awhite58@noaa.gov,Female,43.108.235.87
190,Chris,Miller,cmiller59@usnews.com,Male,136.55.166.132
191,Sean,Jacobs,sjacobs5a@stumbleupon.com,Male,79.25.128.119
192,Julie,Fisher,jfisher5b@clickbank.net,Female,149.229.129.66
193,Phyllis,Bailey,pbailey5c@phoca.cz,Female,254.168.106.54
194,Theresa,Ross,tross5d@forbes.com,Female,15.20.21.58
195,Ann,Harrison,aharrison5e@clickbank.net,Female,224.242.106.216
196,Benjamin,Grant,bgrant5f@jimdo.com,Male,133.15.213.195
197,Kathy,Stephens,kstephens5g@dailymotion.com,Female,42.154.160.38
198,Marilyn,Johnson,mjohnson5h@miitbeian.gov.cn,Female,95.198.164.145
199,Joyce,Peterson,jpeterson5i@oracle.com,Female,170.194.112.210
200,Bobby,Ellis,bellis5j@virginia.edu,Male,220.196.12.41
201,Sean,Moore,smoore5k@pcworld.com,Male,189.74.181.136
202,Margaret,Holmes,mholmes5l@oakley.com,Female,86.226.42.217
203,Peter,Fuller,pfuller5m@dion.ne.jp,Male,84.30.129.206
204,Phyllis,Pierce,ppierce5n@about.com,Female,11.240.77.49
205,Lisa,Fields,lfields5o@si.edu,Female,123.98.210.49
206,Joseph,Cruz,jcruz5p@webeden.co.uk,Male,51.249.129.122
207,Timothy,Alvarez,talvarez5q@fda.gov,Male,208.26.112.153
208,Andrea,Watson,awatson5r@yahoo.co.jp,Female,247.184.49.198
209,Juan,Long,jlong5s@chron.com,Male,215.141.253.132
210,Russell,Young,ryoung5t@altervista.org,Male,87.163.99.240
211,Timothy,Oliver,toliver5u@addtoany.com,Male,23.246.153.246
212,Timothy,Morrison,tmorrison5v@wikipedia.org,Male,145.188.113.15
213,Antonio,Ramirez,aramirez5w@joomla.org,Male,112.207.243.136
214,Kenneth,Woods,kwoods5x@360.cn,Male,49.182.132.155
215,Jesse,Montgomery,jmontgomery5y@ow.ly,Male,69.98.163.0
216,Michelle,Carr,mcarr5z@shop-pro.jp,Female,14.111.77.198
217,Daniel,Smith,dsmith60@vimeo.com,Male,94.61.177.172
218,Bruce,Matthews,bmatthews61@loc.gov,Male,118.55.240.249
219,Patricia,Rogers,progers62@clickbank.net,Female,92.225.246.218
220,Kimberly,Phillips,kphillips63@sciencedirect.com,Female,131.107.212.107
221,Kathryn,Hawkins,khawkins64@timesonline.co.uk,Female,80.79.236.207
222,Anna,Jacobs,ajacobs65@elegantthemes.com,Female,200.207.231.232
223,John,Armstrong,jarmstrong66@technorati.com,Male,255.68.49.140
224,Judith,Hicks,jhicks67@de.vu,Female,142.25.4.96
225,Gregory,Martin,gmartin68@paginegialle.it,Male,144.61.143.220
226,Jean,Wells,jwells69@huffingtonpost.com,Female,29.51.50.113
227,Christopher,Hansen,chansen6a@lycos.com,Male,167.50.124.177
228,Anne,Reyes,areyes6b@jigsy.com,Female,246.240.195.102
229,Anna,Jackson,ajackson6c@theguardian.com,Female,70.190.228.204
230,Patricia,Kelley,pkelley6d@mapy.cz,Female,122.66.243.206
231,Evelyn,Murray,emurray6e@123-reg.co.uk,Female,179.211.254.44
232,Christina,Ramirez,cramirez6f@dyndns.org,Female,120.61.0.212
233,Phillip,Turner,pturner6g@gnu.org,Male,93.22.195.28
234,Kimberly,Cox,kcox6h@va.gov,Female,79.96.197.246
235,Evelyn,Morris,emorris6i@drupal.org,Female,63.112.186.62
236,Terry,Miller,tmiller6j@ibm.com,Male,232.123.153.60
237,Ernest,Black,eblack6k@state.tx.us,Male,52.194.50.208
238,Shawn,Berry,sberry6l@answers.com,Male,143.95.123.132
239,Frances,Perkins,fperkins6m@comcast.net,Female,153.85.128.29
240,John,Gilbert,jgilbert6n@weather.com,Male,252.143.25.2
241,Sharon,Carr,scarr6o@merriam-webster.com,Female,115.28.139.192
242,Deborah,Richardson,drichardson6p@phpbb.com,Female,163.39.7.39
243,Willie,Stewart,wstewart6q@webs.com,Male,162.83.104.93
244,Sharon,Hunt,shunt6r@tmall.com,Female,128.94.82.64
245,Gloria,Andrews,gandrews6s@shareasale.com,Female,159.70.206.36
246,Clarence,Evans,cevans6t@opensource.org,Male,192.98.41.7
247,Evelyn,Ramos,eramos6u@cyberchimps.com,Female,117.103.140.98
248,Ryan,Scott,rscott6v@t.co,Male,3.6.16.100
249,Wayne,Franklin,wfranklin6w@hud.gov,Male,252.77.182.89
250,Bruce,Coleman,bcoleman6x@omniture.com,Male,143.73.163.36
251,Gregory,Smith,gsmith6y@storify.com,Male,157.111.39.9
252,Betty,Myers,bmyers6z@msu.edu,Female,196.198.116.38
253,Jessica,Banks,jbanks70@live.com,Female,46.180.10.133
254,Ralph,Phillips,rphillips71@bizjournals.com,Male,70.206.138.25
255,Alan,Williams,awilliams72@vimeo.com,Male,116.253.216.44
256,Rachel,White,rwhite73@example.com,Female,178.164.94.113
257,Shirley,Bennett,sbennett74@cnbc.com,Female,56.144.226.64
258,Steven,Day,sday75@google.ru,Male,129.26.38.152
259,Nicholas,Hill,nhill76@facebook.com,Male,187.55.119.49
260,Larry,Jordan,ljordan77@aboutads.info,Male,6.71.208.174
261,Fred,Wheeler,fwheeler78@toplist.cz,Male,179.92.231.193
262,Fred,Larson,flarson79@hubpages.com,Male,189.182.250.18
263,Nicole,Butler,nbutler7a@spotify.com,Female,111.87.110.176
264,Lillian,Morales,lmorales7b@barnesandnoble.com,Female,129.148.113.15
265,Bobby,Mendoza,bmendoza7c@sitemeter.com,Male,127.77.54.39
266,Aaron,Taylor,ataylor7d@epa.gov,Male,2.214.34.188
267,Jonathan,Bishop,jbishop7e@delicious.com,Male,124.138.206.252
268,Robert,West,rwest7f@walmart.com,Male,245.76.209.46
269,Gregory,Richardson,grichardson7g@businesswire.com,Male,30.17.15.117
270,Patrick,Castillo,pcastillo7h@cbslocal.com,Male,251.31.120.21
271,Johnny,Harris,jharris7i@exblog.jp,Male,239.161.246.239
272,Shawn,Williams,swilliams7j@msu.edu,Male,11.112.196.206
273,Henry,Moore,hmoore7k@jimdo.com,Male,36.125.63.194
274,Dorothy,Ford,dford7l@go.com,Female,19.68.58.205
275,Marie,Gibson,mgibson7m@gravatar.com,Female,127.59.235.194
276,David,Bryant,dbryant7n@dagondesign.com,Male,132.72.226.94
277,Louise,Cook,lcook7o@gmpg.org,Female,183.173.71.148
278,Frances,Wright,fwright7p@nymag.com,Female,66.99.33.135
279,Chris,Willis,cwillis7q@drupal.org,Male,66.217.170.111
280,Philip,Butler,pbutler7r@wordpress.com,Male,15.124.188.15
281,Ruby,Spencer,rspencer7s@bbb.org,Female,192.70.124.174
282,Debra,James,djames7t@smh.com.au,Female,194.60.147.145
283,Stephanie,Thomas,sthomas7u@e-recht24.de,Female,21.52.175.94
284,Timothy,Mendoza,tmendoza7v@cnet.com,Male,37.58.75.64
285,Janet,Bradley,jbradley7w@macromedia.com,Female,162.9.211.23
286,Tina,Stanley,tstanley7x@arizona.edu,Female,162.232.15.197
287,Mildred,Burke,mburke7y@istockphoto.com,Female,105.238.106.143
288,Albert,Jacobs,ajacobs7z@goo.gl,Male,151.49.140.11
289,Andrea,Bishop,abishop80@shareasale.com,Female,97.72.62.95
290,Elizabeth,Thompson,ethompson81@cafepress.com,Female,132.111.125.110
291,Jean,Allen,jallen82@biglobe.ne.jp,Female,0.26.190.113
292,Adam,Stewart,astewart83@people.com.cn,Male,61.84.253.4
293,Jeremy,Duncan,jduncan84@skype.com,Male,117.181.202.215
294,Larry,King,lking85@smugmug.com,Male,236.162.101.132
295,Douglas,Garcia,dgarcia86@adobe.com,Male,26.125.164.40
296,Chris,Phillips,cphillips87@discuz.net,Male,43.223.242.33
297,Carolyn,Hansen,chansen88@hud.gov,Female,240.154.247.111
298,Kathy,Andrews,kandrews89@salon.com,Female,230.252.73.185
299,James,Harvey,jharvey8a@hubpages.com,Male,105.68.219.160
300,Diana,Greene,dgreene8b@who.int,Female,66.217.46.209
301,Kimberly,Freeman,kfreeman8c@paginegialle.it,Female,195.76.87.86
302,Mark,Crawford,mcrawford8d@uol.com.br,Male,146.61.159.132
303,Larry,Peters,lpeters8e@squarespace.com,Male,83.138.63.231
304,Carlos,Gonzalez,cgonzalez8f@hugedomains.com,Male,9.106.230.73
305,Carol,Olson,colson8g@csmonitor.com,Female,251.244.35.32
306,Jacqueline,Payne,jpayne8h@microsoft.com,Female,209.93.121.171
307,Edward,Shaw,eshaw8i@alibaba.com,Male,57.236.139.177
308,Albert,Ortiz,aortiz8j@nationalgeographic.com,Male,6.50.79.193
309,Victor,Wells,vwells8k@vk.com,Male,232.82.93.103
310,Shawn,Harrison,sharrison8l@youtu.be,Male,2.138.166.122
311,Matthew,Ryan,mryan8m@networkadvertising.org,Male,5.0.221.161
312,Teresa,Medina,tmedina8n@virginia.edu,Female,139.127.160.251
313,Albert,Ruiz,aruiz8o@tinypic.com,Male,182.177.79.165
314,Antonio,Nelson,anelson8p@go.com,Male,134.184.50.174
315,Juan,Wagner,jwagner8q@tmall.com,Male,119.41.174.108
316,Joe,Sanchez,jsanchez8r@yellowbook.com,Male,7.121.130.153
317,Jonathan,Wagner,jwagner8s@google.fr,Male,237.87.112.102
318,Phillip,Richards,prichards8t@51.la,Male,197.205.162.171
319,Sean,Murphy,smurphy8u@wisc.edu,Male,200.149.145.121
320,Billy,Stephens,bstephens8v@army.mil,Male,229.125.27.205
321,Anne,Cole,acole8w@behance.net,Female,84.143.20.55
322,Susan,Williamson,swilliamson8x@flavors.me,Female,219.137.174.90
323,Janice,Cunningham,jcunningham8y@yellowpages.com,Female,226.193.93.104
324,Nancy,Frazier,nfrazier8z@msu.edu,Female,60.23.67.141
325,Patricia,Warren,pwarren90@hud.gov,Female,82.53.236.251
326,Nicole,Edwards,nedwards91@seesaa.net,Female,160.110.40.189
327,Jonathan,Henry,jhenry92@sciencedaily.com,Male,248.175.12.70
328,Jessica,Simmons,jsimmons93@shareasale.com,Female,16.143.244.94
329,Louis,Hicks,lhicks94@usda.gov,Male,69.6.175.98
330,Kevin,Washington,kwashington95@spotify.com,Male,109.215.42.219
331,Peter,Rice,price96@businesswire.com,Male,13.195.208.87
332,Sean,Ford,sford97@rambler.ru,Male,124.206.113.40
333,Bobby,Cook,bcook98@360.cn,Male,13.84.174.77
334,Jimmy,Martinez,jmartinez99@tinypic.com,Male,162.96.109.141
335,Diane,Cooper,dcooper9a@jigsy.com,Female,100.83.173.54
336,Clarence,Hayes,chayes9b@google.fr,Male,65.60.210.85
337,Denise,Gonzales,dgonzales9c@sun.com,Female,109.66.21.123
338,Tammy,Grant,tgrant9d@nationalgeographic.com,Female,172.136.205.176
339,Daniel,Jackson,djackson9e@vinaora.com,Male,247.84.109.81
340,Justin,Hill,jhill9f@altervista.org,Male,45.139.246.6
341,Christine,Wallace,cwallace9g@eventbrite.com,Female,120.136.101.81
342,Andrea,Matthews,amatthews9h@java.com,Female,4.54.232.91
343,Randy,Hunt,rhunt9i@prnewswire.com,Male,228.248.200.225
344,Dennis,Campbell,dcampbell9j@unicef.org,Male,7.86.214.77
345,Richard,Henderson,rhenderson9k@techcrunch.com,Male,211.234.88.56
346,Bonnie,Knight,bknight9l@cyberchimps.com,Female,199.123.200.187
347,Rachel,Cunningham,rcunningham9m@t.co,Female,169.245.139.79
348,Christine,Rivera,crivera9n@cafepress.com,Female,81.88.37.114
349,Christopher,Palmer,cpalmer9o@homestead.com,Male,13.205.171.95
350,Edward,Alexander,ealexander9p@youku.com,Male,28.9.235.204
351,Steven,Adams,sadams9q@facebook.com,Male,246.23.167.56
352,Rebecca,Gordon,rgordon9r@archive.org,Female,225.147.150.98
353,John,Wallace,jwallace9s@google.com.hk,Male,135.206.53.146
354,Emily,Lewis,elewis9t@flavors.me,Female,182.254.188.254
355,Carl,Walker,cwalker9u@pagesperso-orange.fr,Male,169.106.190.19
356,Chris,Nelson,cnelson9v@pagesperso-orange.fr,Male,147.45.22.170
357,Karen,Campbell,kcampbell9w@guardian.co.uk,Female,249.227.49.32
358,Gary,Marshall,gmarshall9x@qq.com,Male,59.93.144.146
359,Kelly,Jackson,kjackson9y@statcounter.com,Female,139.178.109.218
360,Jack,Stephens,jstephens9z@google.ru,Male,28.233.248.221
361,Mary,Anderson,mandersona0@harvard.edu,Female,156.251.62.31
362,Randy,Fowler,rfowlera1@jugem.jp,Male,17.196.222.73
363,Louise,Campbell,lcampbella2@privacy.gov.au,Female,226.213.126.76
364,Terry,Knight,tknighta3@cdbaby.com,Male,34.67.43.191
365,Harry,King,hkinga4@etsy.com,Male,203.66.66.204
366,Carolyn,Turner,cturnera5@nhs.uk,Female,13.112.238.53
367,Amy,Chapman,achapmana6@tumblr.com,Female,207.246.187.85
368,Julie,Flores,jfloresa7@zimbio.com,Female,177.209.74.27
369,Howard,Taylor,htaylora8@mysql.com,Male,132.54.59.66
370,Joshua,Willis,jwillisa9@miibeian.gov.cn,Male,194.89.162.98
371,Albert,Richardson,arichardsonaa@japanpost.jp,Male,78.229.227.225
372,Victor,Morrison,vmorrisonab@free.fr,Male,106.5.63.69
373,Joan,West,jwestac@ow.ly,Female,175.120.40.225
374,Nancy,Montgomery,nmontgomeryad@flavors.me,Female,9.139.16.128
375,James,White,jwhiteae@twitpic.com,Male,131.195.40.231
376,Roger,Dixon,rdixonaf@jimdo.com,Male,49.3.242.103
377,Lillian,Wells,lwellsag@house.gov,Female,75.78.146.197
378,Aaron,Bell,abellah@alexa.com,Male,42.7.209.133
379,Jerry,Simpson,jsimpsonai@woothemes.com,Male,127.5.77.142
380,Angela,Harrison,aharrisonaj@google.com.au,Female,119.163.55.176
381,Benjamin,Hernandez,bhernandezak@unesco.org,Male,98.87.2.172
382,Gary,Knight,gknightal@facebook.com,Male,5.159.225.126
383,Diana,Perkins,dperkinsam@cbslocal.com,Female,29.242.252.26
384,Roy,West,rwestan@quantcast.com,Male,51.78.203.136
385,Maria,Armstrong,marmstrongao@yellowpages.com,Female,84.205.194.88
386,Kathleen,Perez,kperezap@usatoday.com,Female,54.85.46.204
387,Gerald,Cox,gcoxaq@indiegogo.com,Male,221.194.37.226
388,Betty,Harvey,bharveyar@sourceforge.net,Female,15.95.63.143
389,George,Hudson,ghudsonas@scribd.com,Male,235.89.243.89
390,Helen,Adams,hadamsat@cdc.gov,Female,186.81.45.186
391,Shirley,Garcia,sgarciaau@zdnet.com,Female,201.75.182.142
392,Amy,Reid,areidav@homestead.com,Female,96.225.157.131
393,Kimberly,Day,kdayaw@usatoday.com,Female,11.244.208.48
394,Benjamin,Sanchez,bsanchezax@a8.net,Male,118.15.102.136
395,Earl,Bradley,ebradleyay@ted.com,Male,49.161.219.106
396,Howard,Lewis,hlewisaz@1und1.de,Male,171.185.112.165
397,Katherine,Myers,kmyersb0@mac.com,Female,54.224.160.22
398,Annie,Walker,awalkerb1@multiply.com,Female,247.226.217.175
399,Sandra,Mills,smillsb2@about.me,Female,232.145.254.210
400,Matthew,Jackson,mjacksonb3@hc360.com,Male,253.42.227.150
401,Shirley,Fernandez,sfernandezb4@edublogs.org,Female,40.10.53.105
402,Lisa,Carter,lcarterb5@privacy.gov.au,Female,170.6.80.65
403,Rachel,Anderson,randersonb6@oakley.com,Female,158.24.57.135
404,Juan,Mccoy,jmccoyb7@seattletimes.com,Male,142.62.4.227
405,Brandon,Williams,bwilliamsb8@go.com,Male,91.85.187.140
406,Rebecca,Mccoy,rmccoyb9@blogs.com,Female,219.176.172.58
407,Robert,Moore,rmooreba@phoca.cz,Male,207.154.246.129
408,Sean,Olson,solsonbb@hc360.com,Male,51.233.32.91
409,Eugene,Green,egreenbc@scribd.com,Male,243.142.85.176
410,Jeremy,Black,jblackbd@noaa.gov,Male,113.170.189.133
411,William,Wheeler,wwheelerbe@nyu.edu,Male,223.84.99.6
412,Betty,Andrews,bandrewsbf@cnn.com,Female,11.27.149.67
413,Brian,Lawson,blawsonbg@rambler.ru,Male,118.48.218.125
414,Robin,Marshall,rmarshallbh@bloglines.com,Female,229.179.222.181
415,Roger,Kim,rkimbi@nsw.gov.au,Male,15.21.143.236
416,Deborah,Bowman,dbowmanbj@cbsnews.com,Female,245.127.168.202
417,Adam,Duncan,aduncanbk@globo.com,Male,92.49.111.37
418,Julie,Rivera,jriverabl@ft.com,Female,163.218.222.209
419,Doris,Mitchell,dmitchellbm@ucla.edu,Female,207.61.56.166
420,Juan,Bowman,jbowmanbn@123-reg.co.uk,Male,103.128.236.48
421,Christina,Castillo,ccastillobo@sun.com,Female,147.19.254.189
422,Frank,Hayes,fhayesbp@amazon.de,Male,116.68.5.232
423,Anne,Martin,amartinbq@netvibes.com,Female,70.50.20.249
424,Katherine,Nelson,knelsonbr@google.ca,Female,174.159.28.123
425,Paula,Larson,plarsonbs@vk.com,Female,145.43.19.236
426,Alice,Mendoza,amendozabt@mozilla.com,Female,119.20.196.196
427,Shirley,Holmes,sholmesbu@blinklist.com,Female,135.2.45.186
428,Alice,Alvarez,aalvarezbv@rediff.com,Female,84.246.12.220
429,Chris,Murphy,cmurphybw@360.cn,Male,177.111.91.0
430,Sharon,Wilson,swilsonbx@blogger.com,Female,243.101.58.143
431,Jesse,Young,jyoungby@wired.com,Male,150.212.68.154
432,Alice,Stone,astonebz@quantcast.com,Female,18.167.68.69
433,Judy,Marshall,jmarshallc0@symantec.com,Female,110.254.160.254
434,Wanda,Powell,wpowellc1@ihg.com,Female,217.64.231.84
435,Ann,Owens,aowensc2@google.pl,Female,15.229.16.172
436,Nicholas,Cook,ncookc3@icq.com,Male,232.19.35.29
437,Bonnie,Peters,bpetersc4@mozilla.com,Female,171.53.141.66
438,Ann,Lawrence,alawrencec5@gizmodo.com,Female,216.110.20.254
439,Jonathan,Martinez,jmartinezc6@edublogs.org,Male,141.91.237.247
440,Christina,Hart,chartc7@patch.com,Female,175.60.159.198
441,Richard,Holmes,rholmesc8@yellowpages.com,Male,171.87.56.143
442,Stephen,Morales,smoralesc9@nymag.com,Male,87.127.68.234
443,Terry,Harris,tharrisca@indiatimes.com,Male,25.222.215.88
444,Kenneth,Richards,krichardscb@cyberchimps.com,Male,199.65.167.63
445,Lori,Moore,lmoorecc@fda.gov,Female,38.83.49.133
446,Jack,Allen,jallencd@msn.com,Male,214.200.181.1
447,Marie,Romero,mromeroce@hatena.ne.jp,Female,194.37.128.113
448,Diana,Castillo,dcastillocf@go.com,Female,104.147.245.77
449,Heather,Martin,hmartincg@howstuffworks.com,Female,73.63.16.8
450,Daniel,Tucker,dtuckerch@utexas.edu,Male,133.38.37.81
451,Joe,Ramirez,jramirezci@cyberchimps.com,Male,59.125.181.241
452,Brenda,Gray,bgraycj@jimdo.com,Female,61.224.140.205
453,Kenneth,Meyer,kmeyerck@woothemes.com,Male,245.228.184.147
454,Randy,Porter,rportercl@ifeng.com,Male,249.148.185.64
455,Teresa,Castillo,tcastillocm@twitter.com,Female,46.80.239.31
456,Jane,Gardner,jgardnercn@goo.ne.jp,Female,4.80.68.104
457,Jonathan,Cruz,jcruzco@constantcontact.com,Male,128.41.2.225
458,Diana,Hill,dhillcp@japanpost.jp,Female,228.250.96.49
459,Catherine,Peterson,cpetersoncq@utexas.edu,Female,100.225.38.66
460,Donald,Ray,draycr@biblegateway.com,Male,55.160.39.115
461,Ann,Campbell,acampbellcs@live.com,Female,84.164.239.35
462,Lawrence,Wheeler,lwheelerct@comsenz.com,Male,174.104.180.61
463,Henry,Spencer,hspencercu@storify.com,Male,112.64.141.9
464,Bobby,Ferguson,bfergusoncv@nature.com,Male,121.22.250.226
465,Marilyn,Davis,mdaviscw@ted.com,Female,153.171.72.105
466,Lori,Lawrence,llawrencecx@arizona.edu,Female,204.194.71.129
467,Terry,Peterson,tpetersoncy@acquirethisname.com,Male,240.223.63.116
468,Karen,Perez,kperezcz@arizona.edu,Female,146.169.227.208
469,Steven,Lawson,slawsond0@com.com,Male,144.31.98.231
470,Jason,Murphy,jmurphyd1@wikispaces.com,Male,38.23.143.111
471,Cheryl,Patterson,cpattersond2@alibaba.com,Female,23.75.31.249
472,Susan,Freeman,sfreemand3@bloglovin.com,Female,112.88.39.3
473,Michelle,Baker,mbakerd4@state.tx.us,Female,219.203.29.147
474,Harry,Richardson,hrichardsond5@vinaora.com,Male,162.32.119.179
475,Shirley,Perkins,sperkinsd6@sohu.com,Female,227.48.92.255
476,Jack,Banks,jbanksd7@printfriendly.com,Male,165.244.214.18
477,Patricia,Stewart,pstewartd8@feedburner.com,Female,144.162.0.30
478,Catherine,Burke,cburked9@delicious.com,Female,226.108.250.200
479,Chris,Ray,crayda@stanford.edu,Male,232.125.205.215
480,Lisa,Garrett,lgarrettdb@ucoz.com,Female,139.69.195.215
481,Betty,Gordon,bgordondc@msn.com,Female,189.68.230.77
482,Ernest,Burke,eburkedd@furl.net,Male,114.247.181.62
483,Judy,Richards,jrichardsde@ed.gov,Female,122.221.43.61
484,Ruby,Young,ryoungdf@mashable.com,Female,230.96.68.79
485,Martin,Watson,mwatsondg@hatena.ne.jp,Male,82.112.31.155
486,Bonnie,Robertson,brobertsondh@w3.org,Female,79.119.80.101
487,Henry,Hansen,hhansendi@mapquest.com,Male,229.165.98.161
488,Adam,Rodriguez,arodriguezdj@sfgate.com,Male,72.229.101.154
489,Gerald,Fuller,gfullerdk@techcrunch.com,Male,228.50.60.71
490,Debra,Garza,dgarzadl@nhs.uk,Female,158.205.194.170
491,Samuel,Warren,swarrendm@list-manage.com,Male,219.212.179.111
492,Ann,Willis,awillisdn@usgs.gov,Female,117.249.39.180
493,Christine,Bryant,cbryantdo@bigcartel.com,Female,40.20.217.67
494,Billy,Boyd,bboyddp@mysql.com,Male,30.217.58.209
495,Stephanie,Alvarez,salvarezdq@indiatimes.com,Female,74.25.1.152
496,Samuel,Watkins,swatkinsdr@tmall.com,Male,238.168.90.223
497,Todd,Hayes,thayesds@multiply.com,Male,215.164.79.220
498,Betty,Simpson,bsimpsondt@com.com,Female,164.8.129.242
499,Diane,Howell,dhowelldu@theglobeandmail.com,Female,166.238.137.233
500,Lisa,Wallace,lwallacedv@dailymotion.com,Female,169.19.146.159
501,Timothy,Ray,traydw@shop-pro.jp,Male,8.9.46.201
502,Jerry,Scott,jscottdx@google.ca,Male,73.230.102.100
503,Lisa,Cox,lcoxdy@skype.com,Female,48.20.16.193
504,Jose,Knight,jknightdz@reuters.com,Male,113.174.252.29
505,Elizabeth,Gutierrez,egutierreze0@tinypic.com,Female,2.80.157.52
506,Johnny,Powell,jpowelle1@privacy.gov.au,Male,14.186.104.219
507,Deborah,Scott,dscotte2@cornell.edu,Female,52.84.248.240
508,Mildred,Wright,mwrighte3@huffingtonpost.com,Female,221.11.143.228
509,Frank,Reynolds,freynoldse4@zimbio.com,Male,167.161.220.144
510,Aaron,Peterson,apetersone5@naver.com,Male,179.90.206.151
511,Julia,Ellis,jellise6@eepurl.com,Female,204.175.101.247
512,Nicholas,Nichols,nnicholse7@columbia.edu,Male,209.68.117.247
513,Annie,Peters,apeterse8@intel.com,Female,229.187.10.115
514,Kathryn,Dixon,kdixone9@apple.com,Female,231.121.13.198
515,Dennis,Marshall,dmarshallea@yellowpages.com,Male,161.36.107.93
516,Matthew,Burton,mburtoneb@google.es,Male,193.58.207.222
517,Wanda,Payne,wpayneec@merriam-webster.com,Female,42.40.18.57
518,David,Mills,dmillsed@netscape.com,Male,246.7.42.240
519,Amanda,Mason,amasonee@over-blog.com,Female,134.234.54.169
520,Keith,Arnold,karnoldef@google.com.br,Male,57.217.249.80
521,Victor,Hamilton,vhamiltoneg@ft.com,Male,120.165.193.95
522,Carol,Lee,cleeeh@nhs.uk,Female,253.220.195.64
523,Lois,Evans,levansei@wikipedia.org,Female,222.213.169.234
524,Henry,Wallace,hwallaceej@alibaba.com,Male,5.112.228.215
525,Stephen,White,swhiteek@macromedia.com,Male,219.217.219.55
526,Cynthia,Simmons,csimmonsel@indiatimes.com,Female,131.24.62.184
527,Paula,Olson,polsonem@ning.com,Female,205.112.244.48
528,Mark,Montgomery,mmontgomeryen@umn.edu,Male,87.47.122.55
529,Terry,Roberts,trobertseo@booking.com,Male,68.66.35.222
530,Catherine,Clark,cclarkep@zdnet.com,Female,17.128.147.103
531,Joshua,George,jgeorgeeq@constantcontact.com,Male,122.189.62.113
532,Marie,Warren,mwarrener@state.gov,Female,179.93.16.119
533,Craig,Flores,cfloreses@mapy.cz,Male,216.92.81.79
534,Paul,George,pgeorgeet@parallels.com,Male,96.85.92.0
535,Theresa,Perez,tperezeu@drupal.org,Female,190.136.24.38
536,Carl,Frazier,cfrazierev@intel.com,Male,51.24.141.83
537,Mildred,Jordan,mjordanew@guardian.co.uk,Female,135.49.229.155
538,Juan,Chapman,jchapmanex@barnesandnoble.com,Male,29.73.0.83
539,Shawn,Mcdonald,smcdonaldey@issuu.com,Male,203.81.116.148
540,Frank,Butler,fbutlerez@oracle.com,Male,25.136.176.195
541,Keith,Carroll,kcarrollf0@google.ru,Male,139.250.209.41
542,Angela,Nguyen,anguyenf1@pbs.org,Female,235.230.162.243
543,Robert,Vasquez,rvasquezf2@linkedin.com,Male,142.228.200.77
544,Dorothy,Sanchez,dsanchezf3@cdc.gov,Female,3.42.33.4
545,Billy,Hicks,bhicksf4@1688.com,Male,135.250.35.163
546,Sarah,Hernandez,shernandezf5@flickr.com,Female,249.204.10.82
547,Kimberly,Wallace,kwallacef6@va.gov,Female,32.184.216.107
548,Jack,Hanson,jhansonf7@fotki.com,Male,99.241.31.232
549,Laura,Adams,ladamsf8@wikispaces.com,Female,19.145.206.75
550,Kenneth,Garcia,kgarciaf9@state.gov,Male,8.19.164.69
551,Paul,Fisher,pfisherfa@tinypic.com,Male,44.228.236.82
552,Matthew,Berry,mberryfb@phpbb.com,Male,13.122.176.43
553,Matthew,Thompson,mthompsonfc@aol.com,Male,212.123.191.217
554,Ryan,Nichols,rnicholsfd@vimeo.com,Male,179.131.70.102
555,Harry,Fuller,hfullerfe@berkeley.edu,Male,210.6.54.110
556,Albert,Simpson,asimpsonff@sciencedirect.com,Male,105.146.131.167
557,Teresa,Long,tlongfg@narod.ru,Female,98.64.49.85
558,Gloria,Matthews,gmatthewsfh@uol.com.br,Female,66.175.153.79
559,Juan,Perry,jperryfi@pinterest.com,Male,137.177.27.102
560,Linda,Long,llongfj@marketwatch.com,Female,40.176.35.123
561,Russell,Hunt,rhuntfk@dedecms.com,Male,184.159.24.188
562,Fred,Weaver,fweaverfl@blinklist.com,Male,129.83.102.160
563,Roger,Mitchell,rmitchellfm@dyndns.org,Male,71.86.247.204
564,Ruby,Mccoy,rmccoyfn@reference.com,Female,12.118.148.210
565,Fred,Flores,ffloresfo@stumbleupon.com,Male,183.247.123.16
566,Lillian,Gonzalez,lgonzalezfp@booking.com,Female,189.163.215.64
567,Amanda,Owens,aowensfq@usa.gov,Female,17.87.222.40
568,Joseph,Olson,jolsonfr@thetimes.co.uk,Male,26.38.92.187
569,Shirley,Rogers,srogersfs@psu.edu,Female,22.251.116.221
570,Ruth,Shaw,rshawft@walmart.com,Female,9.198.248.44
571,Theresa,Reid,treidfu@cbslocal.com,Female,102.226.193.50
572,Virginia,Morales,vmoralesfv@bizjournals.com,Female,109.153.7.198
573,Carlos,Price,cpricefw@parallels.com,Male,172.137.43.95
574,Robert,Sanchez,rsanchezfx@etsy.com,Male,175.190.190.228
575,Ruth,Foster,rfosterfy@last.fm,Female,184.226.177.0
576,Nicholas,Johnston,njohnstonfz@paginegialle.it,Male,148.15.168.203
577,Maria,Price,mpriceg0@dailymail.co.uk,Female,13.195.103.15
578,George,Larson,glarsong1@google.com.au,Male,252.139.186.223
579,Adam,Griffin,agriffing2@plala.or.jp,Male,233.147.134.199
580,Daniel,Hill,dhillg3@examiner.com,Male,90.53.106.250
581,Douglas,Thomas,dthomasg4@blogtalkradio.com,Male,68.115.10.182
582,Kelly,Bishop,kbishopg5@toplist.cz,Female,144.217.17.236
583,Christine,Payne,cpayneg6@phpbb.com,Female,95.114.207.212
584,Carlos,Watson,cwatsong7@archive.org,Male,178.37.78.22
585,Bonnie,Gomez,bgomezg8@walmart.com,Female,214.165.16.109
586,Judy,Fox,jfoxg9@google.co.jp,Female,127.8.163.42
587,Walter,Hughes,whughesga@elpais.com,Male,240.188.55.77
588,Norma,Wood,nwoodgb@posterous.com,Female,116.25.101.176
589,Deborah,Snyder,dsnydergc@java.com,Female,93.28.106.129
590,Brenda,Owens,bowensgd@themeforest.net,Female,188.226.14.30
591,Lois,Lee,lleege@yahoo.com,Female,112.207.149.193
592,George,Davis,gdavisgf@canalblog.com,Male,237.245.255.245
593,Michael,Rose,mrosegg@spotify.com,Male,161.78.224.70
594,Angela,Young,ayounggh@unc.edu,Female,230.31.199.249
595,Patricia,Knight,pknightgi@chron.com,Female,14.35.32.184
596,Teresa,Peters,tpetersgj@weibo.com,Female,250.55.159.206
597,Anna,Reynolds,areynoldsgk@wisc.edu,Female,146.231.196.39
598,Aaron,Wright,awrightgl@timesonline.co.uk,Male,221.136.157.207
599,Evelyn,Robinson,erobinsongm@1688.com,Female,213.68.78.53
600,Paul,Hughes,phughesgn@diigo.com,Male,84.80.229.162
601,Anna,Castillo,acastillogo@smugmug.com,Female,244.87.99.253
602,Jennifer,Gordon,jgordongp@admin.ch,Female,224.218.103.237
603,Virginia,Chapman,vchapmangq@ibm.com,Female,184.186.37.35
604,Lori,Morgan,lmorgangr@delicious.com,Female,218.29.87.69
605,Cheryl,Ellis,cellisgs@who.int,Female,74.161.119.16
606,Bruce,Thompson,bthompsongt@youtu.be,Male,251.60.73.248
607,Lisa,Miller,lmillergu@elegantthemes.com,Female,90.117.103.64
608,Linda,Sims,lsimsgv@scientificamerican.com,Female,231.108.238.162
609,George,Campbell,gcampbellgw@china.com.cn,Male,109.66.30.104
610,Frank,Rivera,friveragx@goo.gl,Male,207.158.177.103
611,Rose,Payne,rpaynegy@ocn.ne.jp,Female,222.116.228.68
612,Ruby,White,rwhitegz@nytimes.com,Female,101.68.24.231
613,Anthony,Boyd,aboydh0@examiner.com,Male,204.165.205.160
614,Jacqueline,White,jwhiteh1@vistaprint.com,Female,6.117.84.107
615,Jimmy,Owens,jowensh2@omniture.com,Male,191.20.191.37
616,Antonio,Perez,aperezh3@who.int,Male,35.103.246.18
617,Sara,Howard,showardh4@dot.gov,Female,26.5.251.30
618,Earl,White,ewhiteh5@lycos.com,Male,143.3.20.16
619,Judy,Johnson,jjohnsonh6@issuu.com,Female,135.77.193.241
620,Janice,Walker,jwalkerh7@slashdot.org,Female,206.76.44.137
621,Tammy,Coleman,tcolemanh8@auda.org.au,Female,22.23.54.54
622,Henry,Ferguson,hfergusonh9@ucsd.edu,Male,9.69.222.84
623,Andrew,Jones,ajonesha@biblegateway.com,Male,74.135.53.59
624,Christopher,Hernandez,chernandezhb@163.com,Male,111.101.56.123
625,Michael,Hernandez,mhernandezhc@eepurl.com,Male,204.23.226.229
626,Rachel,Wallace,rwallacehd@marketwatch.com,Female,32.193.111.40
627,Michael,Bradley,mbradleyhe@a8.net,Male,18.242.211.68
628,Tammy,Patterson,tpattersonhf@digg.com,Female,16.198.64.137
629,Michelle,Berry,mberryhg@tinypic.com,Female,170.2.16.3
630,Marilyn,Walker,mwalkerhh@craigslist.org,Female,86.165.17.218
631,Walter,Martin,wmartinhi@si.edu,Male,176.252.82.103
632,Eugene,Nelson,enelsonhj@privacy.gov.au,Male,170.67.202.165
633,Edward,Howell,ehowellhk@amazon.co.uk,Male,146.205.233.17
634,Ralph,Hernandez,rhernandezhl@live.com,Male,79.58.202.182
635,Patrick,Ramirez,pramirezhm@bravesites.com,Male,141.243.11.140
636,Stephen,Robinson,srobinsonhn@psu.edu,Male,219.38.19.253
637,Anne,Boyd,aboydho@google.ca,Female,158.200.169.160
638,Nancy,Hamilton,nhamiltonhp@walmart.com,Female,159.131.164.222
639,Joshua,Miller,jmillerhq@webmd.com,Male,225.106.106.55
640,Nicole,Hicks,nhickshr@fema.gov,Female,147.148.234.83
641,Joseph,Garrett,jgarretths@dmoz.org,Male,60.84.159.15
642,Keith,Willis,kwillisht@tripod.com,Male,131.63.207.12
643,Andrew,Fowler,afowlerhu@1und1.de,Male,250.153.197.106
644,Phillip,Richardson,prichardsonhv@nydailynews.com,Male,102.213.69.7
645,Jesse,Stevens,jstevenshw@addtoany.com,Male,167.67.101.163
646,Juan,Lawson,jlawsonhx@slate.com,Male,101.189.132.242
647,Joshua,Sanders,jsandershy@elpais.com,Male,30.220.217.115
648,Douglas,Simmons,dsimmonshz@privacy.gov.au,Male,47.108.253.131
649,Joshua,Green,jgreeni0@quantcast.com,Male,73.227.173.10
650,Adam,Hudson,ahudsoni1@shareasale.com,Male,140.5.169.2
651,John,Fowler,jfowleri2@blog.com,Male,210.51.168.218
652,Samuel,Stevens,sstevensi3@hibu.com,Male,109.43.83.113
653,Joyce,Dunn,jdunni4@state.tx.us,Female,109.38.101.224
654,Doris,King,dkingi5@wikispaces.com,Female,8.141.153.184
655,Martha,Willis,mwillisi6@nsw.gov.au,Female,97.135.127.148
656,Edward,Ramirez,eramirezi7@biblegateway.com,Male,242.211.112.191
657,Brenda,Johnson,bjohnsoni8@ft.com,Female,90.1.27.223
658,Sharon,Russell,srusselli9@phoca.cz,Female,26.180.120.114
659,Doris,Morgan,dmorgania@google.com.br,Female,170.178.42.173
660,Rose,Lewis,rlewisib@bloglines.com,Female,186.82.226.217
661,Deborah,Collins,dcollinsic@com.com,Female,239.65.33.46
662,Donna,Perry,dperryid@tuttocitta.it,Female,138.252.53.152
663,Rebecca,Scott,rscottie@google.es,Female,165.35.93.6
664,Lillian,Sims,lsimsif@ucla.edu,Female,45.249.188.155
665,Eric,Johnson,ejohnsonig@netlog.com,Male,156.4.67.155
666,Fred,Cunningham,fcunninghamih@netscape.com,Male,66.125.132.80
667,Ronald,Wilson,rwilsonii@microsoft.com,Male,222.160.132.243
668,Lisa,Schmidt,lschmidtij@storify.com,Female,138.6.105.86
669,Arthur,Murphy,amurphyik@alibaba.com,Male,226.3.73.163
670,Robert,Wood,rwoodil@freewebs.com,Male,52.56.23.240
671,Michelle,Austin,maustinim@bing.com,Female,245.241.188.125
672,Judy,Miller,jmillerin@seattletimes.com,Female,95.65.84.210
673,Joyce,Reyes,jreyesio@rambler.ru,Female,189.142.19.97
674,Paula,Boyd,pboydip@bloomberg.com,Female,3.60.18.95
675,Judy,Barnes,jbarnesiq@blog.com,Female,160.222.174.233
676,Eric,Hughes,ehughesir@craigslist.org,Male,180.30.49.152
677,Alan,Andrews,aandrewsis@blogger.com,Male,125.109.237.145
678,Sean,Willis,swillisit@soup.io,Male,70.188.128.110
679,Earl,Grant,egrantiu@economist.com,Male,24.146.140.178
680,Robin,Olson,rolsoniv@istockphoto.com,Female,160.130.12.162
681,Terry,Knight,tknightiw@yandex.ru,Male,76.198.81.232
682,Ann,Phillips,aphillipsix@technorati.com,Female,100.62.229.93
683,Fred,Wagner,fwagneriy@jimdo.com,Male,113.27.94.189
684,Rachel,Stewart,rstewartiz@harvard.edu,Female,228.248.31.238
685,Katherine,Griffin,kgriffinj0@reuters.com,Female,80.18.17.62
686,Harry,Hayes,hhayesj1@foxnews.com,Male,184.76.177.75
687,Christine,Hill,chillj2@imdb.com,Female,76.237.220.129
688,Paula,Ross,prossj3@simplemachines.org,Female,97.204.177.98
689,Martin,Hicks,mhicksj4@npr.org,Male,239.241.71.2
690,Jose,Graham,jgrahamj5@instagram.com,Male,17.234.216.142
691,Anne,Stone,astonej6@nymag.com,Female,28.107.140.4
692,Amanda,Torres,atorresj7@wufoo.com,Female,6.182.202.236
693,Helen,Marshall,hmarshallj8@arstechnica.com,Female,75.74.70.112
694,Norma,Ferguson,nfergusonj9@facebook.com,Female,240.66.192.50
695,James,Stevens,jstevensja@blogs.com,Male,232.23.46.26
696,Anna,Richards,arichardsjb@webnode.com,Female,174.136.0.83
697,Jane,White,jwhitejc@hibu.com,Female,235.225.230.11
698,Kathy,Franklin,kfranklinjd@jalbum.net,Female,180.139.40.59
699,Denise,Crawford,dcrawfordje@usda.gov,Female,33.27.112.249
700,Donald,Romero,dromerojf@hatena.ne.jp,Male,30.174.98.130
701,Donald,Fisher,dfisherjg@freewebs.com,Male,101.248.73.96
702,Joe,Armstrong,jarmstrongjh@craigslist.org,Male,23.244.192.164
703,Jeremy,Miller,jmillerji@gizmodo.com,Male,109.119.163.119
704,Wanda,Perez,wperezjj@yandex.ru,Female,242.244.159.199
705,Anna,Martin,amartinjk@illinois.edu,Female,10.98.88.80
706,Tammy,Williams,twilliamsjl@tinypic.com,Female,160.13.215.204
707,David,Rivera,driverajm@home.pl,Male,93.99.150.121
708,Matthew,Williamson,mwilliamsonjn@sciencedaily.com,Male,141.57.146.152
709,Lois,Armstrong,larmstrongjo@elegantthemes.com,Female,107.132.56.238
710,Heather,Harvey,hharveyjp@nasa.gov,Female,206.70.203.221
711,Louis,Ramirez,lramirezjq@illinois.edu,Male,228.69.214.223
712,Kathleen,Wagner,kwagnerjr@ftc.gov,Female,167.80.102.152
713,Stephen,Moore,smoorejs@stumbleupon.com,Male,187.199.238.20
714,Patricia,Jackson,pjacksonjt@nps.gov,Female,74.118.249.151
715,Joshua,Hernandez,jhernandezju@google.com.hk,Male,215.239.91.36
716,Irene,Morrison,imorrisonjv@creativecommons.org,Female,26.212.225.182
717,Stephanie,Perry,sperryjw@posterous.com,Female,72.98.251.240
718,Brandon,Welch,bwelchjx@altervista.org,Male,241.197.1.84
719,Harold,Campbell,hcampbelljy@last.fm,Male,70.52.31.203
720,Johnny,Powell,jpowelljz@imgur.com,Male,125.126.209.139
721,Sarah,Franklin,sfranklink0@nasa.gov,Female,164.151.34.52
722,Cynthia,Schmidt,cschmidtk1@e-recht24.de,Female,104.170.60.242
723,Bonnie,Martin,bmartink2@spiegel.de,Female,200.181.194.193
724,Terry,Burns,tburnsk3@guardian.co.uk,Male,75.210.198.50
725,Philip,Wallace,pwallacek4@cam.ac.uk,Male,120.165.101.243
726,Roy,Bryant,rbryantk5@moonfruit.com,Male,78.38.164.3
727,Matthew,Morgan,mmorgank6@webnode.com,Male,53.67.158.233
728,Frank,Wheeler,fwheelerk7@edublogs.org,Male,78.197.177.215
729,Larry,Gilbert,lgilbertk8@is.gd,Male,131.219.112.215
730,Ralph,Kim,rkimk9@studiopress.com,Male,171.185.56.173
731,Cynthia,Stanley,cstanleyka@oaic.gov.au,Female,107.214.132.33
732,Annie,Knight,aknightkb@google.com.br,Female,94.6.181.245
733,Patricia,Payne,ppaynekc@ameblo.jp,Female,7.157.88.238
734,Ruby,Jacobs,rjacobskd@google.com.br,Female,103.208.197.127
735,Nicholas,George,ngeorgeke@nbcnews.com,Male,215.191.11.130
736,Jane,Murray,jmurraykf@dagondesign.com,Female,178.128.152.112
737,Billy,Grant,bgrantkg@wordpress.org,Male,106.216.132.127
738,Todd,Murphy,tmurphykh@jiathis.com,Male,201.1.108.206
739,James,Brooks,jbrookski@virginia.edu,Male,191.243.96.71
740,Dorothy,Nguyen,dnguyenkj@noaa.gov,Female,12.13.243.44
741,Theresa,Austin,taustinkk@bizjournals.com,Female,72.15.190.97
742,Rose,Welch,rwelchkl@wired.com,Female,82.75.142.129
743,Evelyn,Armstrong,earmstrongkm@dailymail.co.uk,Female,178.73.29.252
744,Jonathan,Taylor,jtaylorkn@scribd.com,Male,69.62.68.199
745,Terry,Thomas,tthomasko@sourceforge.net,Male,216.21.6.20
746,Ruby,Henry,rhenrykp@mayoclinic.com,Female,4.79.248.72
747,Sandra,James,sjameskq@geocities.com,Female,77.105.66.144
748,Elizabeth,Sullivan,esullivankr@lycos.com,Female,98.221.4.238
749,Wanda,Wagner,wwagnerks@example.com,Female,92.135.107.126
750,Richard,Black,rblackkt@feedburner.com,Male,135.167.233.67
751,Margaret,Griffin,mgriffinku@pcworld.com,Female,168.172.165.193
752,Philip,Warren,pwarrenkv@thetimes.co.uk,Male,27.227.169.20
753,Bonnie,Kelly,bkellykw@gnu.org,Female,90.156.27.0
754,Jessica,Greene,jgreenekx@sciencedaily.com,Female,230.17.23.172
755,Walter,Day,wdayky@hatena.ne.jp,Male,140.157.161.85
756,Kimberly,Jackson,kjacksonkz@google.nl,Female,202.78.145.149
757,Marilyn,Boyd,mboydl0@ibm.com,Female,78.94.224.110
758,Angela,Taylor,ataylorl1@acquirethisname.com,Female,255.1.92.254
759,Fred,Ferguson,ffergusonl2@dailymail.co.uk,Male,46.214.176.87
760,Debra,Carroll,dcarrolll3@apple.com,Female,206.234.232.62
761,Gloria,Garcia,ggarcial4@usnews.com,Female,180.90.50.170
762,Ronald,Price,rpricel5@joomla.org,Male,17.94.113.51
763,Martha,Hunter,mhunterl6@netlog.com,Female,25.131.173.49
764,Joan,Woods,jwoodsl7@va.gov,Female,196.211.206.235
765,Louise,Butler,lbutlerl8@t-online.de,Female,49.81.235.155
766,Philip,West,pwestl9@jimdo.com,Male,40.10.97.115
767,Annie,Nguyen,anguyenla@goo.ne.jp,Female,236.214.91.110
768,Carl,Owens,cowenslb@twitter.com,Male,133.216.132.235
769,Sarah,Moreno,smorenolc@hubpages.com,Female,1.131.127.39
770,Keith,Flores,kfloresld@google.cn,Male,49.113.247.157
771,Martha,Andrews,mandrewsle@dyndns.org,Female,29.222.162.163
772,Emily,Hayes,ehayeslf@ucoz.ru,Female,54.177.6.75
773,Russell,Brown,rbrownlg@issuu.com,Male,120.58.127.251
774,Philip,Russell,prusselllh@dyndns.org,Male,239.195.254.25
775,Deborah,Flores,dfloresli@so-net.ne.jp,Female,121.65.55.82
776,Paula,Hanson,phansonlj@drupal.org,Female,192.138.176.96
777,Irene,Cunningham,icunninghamlk@surveymonkey.com,Female,12.43.245.62
778,Heather,Coleman,hcolemanll@cnbc.com,Female,123.169.127.158
779,Antonio,Burke,aburkelm@springer.com,Male,180.185.97.34
780,Michelle,Franklin,mfranklinln@last.fm,Female,10.236.149.66
781,Philip,Mitchell,pmitchelllo@umn.edu,Male,223.159.7.92
782,Samuel,Ramos,sramoslp@blog.com,Male,83.79.22.222
783,Gregory,Jenkins,gjenkinslq@posterous.com,Male,117.200.52.81
784,Sarah,Robertson,srobertsonlr@flavors.me,Female,56.61.40.19
785,Joseph,Barnes,jbarnesls@google.ca,Male,34.240.106.139
786,Sharon,Duncan,sduncanlt@vinaora.com,Female,167.128.216.66
787,Jose,Bradley,jbradleylu@ocn.ne.jp,Male,201.13.107.242
788,Joshua,Snyder,jsnyderlv@a8.net,Male,145.83.23.70
789,Cynthia,Owens,cowenslw@dropbox.com,Female,166.59.104.236
790,Billy,Weaver,bweaverlx@tamu.edu,Male,157.157.249.199
791,Anthony,Garrett,agarrettly@google.de,Male,56.77.58.194
792,Sara,Murray,smurraylz@webmd.com,Female,172.72.253.114
793,Jacqueline,Cunningham,jcunninghamm0@ycombinator.com,Female,90.79.146.107
794,John,Larson,jlarsonm1@google.pl,Male,7.231.68.82
795,Jimmy,Gray,jgraym2@timesonline.co.uk,Male,92.60.152.114
796,Donald,Stanley,dstanleym3@sbwire.com,Male,192.194.37.55
797,Stephen,Martinez,smartinezm4@pen.io,Male,255.233.215.144
798,Lori,Gutierrez,lgutierrezm5@bizjournals.com,Female,207.109.156.53
799,Kimberly,Oliver,koliverm6@blog.com,Female,124.117.146.164
800,Lillian,Spencer,lspencerm7@github.com,Female,107.140.172.55
801,Carolyn,Henderson,chendersonm8@posterous.com,Female,3.242.37.234
802,Linda,Greene,lgreenem9@theglobeandmail.com,Female,149.89.170.25
803,Charles,Fernandez,cfernandezma@tiny.cc,Male,171.168.18.160
804,Melissa,Phillips,mphillipsmb@msu.edu,Female,237.130.232.67
805,Shirley,Rose,srosemc@linkedin.com,Female,176.199.229.105
806,Sean,George,sgeorgemd@time.com,Male,65.139.157.187
807,Annie,Sullivan,asullivanme@webs.com,Female,3.191.125.73
808,Michelle,Little,mlittlemf@over-blog.com,Female,253.156.87.152
809,Joan,Rodriguez,jrodriguezmg@webmd.com,Female,136.28.6.101
810,Shirley,Smith,ssmithmh@chicagotribune.com,Female,206.234.46.254
811,Jerry,Davis,jdavismi@nps.gov,Male,255.152.103.174
812,Kelly,Fuller,kfullermj@opera.com,Female,243.185.9.104
813,Marilyn,Shaw,mshawmk@xrea.com,Female,103.124.26.249
814,Rose,Burns,rburnsml@telegraph.co.uk,Female,11.3.250.161
815,Theresa,Elliott,telliottmm@cocolog-nifty.com,Female,235.174.114.18
816,Jason,Smith,jsmithmn@t.co,Male,224.204.98.4
817,Christine,Graham,cgrahammo@google.com.br,Female,92.99.164.135
818,Lisa,Russell,lrussellmp@phoca.cz,Female,134.90.167.127
819,Matthew,Bishop,mbishopmq@barnesandnoble.com,Male,88.236.116.203
820,Albert,Montgomery,amontgomerymr@etsy.com,Male,151.92.64.192
821,Sharon,Porter,sporterms@bbb.org,Female,208.144.175.86
822,Stephanie,Freeman,sfreemanmt@vimeo.com,Female,56.148.197.211
823,Betty,Howard,bhowardmu@bluehost.com,Female,155.38.154.104
824,Ronald,Evans,revansmv@flavors.me,Male,7.153.57.91
825,Stephen,Mccoy,smccoymw@people.com.cn,Male,159.239.91.116
826,Ralph,Martinez,rmartinezmx@webnode.com,Male,26.110.2.188
827,Lisa,Freeman,lfreemanmy@eepurl.com,Female,32.21.241.19
828,Alan,Medina,amedinamz@vimeo.com,Male,99.23.73.100
829,Carlos,Elliott,celliottn0@psu.edu,Male,250.100.228.81
830,Rachel,Robinson,rrobinsonn1@weebly.com,Female,222.216.115.103
831,Donna,Thomas,dthomasn2@soundcloud.com,Female,74.207.221.172
832,Roger,Gutierrez,rgutierrezn3@istockphoto.com,Male,93.227.99.59
833,Larry,Rodriguez,lrodriguezn4@networkadvertising.org,Male,83.4.194.100
834,Kathy,Myers,kmyersn5@whitehouse.gov,Female,11.210.255.65
835,Janet,Scott,jscottn6@tamu.edu,Female,238.126.52.233
836,Irene,Perez,iperezn7@usgs.gov,Female,94.86.107.146
837,Rose,Cole,rcolen8@illinois.edu,Female,230.183.132.232
838,Tina,Boyd,tboydn9@wordpress.org,Female,28.225.241.10
839,Rose,Day,rdayna@networkadvertising.org,Female,103.206.178.232
840,Philip,Coleman,pcolemannb@google.co.uk,Male,138.90.119.253
841,Billy,Lawrence,blawrencenc@rakuten.co.jp,Male,241.125.29.236
842,Pamela,Chavez,pchaveznd@sfgate.com,Female,102.3.37.251
843,Ronald,Gibson,rgibsonne@reverbnation.com,Male,174.12.164.186
844,Peter,Boyd,pboydnf@cam.ac.uk,Male,240.72.205.106
845,Julie,Alexander,jalexanderng@friendfeed.com,Female,174.5.28.246
846,Jonathan,Harvey,jharveynh@indiegogo.com,Male,81.108.181.195
847,Daniel,Greene,dgreeneni@indiatimes.com,Male,109.242.72.176
848,Jesse,Richards,jrichardsnj@hatena.ne.jp,Male,155.220.65.220
849,Steve,Adams,sadamsnk@hubpages.com,Male,204.131.91.5
850,Beverly,Arnold,barnoldnl@furl.net,Female,96.219.56.173
851,Rose,Fuller,rfullernm@disqus.com,Female,5.187.172.184
852,Annie,Wilson,awilsonnn@woothemes.com,Female,246.77.191.200
853,Carol,Hawkins,chawkinsno@comcast.net,Female,228.157.242.149
854,Clarence,Foster,cfosternp@devhub.com,Male,198.234.41.65
855,William,Thompson,wthompsonnq@youku.com,Male,204.173.208.109
856,Bruce,Miller,bmillernr@cbsnews.com,Male,207.21.141.227
857,Roger,Kelly,rkellyns@elegantthemes.com,Male,153.116.179.156
858,Gary,Hall,ghallnt@tamu.edu,Male,205.98.214.56
859,Henry,Lewis,hlewisnu@google.fr,Male,68.250.152.205
860,Kelly,Rogers,krogersnv@stumbleupon.com,Female,106.174.150.179
861,Gloria,Fuller,gfullernw@msn.com,Female,40.122.81.150
862,Deborah,Chavez,dchaveznx@spotify.com,Female,241.242.179.91
863,Kathryn,Davis,kdavisny@youtu.be,Female,11.92.144.4
864,Mark,Lynch,mlynchnz@nba.com,Male,230.169.205.104
865,Andrew,Shaw,ashawo0@bbc.co.uk,Male,4.25.51.83
866,Mark,Hunt,mhunto1@ucoz.com,Male,60.186.248.10
867,Robin,Rogers,rrogerso2@economist.com,Female,157.32.40.38
868,Judy,Long,jlongo3@omniture.com,Female,103.99.79.62
869,Richard,Cruz,rcruzo4@hao123.com,Male,78.243.8.88
870,Diana,Castillo,dcastilloo5@myspace.com,Female,4.55.101.180
871,Ernest,Palmer,epalmero6@theguardian.com,Male,166.134.254.244
872,Wayne,Burke,wburkeo7@google.cn,Male,160.200.115.134
873,Jesse,Oliver,jolivero8@networksolutions.com,Male,38.78.156.106
874,Benjamin,Palmer,bpalmero9@google.co.jp,Male,177.229.226.126
875,Laura,Murphy,lmurphyoa@wikia.com,Female,190.1.24.114
876,Sean,Patterson,spattersonob@wikimedia.org,Male,100.172.183.105
877,Jerry,Arnold,jarnoldoc@tmall.com,Male,149.244.126.136
878,Christine,Wells,cwellsod@cdc.gov,Female,28.159.90.212
879,Kathleen,Williams,kwilliamsoe@go.com,Female,200.174.103.200
880,Sean,Carpenter,scarpenterof@acquirethisname.com,Male,149.38.178.95
881,Scott,Nguyen,snguyenog@plala.or.jp,Male,229.132.7.124
882,Martha,Nguyen,mnguyenoh@phoca.cz,Female,72.170.244.215
883,Emily,Andrews,eandrewsoi@chronoengine.com,Female,32.114.153.213
884,Martha,Reynolds,mreynoldsoj@yale.edu,Female,1.150.10.230
885,Cheryl,Hayes,chayesok@businessweek.com,Female,138.191.140.228
886,Frances,Snyder,fsnyderol@cafepress.com,Female,210.63.31.212
887,Larry,Gray,lgrayom@google.co.jp,Male,230.95.118.130
888,Anthony,Hart,aharton@chron.com,Male,197.73.41.102
889,Alice,Stone,astoneoo@so-net.ne.jp,Female,166.87.164.236
890,Christopher,Shaw,cshawop@eventbrite.com,Male,139.4.76.241
891,Kelly,Cunningham,kcunninghamoq@oakley.com,Female,105.171.92.101
892,Heather,Bradley,hbradleyor@who.int,Female,105.223.116.73
893,Nicole,Chapman,nchapmanos@epa.gov,Female,142.164.90.51
894,Jean,Young,jyoungot@washington.edu,Female,37.129.81.143
895,Lois,Dixon,ldixonou@chronoengine.com,Female,24.207.229.76
896,Tina,Hicks,thicksov@amazon.com,Female,108.110.31.253
897,Stephen,Hawkins,shawkinsow@deliciousdays.com,Male,70.29.59.247
898,Kevin,Smith,ksmithox@google.com.br,Male,93.176.122.3
899,Christine,Fuller,cfulleroy@hexun.com,Female,106.125.145.237
900,Laura,Thomas,lthomasoz@vistaprint.com,Female,52.21.31.177
901,Bobby,Bowman,bbowmanp0@symantec.com,Male,5.229.77.146
902,Albert,Gomez,agomezp1@g.co,Male,208.129.141.233
903,Rebecca,Elliott,relliottp2@rambler.ru,Female,43.143.178.221
904,Kathleen,Armstrong,karmstrongp3@nhs.uk,Female,211.108.90.40
905,Katherine,Long,klongp4@aboutads.info,Female,132.234.11.214
906,Kimberly,Day,kdayp5@cbslocal.com,Female,112.119.93.59
907,Johnny,Castillo,jcastillop6@marketwatch.com,Male,61.216.43.170
908,Phyllis,Anderson,pandersonp7@cornell.edu,Female,242.68.86.140
909,Matthew,Dixon,mdixonp8@timesonline.co.uk,Male,249.183.143.116
910,Jack,Mcdonald,jmcdonaldp9@simplemachines.org,Male,206.105.20.140
911,Barbara,Hayes,bhayespa@latimes.com,Female,32.35.41.132
912,Jean,Burke,jburkepb@admin.ch,Female,118.189.181.33
913,Sarah,Foster,sfosterpc@gmpg.org,Female,148.88.2.99
914,Dennis,Harper,dharperpd@tuttocitta.it,Male,210.239.224.239
915,Teresa,Franklin,tfranklinpe@smh.com.au,Female,66.130.31.27
916,Charles,Welch,cwelchpf@themeforest.net,Male,42.180.140.92
917,Nicholas,Bishop,nbishoppg@alexa.com,Male,82.226.233.73
918,Ashley,Wagner,awagnerph@icio.us,Female,60.135.130.57
919,Kevin,Alvarez,kalvarezpi@trellian.com,Male,156.24.12.120
920,Judy,Bennett,jbennettpj@comsenz.com,Female,237.239.247.94
921,Albert,Peterson,apetersonpk@skyrock.com,Male,79.213.145.240
922,Kevin,Moore,kmoorepl@imdb.com,Male,122.90.181.172
923,Anna,Diaz,adiazpm@thetimes.co.uk,Female,211.40.55.183
924,Robert,Hawkins,rhawkinspn@tmall.com,Male,48.155.96.18
925,Amanda,Young,ayoungpo@vistaprint.com,Female,136.44.251.58
926,Stephen,Matthews,smatthewspp@sphinn.com,Male,228.168.29.92
927,Kenneth,Ross,krosspq@tmall.com,Male,76.212.180.187
928,Kelly,Simmons,ksimmonspr@mozilla.com,Female,152.119.160.84
929,Barbara,Peters,bpetersps@foxnews.com,Female,137.125.246.131
930,Fred,Jackson,fjacksonpt@economist.com,Male,108.147.177.40
931,Joshua,Knight,jknightpu@cafepress.com,Male,139.225.246.223
932,Patricia,Palmer,ppalmerpv@github.com,Female,255.229.107.147
933,Chris,Stewart,cstewartpw@soup.io,Male,55.143.141.29
934,Mark,Willis,mwillispx@blogger.com,Male,1.91.249.154
935,Bonnie,Gutierrez,bgutierrezpy@ucla.edu,Female,161.53.174.105
936,Jesse,Thomas,jthomaspz@paypal.com,Male,143.107.95.49
937,Frances,Henderson,fhendersonq0@bloglovin.com,Female,63.23.143.163
938,Mary,Webb,mwebbq1@utexas.edu,Female,219.55.60.18
939,Janet,Shaw,jshawq2@noaa.gov,Female,135.248.163.149
940,Willie,Taylor,wtaylorq3@cbsnews.com,Male,13.29.218.4
941,Arthur,Wallace,awallaceq4@twitter.com,Male,188.211.47.115
942,Fred,Perkins,fperkinsq5@hc360.com,Male,17.148.125.100
943,Anthony,Black,ablackq6@dailymotion.com,Male,216.94.248.167
944,Timothy,Wheeler,twheelerq7@fotki.com,Male,155.132.240.216
945,Scott,Rice,sriceq8@businessweek.com,Male,133.4.156.35
946,Andrew,Morgan,amorganq9@dedecms.com,Male,190.127.90.141
947,Eugene,Hill,ehillqa@myspace.com,Male,245.167.168.131
948,Linda,Torres,ltorresqb@oaic.gov.au,Female,186.110.135.193
949,Charles,Sullivan,csullivanqc@1688.com,Male,10.1.112.60
950,Christopher,Alexander,calexanderqd@theglobeandmail.com,Male,52.32.115.239
951,Kathryn,Woods,kwoodsqe@paypal.com,Female,59.251.106.159
952,Marilyn,Russell,mrussellqf@studiopress.com,Female,43.37.166.231
953,Philip,Evans,pevansqg@elpais.com,Male,175.99.140.154
954,Jonathan,Edwards,jedwardsqh@weather.com,Male,13.54.211.221
955,Phyllis,Stephens,pstephensqi@businesswire.com,Female,112.19.192.245
956,Kelly,Fisher,kfisherqj@google.cn,Female,144.247.112.164
957,Jessica,Kim,jkimqk@shareasale.com,Female,167.8.72.63
958,Robert,Fisher,rfisherql@about.me,Male,121.10.211.39
959,Doris,Long,dlongqm@barnesandnoble.com,Female,190.182.124.165
960,Jeffrey,West,jwestqn@patch.com,Male,25.116.161.42
961,Judy,Harvey,jharveyqo@rakuten.co.jp,Female,184.207.143.162
962,Rose,Oliver,roliverqp@dyndns.org,Female,163.144.173.239
963,Harold,Cole,hcoleqq@scientificamerican.com,Male,204.86.27.102
964,Daniel,Hunter,dhunterqr@xrea.com,Male,159.150.206.98
965,Charles,Perez,cperezqs@accuweather.com,Male,84.5.215.203
966,Russell,Stone,rstoneqt@kickstarter.com,Male,255.59.74.193
967,Ruby,Cooper,rcooperqu@unc.edu,Female,72.212.149.101
968,Eugene,Walker,ewalkerqv@biglobe.ne.jp,Male,65.247.237.77
969,Kathy,Stephens,kstephensqw@github.com,Female,119.42.11.234
970,Rachel,Scott,rscottqx@oracle.com,Female,3.205.80.2
971,Shawn,Nelson,snelsonqy@cbc.ca,Male,110.157.239.172
972,Adam,Murray,amurrayqz@un.org,Male,114.194.70.139
973,Teresa,Gordon,tgordonr0@biblegateway.com,Female,116.55.37.56
974,Nancy,Turner,nturnerr1@walmart.com,Female,84.0.87.95
975,Kathleen,Ray,krayr2@seesaa.net,Female,127.233.28.132
976,Andrew,Long,alongr3@php.net,Male,8.123.224.72
977,Jesse,Morris,jmorrisr4@engadget.com,Male,95.140.140.49
978,Phyllis,Gonzales,pgonzalesr5@example.com,Female,15.157.154.118
979,Willie,Wagner,wwagnerr6@lycos.com,Male,192.1.163.52
980,Kathleen,Burns,kburnsr7@howstuffworks.com,Female,131.7.149.216
981,Susan,Garcia,sgarciar8@xrea.com,Female,157.208.81.156
982,Alan,Bowman,abowmanr9@aboutads.info,Male,209.243.242.162
983,Joyce,Owens,jowensra@infoseek.co.jp,Female,23.141.236.66
984,Dorothy,Lawson,dlawsonrb@wikia.com,Female,11.12.179.97
985,Christopher,Lawrence,clawrencerc@marriott.com,Male,251.15.236.121
986,Rose,Fernandez,rfernandezrd@webeden.co.uk,Female,166.241.82.97
987,Debra,Peterson,dpetersonre@taobao.com,Female,9.21.147.227
988,Andrea,Thomas,athomasrf@example.com,Female,140.66.58.156
989,Lawrence,Johnson,ljohnsonrg@infoseek.co.jp,Male,199.41.49.220
990,Ann,Gibson,agibsonrh@joomla.org,Female,221.59.159.215
991,Tammy,Hansen,thansenri@cnet.com,Female,244.189.227.225
992,Jimmy,Flores,jfloresrj@pagesperso-orange.fr,Male,169.114.45.130
993,Peter,Boyd,pboydrk@pen.io,Male,85.11.183.114
994,Christine,Sanders,csandersrl@telegraph.co.uk,Female,59.30.44.160
995,Martha,Washington,mwashingtonrm@storify.com,Female,237.184.32.97
996,Andrew,Johnston,ajohnstonrn@opera.com,Male,30.178.178.123
997,Virginia,Thomas,vthomasro@merriam-webster.com,Female,113.216.61.145
998,Aaron,Vasquez,avasquezrp@blogtalkradio.com,Male,243.51.237.85
999,Heather,Carr,hcarrrq@dailymotion.com,Female,230.46.149.155
1000,Philip,Hunter,phunterrr@bbc.co.uk,Male,221.227.128.88
