id,first_name,last_name,email,gender,ip_address
1,Debra,Brown,dbrown0@umn.edu,Female,193.197.238.140
2,Julie,Cook,jcook1@mozilla.com,Female,209.156.90.223
3,Aaron,Lane,alane2@unblog.fr,Male,137.226.149.94
4,Steve,Stanley,sstanley3@trellian.com,Male,82.67.180.4
5,Bruce,Moore,bmoore4@trellian.com,Male,95.132.196.135
6,Jane,Parker,jparker5@cisco.com,Female,30.245.138.40
7,Cynthia,Burke,cburke6@mac.com,Female,45.33.198.191
8,Andrew,Hayes,ahayes7@homestead.com,Male,202.148.33.253
9,Jonathan,Alvarez,jalvarez8@examiner.com,Male,102.255.29.209
10,Shawn,Mcdonald,smcdonald9@wordpress.com,Male,171.48.63.187
11,Jesse,White,jwhitea@soundcloud.com,Male,80.91.165.237
12,Gary,Hayes,ghayesb@unicef.org,Male,13.116.134.151
13,Norma,Stevens,nstevensc@taobao.com,Female,92.183.144.179
14,Nancy,Hawkins,nhawkinsd@baidu.com,Female,126.84.218.205
15,James,Long,jlonge@blogs.com,Male,72.142.165.12
16,Charles,Berry,cberryf@ihg.com,Male,85.156.238.151
17,Catherine,Simmons,csimmonsg@nydailynews.com,Female,189.8.87.54
18,David,Gordon,dgordonh@intel.com,Male,46.213.182.84
19,Earl,Griffin,egriffini@homestead.com,Male,57.21.215.48
20,Larry,Banks,lbanksj@yahoo.com,Male,50.87.234.177
21,Sarah,Anderson,sandersonk@dailymotion.com,Female,219.99.53.152
22,Russell,Lawrence,rlawrencel@google.ru,Male,91.192.58.191
23,Carlos,Hawkins,chawkinsm@ucoz.com,Male,158.135.96.121
24,Janet,Richards,jrichardsn@about.com,Female,217.85.111.80
25,Emily,Jacobs,ejacobso@whitehouse.gov,Female,216.127.21.128
26,Benjamin,Fox,bfoxp@seattletimes.com,Male,5.108.187.148
27,Laura,Larson,llarsonq@pagesperso-orange.fr,Female,162.52.239.76
28,Jason,Fields,jfieldsr@amazon.co.uk,Male,113.73.223.82
29,Paul,Hawkins,phawkinss@youku.com,Male,111.20.96.179
30,James,Graham,jgrahamt@microsoft.com,Male,7.13.176.39
31,Dennis,Larson,dlarsonu@ehow.com,Male,229.80.107.97
32,Louise,Fox,lfoxv@studiopress.com,Female,117.70.238.146
33,Sean,Rogers,srogersw@topsy.com,Male,237.149.127.30
34,Tina,Grant,tgrantx@google.es,Female,21.1.139.131
35,Stephen,Price,spricey@ow.ly,Male,151.61.151.234
36,Robert,Fisher,rfisherz@booking.com,Male,214.192.30.10
37,Patrick,Mendoza,pmendoza10@cnet.com,Male,37.74.166.88
38,Todd,Hughes,thughes11@washington.edu,Male,69.163.71.204
39,Carolyn,Rogers,crogers12@adobe.com,Female,125.63.107.54
40,Carl,Coleman,ccoleman13@netvibes.com,Male,79.180.156.128
41,Gloria,Alvarez,galvarez14@microsoft.com,Female,175.122.60.168
42,Larry,Cole,lcole15@mediafire.com,Male,142.20.145.27
43,Harold,Montgomery,hmontgomery16@amazonaws.com,Male,109.233.104.252
44,Lois,Richardson,lrichardson17@state.gov,Female,73.69.60.126
45,Scott,Mccoy,smccoy18@tiny.cc,Male,135.73.127.63
46,Harold,Sanders,hsanders19@cisco.com,Male,166.87.177.6
47,Arthur,Wright,awright1a@dropbox.com,Male,88.76.93.187
48,Debra,Torres,dtorres1b@vk.com,Female,87.90.58.235
49,Anna,Oliver,aoliver1c@icio.us,Female,189.51.163.34
50,Teresa,Welch,twelch1d@delicious.com,Female,198.168.240.156
51,Sean,Porter,sporter1e@purevolume.com,Male,193.153.171.238
52,Evelyn,Lawson,elawson1f@soup.io,Female,185.33.45.40
53,Roger,Little,rlittle1g@wix.com,Male,157.42.153.65
54,Harold,Hunt,hhunt1h@plala.or.jp,Male,136.184.44.28
55,Catherine,Powell,cpowell1i@e-recht24.de,Female,127.78.23.16
56,Joan,Henderson,jhenderson1j@mysql.com,Female,96.138.45.185
57,Timothy,Hill,thill1k@youku.com,Male,226.15.52.67
58,Christina,Berry,cberry1l@cdc.gov,Female,175.176.89.222
59,Juan,Pierce,jpierce1m@cnet.com,Male,164.18.69.187
60,Stephanie,Arnold,sarnold1n@slate.com,Female,185.208.91.129
61,Heather,Ramirez,hramirez1o@gnu.org,Female,138.37.19.230
62,Ryan,Howell,rhowell1p@phoca.cz,Male,187.28.183.7
63,Bonnie,Garcia,bgarcia1q@amazon.co.uk,Female,225.7.221.50
64,Wayne,Marshall,wmarshall1r@etsy.com,Male,206.158.121.145
65,Gloria,Hamilton,ghamilton1s@issuu.com,Female,111.56.93.222
66,Anthony,Reyes,areyes1t@reuters.com,Male,5.70.191.154
67,Karen,Stephens,kstephens1u@hostgator.com,Female,136.124.84.51
68,Donald,Fisher,dfisher1v@goo.ne.jp,Male,178.179.103.240
69,Aaron,Howard,ahoward1w@fda.gov,Male,53.122.223.131
70,Sandra,Harris,sharris1x@cisco.com,Female,242.186.52.235
71,Jessica,Ray,jray1y@cnbc.com,Female,42.128.170.109
72,Henry,Miller,hmiller1z@skyrock.com,Male,209.146.43.143
73,Linda,Powell,lpowell20@biblegateway.com,Female,136.88.58.237
74,Jack,Perkins,jperkins21@purevolume.com,Male,119.83.120.240
75,Brian,Bradley,bbradley22@wordpress.org,Male,239.95.219.153
76,Catherine,Foster,cfoster23@guardian.co.uk,Female,39.38.237.236
77,Lisa,Parker,lparker24@harvard.edu,Female,255.67.169.146
78,Diana,Larson,dlarson25@google.de,Female,141.12.8.35
79,Anne,Ward,award26@marriott.com,Female,223.62.190.192
80,Wayne,Gray,wgray27@symantec.com,Male,20.153.39.121
81,Jesse,Gonzales,jgonzales28@tmall.com,Male,180.208.163.81
82,Benjamin,Campbell,bcampbell29@mail.ru,Male,181.89.55.245
83,Ruby,Gomez,rgomez2a@joomla.org,Female,216.177.152.174
84,Lois,Henderson,lhenderson2b@eventbrite.com,Female,17.95.166.129
85,Jennifer,Lawrence,jlawrence2c@netvibes.com,Female,65.205.48.31
86,David,Lynch,dlynch2d@chronoengine.com,Male,115.105.59.49
87,Debra,Rogers,drogers2e@usgs.gov,Female,238.159.23.98
88,Rachel,Lewis,rlewis2f@newsvine.com,Female,28.163.219.73
89,Jimmy,King,jking2g@dailymotion.com,Male,200.128.136.6
90,Andrea,Bennett,abennett2h@bluehost.com,Female,140.152.197.101
91,Cheryl,Hunter,chunter2i@samsung.com,Female,27.124.239.188
92,Emily,Hunter,ehunter2j@dyndns.org,Female,19.115.199.73
93,Tina,Sims,tsims2k@bluehost.com,Female,218.206.236.20
94,Earl,Ruiz,eruiz2l@merriam-webster.com,Male,220.83.137.146
95,Joan,Jenkins,jjenkins2m@qq.com,Female,24.91.9.233
96,Janice,Freeman,jfreeman2n@xing.com,Female,13.247.35.7
97,Sharon,Scott,sscott2o@ucoz.com,Female,0.233.69.54
98,Anne,Arnold,aarnold2p@acquirethisname.com,Female,32.210.158.76
99,Andrea,Bishop,abishop2q@i2i.jp,Female,134.199.1.92
100,Philip,Harper,pharper2r@gov.uk,Male,67.85.126.153
101,Melissa,Ellis,mellis2s@archive.org,Female,61.148.212.215
102,Aaron,Ward,award2t@flavors.me,Male,241.174.78.34
103,Sharon,Kelley,skelley2u@webmd.com,Female,30.230.23.161
104,Beverly,Johnson,bjohnson2v@blogtalkradio.com,Female,155.26.18.148
105,Jacqueline,Hill,jhill2w@angelfire.com,Female,129.219.233.243
106,Fred,Lynch,flynch2x@independent.co.uk,Male,51.123.181.73
107,Thomas,Graham,tgraham2y@about.com,Male,205.1.254.1
108,Jesse,Green,jgreen2z@prlog.org,Male,164.6.0.109
109,Willie,Gutierrez,wgutierrez30@washington.edu,Male,220.121.215.134
110,Gloria,Allen,gallen31@usatoday.com,Female,49.169.8.205
111,Louis,Banks,lbanks32@yandex.ru,Male,233.234.55.24
112,Keith,Weaver,kweaver33@china.com.cn,Male,245.243.61.140
113,Earl,Garcia,egarcia34@sun.com,Male,245.173.56.31
114,Jane,Nichols,jnichols35@moonfruit.com,Female,90.91.187.65
115,Gregory,Kelley,gkelley36@google.co.jp,Male,98.211.140.3
116,Alice,Wallace,awallace37@howstuffworks.com,Female,120.4.242.107
117,Ernest,West,ewest38@yandex.ru,Male,182.64.214.168
118,Steven,Harris,sharris39@biblegateway.com,Male,229.215.16.176
119,Frank,Williams,fwilliams3a@sitemeter.com,Male,171.160.128.197
120,Benjamin,Day,bday3b@canalblog.com,Male,203.245.215.68
121,Harold,Fisher,hfisher3c@google.com,Male,69.19.161.220
122,Stephen,Warren,swarren3d@comsenz.com,Male,181.1.205.53
123,Amanda,Mcdonald,amcdonald3e@shutterfly.com,Female,243.16.100.154
124,Antonio,Olson,aolson3f@qq.com,Male,204.131.152.148
125,Justin,Ortiz,jortiz3g@mtv.com,Male,163.128.30.188
126,Lisa,Reed,lreed3h@foxnews.com,Female,219.183.165.205
127,Deborah,Dixon,ddixon3i@bluehost.com,Female,206.241.8.50
128,John,Lane,jlane3j@ow.ly,Male,254.66.124.41
129,Scott,Price,sprice3k@vistaprint.com,Male,44.125.67.11
130,Chris,Cox,ccox3l@creativecommons.org,Male,136.142.125.224
131,Peter,Green,pgreen3m@4shared.com,Male,179.34.19.76
132,Barbara,Roberts,broberts3n@goodreads.com,Female,1.4.95.45
133,Rebecca,Ferguson,rferguson3o@illinois.edu,Female,174.39.211.135
134,Keith,Fields,kfields3p@un.org,Male,93.183.185.211
135,Barbara,Henderson,bhenderson3q@latimes.com,Female,249.7.182.107
136,Stephen,Willis,swillis3r@livejournal.com,Male,56.166.122.40
137,Carol,Alexander,calexander3s@tinypic.com,Female,125.24.199.25
138,Christopher,Parker,cparker3t@sakura.ne.jp,Male,107.230.111.228
139,Brandon,Henderson,bhenderson3u@uiuc.edu,Male,207.105.134.9
140,Denise,Meyer,dmeyer3v@toplist.cz,Female,150.152.228.42
141,Irene,Rodriguez,irodriguez3w@tinypic.com,Female,235.62.199.212
142,Julie,Graham,jgraham3x@ustream.tv,Female,120.160.106.139
143,Julia,Allen,jallen3y@51.la,Female,204.118.76.121
144,Linda,Bradley,lbradley3z@businessinsider.com,Female,85.65.146.154
145,Gary,Fields,gfields40@aboutads.info,Male,7.244.14.190
146,Annie,Pierce,apierce41@tripod.com,Female,40.218.84.147
147,Rachel,Simpson,rsimpson42@gizmodo.com,Female,28.141.227.200
148,Todd,Powell,tpowell43@npr.org,Male,214.9.159.239
149,Joe,Lynch,jlynch44@xrea.com,Male,75.175.26.231
150,Gregory,Robertson,grobertson45@pcworld.com,Male,118.90.24.83
151,Clarence,Fowler,cfowler46@apache.org,Male,43.211.96.169
152,Melissa,Hamilton,mhamilton47@facebook.com,Female,37.127.31.183
153,Ryan,Lewis,rlewis48@cyberchimps.com,Male,84.164.106.188
154,Jason,Ramirez,jramirez49@house.gov,Male,21.215.221.239
155,Louise,Hicks,lhicks4a@elpais.com,Female,198.138.46.120
156,Juan,Frazier,jfrazier4b@facebook.com,Male,4.140.57.165
157,Daniel,Wright,dwright4c@addtoany.com,Male,122.255.236.96
158,Christopher,Medina,cmedina4d@github.io,Male,254.181.81.0
159,Gerald,Diaz,gdiaz4e@reverbnation.com,Male,104.161.35.18
160,Heather,Knight,hknight4f@jimdo.com,Female,146.87.240.28
161,Billy,Kim,bkim4g@liveinternet.ru,Male,37.151.222.129
162,Harold,Kelley,hkelley4h@ovh.net,Male,226.196.191.172
163,Amy,Jacobs,ajacobs4i@zdnet.com,Female,86.98.70.23
164,Ann,Gray,agray4j@goo.ne.jp,Female,221.152.73.59
165,Sandra,Barnes,sbarnes4k@surveymonkey.com,Female,60.86.139.90
166,Benjamin,Schmidt,bschmidt4l@walmart.com,Male,179.144.127.56
167,Shirley,Mcdonald,smcdonald4m@squarespace.com,Female,126.25.50.133
168,Mary,Garrett,mgarrett4n@telegraph.co.uk,Female,67.184.229.92
169,Jeremy,Rivera,jrivera4o@sphinn.com,Male,251.160.4.127
170,Joan,Baker,jbaker4p@blogtalkradio.com,Female,42.48.154.72
171,Jerry,Stevens,jstevens4q@wiley.com,Male,235.85.142.215
172,Andrew,Crawford,acrawford4r@loc.gov,Male,234.150.234.41
173,Clarence,Mendoza,cmendoza4s@mail.ru,Male,249.195.117.18
174,Elizabeth,Mccoy,emccoy4t@woothemes.com,Female,248.139.95.171
175,Margaret,Patterson,mpatterson4u@indiatimes.com,Female,187.76.157.11
176,Kathryn,Wilson,kwilson4v@cdc.gov,Female,214.227.52.130
177,Beverly,Simmons,bsimmons4w@columbia.edu,Female,201.14.139.179
178,Kathy,Rice,krice4x@youku.com,Female,59.31.184.217
179,Marilyn,Armstrong,marmstrong4y@ca.gov,Female,64.51.213.190
180,Eugene,Black,eblack4z@statcounter.com,Male,73.135.144.25
181,William,Carter,wcarter50@drupal.org,Male,181.60.207.208
182,Anna,Banks,abanks51@prweb.com,Female,91.196.68.158
183,Sarah,Watkins,swatkins52@timesonline.co.uk,Female,196.6.160.50
184,Paul,Mcdonald,pmcdonald53@geocities.com,Male,88.93.15.128
185,Paula,Tucker,ptucker54@jimdo.com,Female,243.115.1.200
186,Richard,Hernandez,rhernandez55@wordpress.com,Male,100.220.168.167
187,Keith,Arnold,karnold56@irs.gov,Male,18.123.52.225
188,Annie,Edwards,aedwards57@unblog.fr,Female,162.173.73.55
189,Eugene,Taylor,etaylor58@prweb.com,Male,162.237.68.103
190,Gregory,Washington,gwashington59@quantcast.com,Male,237.96.72.98
191,Carolyn,Bailey,cbailey5a@yahoo.co.jp,Female,2.252.170.86
192,Evelyn,Cruz,ecruz5b@freewebs.com,Female,211.227.134.171
193,Bonnie,Reid,breid5c@desdev.cn,Female,125.65.133.155
194,Phillip,Torres,ptorres5d@narod.ru,Male,83.110.46.181
195,Annie,Armstrong,aarmstrong5e@amazon.co.jp,Female,189.166.209.165
196,Kathy,Arnold,karnold5f@addthis.com,Female,170.171.196.253
197,Stephanie,Diaz,sdiaz5g@google.cn,Female,52.222.160.174
198,Shirley,Chapman,schapman5h@chicagotribune.com,Female,76.75.142.237
199,Brandon,Ray,bray5i@elpais.com,Male,10.159.1.81
200,Wayne,Harrison,wharrison5j@1und1.de,Male,238.124.69.84
201,Timothy,Martinez,tmartinez5k@wordpress.com,Male,230.35.2.118
202,Helen,Williamson,hwilliamson5l@businessweek.com,Female,26.143.94.24
203,Janice,Ferguson,jferguson5m@purevolume.com,Female,0.125.225.195
204,Richard,Wells,rwells5n@mozilla.com,Male,76.219.150.66
205,Bruce,Owens,bowens5o@163.com,Male,140.124.57.38
206,Wayne,Tucker,wtucker5p@github.com,Male,5.127.178.105
207,Donald,Ward,dward5q@va.gov,Male,149.146.230.107
208,Julia,Moore,jmoore5r@twitter.com,Female,91.48.10.131
209,Carlos,West,cwest5s@smh.com.au,Male,11.200.196.223
210,Harold,Dunn,hdunn5t@printfriendly.com,Male,237.22.245.93
211,Virginia,Brown,vbrown5u@independent.co.uk,Female,131.212.107.197
212,Frances,Williams,fwilliams5v@kickstarter.com,Female,142.55.92.91
213,Christina,Hill,chill5w@webeden.co.uk,Female,190.154.168.146
214,Wanda,King,wking5x@salon.com,Female,4.170.72.205
215,Eugene,Coleman,ecoleman5y@1688.com,Male,58.144.208.177
216,Eugene,Wright,ewright5z@vimeo.com,Male,165.35.165.186
217,Louise,Snyder,lsnyder60@wikispaces.com,Female,69.5.250.224
218,Angela,Burke,aburke61@boston.com,Female,41.42.194.253
219,Alice,Kelly,akelly62@berkeley.edu,Female,14.193.136.99
220,Diane,Ryan,dryan63@google.nl,Female,154.114.184.106
221,Craig,Bishop,cbishop64@altervista.org,Male,204.69.242.223
222,Doris,Cook,dcook65@homestead.com,Female,72.143.88.79
223,Ruth,Mitchell,rmitchell66@ow.ly,Female,7.38.82.106
224,Annie,Lynch,alynch67@g.co,Female,106.108.236.78
225,Walter,Rogers,wrogers68@disqus.com,Male,158.243.17.230
226,Janet,Carr,jcarr69@china.com.cn,Female,34.86.164.151
227,Richard,Bradley,rbradley6a@123-reg.co.uk,Male,177.187.182.202
228,Judy,Hicks,jhicks6b@cafepress.com,Female,177.158.5.132
229,Dennis,Howell,dhowell6c@w3.org,Male,132.119.60.235
230,Johnny,Dean,jdean6d@about.me,Male,66.253.222.238
231,Barbara,Patterson,bpatterson6e@cocolog-nifty.com,Female,35.247.0.117
232,Pamela,Wagner,pwagner6f@pagesperso-orange.fr,Female,141.66.123.1
233,John,Carr,jcarr6g@macromedia.com,Male,35.140.98.50
234,Carl,Mitchell,cmitchell6h@123-reg.co.uk,Male,181.236.142.69
235,Lillian,Lawrence,llawrence6i@cnbc.com,Female,180.69.183.167
236,Lillian,Sims,lsims6j@amazon.co.uk,Female,166.59.45.250
237,Lori,Montgomery,lmontgomery6k@sina.com.cn,Female,112.170.240.107
238,Antonio,Stone,astone6l@chicagotribune.com,Male,148.239.118.211
239,Jane,Rodriguez,jrodriguez6m@google.ru,Female,177.113.90.120
240,John,Foster,jfoster6n@goo.ne.jp,Male,192.197.42.211
241,Ernest,Wallace,ewallace6o@163.com,Male,226.125.216.210
242,Bruce,Smith,bsmith6p@businesswire.com,Male,35.124.127.29
243,Patricia,Howell,phowell6q@youtu.be,Female,153.212.189.21
244,Timothy,Gomez,tgomez6r@abc.net.au,Male,150.29.175.100
245,Richard,Rogers,rrogers6s@fotki.com,Male,68.38.206.254
246,Doris,Thomas,dthomas6t@devhub.com,Female,235.90.76.99
247,Matthew,Castillo,mcastillo6u@indiatimes.com,Male,242.133.86.105
248,Kelly,Howell,khowell6v@ft.com,Female,188.201.26.15
249,Steven,Edwards,sedwards6w@nhs.uk,Male,71.116.233.3
250,Philip,Henderson,phenderson6x@nbcnews.com,Male,112.90.228.226
251,Christopher,Wagner,cwagner6y@jigsy.com,Male,130.177.93.13
252,Deborah,Kennedy,dkennedy6z@amazon.com,Female,11.16.6.55
253,Ernest,Hudson,ehudson70@forbes.com,Male,68.155.173.171
254,Timothy,Fowler,tfowler71@live.com,Male,124.239.115.247
255,Dorothy,Snyder,dsnyder72@nps.gov,Female,137.20.91.151
256,Tammy,Garrett,tgarrett73@oracle.com,Female,43.184.63.79
257,Barbara,Wilson,bwilson74@smh.com.au,Female,160.151.152.237
258,Donald,Hunt,dhunt75@dedecms.com,Male,125.205.5.205
259,Jane,Larson,jlarson76@washington.edu,Female,137.24.61.40
260,Arthur,Kim,akim77@istockphoto.com,Male,17.196.147.1
261,Russell,Nelson,rnelson78@parallels.com,Male,125.111.226.234
262,Louise,Peters,lpeters79@uol.com.br,Female,57.242.159.17
263,Chris,Johnston,cjohnston7a@networksolutions.com,Male,85.223.77.102
264,Diana,Austin,daustin7b@yale.edu,Female,57.199.208.104
265,Mary,Duncan,mduncan7c@tuttocitta.it,Female,132.116.48.153
266,Barbara,Nelson,bnelson7d@cargocollective.com,Female,97.137.164.35
267,Dorothy,Alvarez,dalvarez7e@mapquest.com,Female,124.49.205.24
268,Christine,Rose,crose7f@liveinternet.ru,Female,54.1.101.151
269,Katherine,Miller,kmiller7g@trellian.com,Female,42.119.237.69
270,Betty,Tucker,btucker7h@simplemachines.org,Female,253.13.141.176
271,Beverly,Stewart,bstewart7i@eepurl.com,Female,190.21.121.215
272,Robin,Young,ryoung7j@whitehouse.gov,Female,166.92.162.205
273,Lori,Hill,lhill7k@yellowbook.com,Female,161.121.216.81
274,Mark,Nelson,mnelson7l@soundcloud.com,Male,89.125.13.49
275,Robin,Crawford,rcrawford7m@photobucket.com,Female,134.224.26.242
276,Lois,Cole,lcole7n@storify.com,Female,65.216.90.149
277,Amanda,Dean,adean7o@smugmug.com,Female,177.18.64.28
278,Joan,Welch,jwelch7p@state.tx.us,Female,33.100.42.227
279,Bobby,Jones,bjones7q@dyndns.org,Male,86.253.68.176
280,George,Medina,gmedina7r@eventbrite.com,Male,48.68.72.137
281,Katherine,Allen,kallen7s@goo.ne.jp,Female,115.163.25.43
282,Anne,Rose,arose7t@cnbc.com,Female,14.191.144.234
283,Theresa,Torres,ttorres7u@dailymotion.com,Female,178.35.58.132
284,Kathleen,Cox,kcox7v@etsy.com,Female,31.96.88.100
285,Justin,Roberts,jroberts7w@icio.us,Male,34.136.18.149
286,Billy,Daniels,bdaniels7x@craigslist.org,Male,115.158.2.203
287,Randy,Arnold,rarnold7y@dell.com,Male,49.165.53.50
288,Sandra,Hughes,shughes7z@bluehost.com,Female,226.7.210.59
289,Henry,Garcia,hgarcia80@bloglines.com,Male,142.16.205.95
290,Anne,Coleman,acoleman81@livejournal.com,Female,15.89.3.116
291,Marie,Phillips,mphillips82@seattletimes.com,Female,222.222.11.0
292,Jane,Cole,jcole83@nyu.edu,Female,135.76.185.78
293,Dennis,Richardson,drichardson84@bandcamp.com,Male,21.51.101.34
294,Ashley,Snyder,asnyder85@columbia.edu,Female,35.38.138.224
295,Louise,Hughes,lhughes86@wufoo.com,Female,72.204.50.83
296,Helen,Williamson,hwilliamson87@mayoclinic.com,Female,63.28.137.51
297,Sharon,Bryant,sbryant88@so-net.ne.jp,Female,121.84.208.233
298,Jerry,Bennett,jbennett89@typepad.com,Male,55.133.101.91
299,Ernest,Foster,efoster8a@youtube.com,Male,96.225.165.148
300,Janice,Sanchez,jsanchez8b@yolasite.com,Female,219.130.164.189
301,Philip,Patterson,ppatterson8c@wsj.com,Male,186.6.154.18
302,Marie,Spencer,mspencer8d@paginegialle.it,Female,6.80.135.16
303,Wayne,Harris,wharris8e@clickbank.net,Male,55.110.15.26
304,Laura,Williams,lwilliams8f@aboutads.info,Female,76.17.93.181
305,Charles,Larson,clarson8g@goo.ne.jp,Male,88.191.154.60
306,Jessica,Reyes,jreyes8h@ow.ly,Female,15.100.51.39
307,Daniel,Young,dyoung8i@usnews.com,Male,155.83.204.133
308,Lillian,Jones,ljones8j@exblog.jp,Female,1.224.186.146
309,Jean,Lawrence,jlawrence8k@nature.com,Female,19.183.243.229
310,Benjamin,Little,blittle8l@netscape.com,Male,24.10.46.184
311,Kathryn,Arnold,karnold8m@pcworld.com,Female,128.90.37.237
312,Sara,Perry,sperry8n@example.com,Female,149.157.251.245
313,Phillip,Elliott,pelliott8o@usnews.com,Male,117.165.93.70
314,Andrew,Ryan,aryan8p@homestead.com,Male,98.29.12.156
315,Michelle,Hansen,mhansen8q@stumbleupon.com,Female,87.79.19.64
316,Daniel,Gutierrez,dgutierrez8r@independent.co.uk,Male,180.192.212.22
317,Steve,Tucker,stucker8s@blogger.com,Male,77.62.48.106
318,Nicholas,Matthews,nmatthews8t@ask.com,Male,247.254.2.200
319,Jesse,Burke,jburke8u@cocolog-nifty.com,Male,94.223.227.184
320,Jonathan,Nguyen,jnguyen8v@twitpic.com,Male,143.152.233.48
321,Jesse,Rivera,jrivera8w@pbs.org,Male,117.89.30.65
322,Rose,Williamson,rwilliamson8x@sogou.com,Female,140.74.255.252
323,Albert,Bennett,abennett8y@springer.com,Male,170.101.137.3
324,Peter,Richards,prichards8z@harvard.edu,Male,28.105.4.173
325,Scott,Rogers,srogers90@google.cn,Male,64.92.24.123
326,Ruth,Jackson,rjackson91@craigslist.org,Female,203.247.209.132
327,Eugene,Gonzales,egonzales92@stumbleupon.com,Male,96.96.27.160
328,Diane,Johnson,djohnson93@mit.edu,Female,91.51.123.85
329,Karen,Jenkins,kjenkins94@xing.com,Female,242.30.148.124
330,Amy,Morrison,amorrison95@globo.com,Female,65.128.226.229
331,Ralph,Evans,revans96@qq.com,Male,36.102.226.136
332,Antonio,Watson,awatson97@illinois.edu,Male,64.30.234.92
333,Jimmy,Chavez,jchavez98@flavors.me,Male,104.217.78.88
334,Marilyn,Clark,mclark99@webs.com,Female,107.98.105.19
335,Brandon,Hayes,bhayes9a@nytimes.com,Male,129.246.106.98
336,Phyllis,Wilson,pwilson9b@delicious.com,Female,116.230.168.103
337,Donna,Porter,dporter9c@bandcamp.com,Female,31.101.123.17
338,Deborah,Welch,dwelch9d@issuu.com,Female,171.124.16.26
339,Philip,Carpenter,pcarpenter9e@cdbaby.com,Male,10.17.123.39
340,Bruce,Patterson,bpatterson9f@prweb.com,Male,242.119.149.231
341,William,Hawkins,whawkins9g@deliciousdays.com,Male,46.49.116.62
342,Brandon,Pierce,bpierce9h@irs.gov,Male,18.54.19.212
343,Robert,Gonzalez,rgonzalez9i@utexas.edu,Male,136.158.94.185
344,Frances,Bowman,fbowman9j@netscape.com,Female,23.221.153.122
345,Nancy,Little,nlittle9k@unblog.fr,Female,92.185.24.217
346,Joe,Gordon,jgordon9l@xing.com,Male,185.91.170.189
347,Emily,Sanders,esanders9m@phpbb.com,Female,170.180.0.63
348,Andrew,Alexander,aalexander9n@tinyurl.com,Male,168.243.92.86
349,Harry,Castillo,hcastillo9o@com.com,Male,162.48.226.237
350,Albert,Bowman,abowman9p@yandex.ru,Male,117.186.95.87
351,Theresa,Cunningham,tcunningham9q@wordpress.com,Female,14.34.209.89
352,Peter,Simpson,psimpson9r@nature.com,Male,11.113.45.235
353,Doris,Porter,dporter9s@epa.gov,Female,158.166.235.195
354,Robert,Jacobs,rjacobs9t@cpanel.net,Male,80.216.134.70
355,Michelle,Foster,mfoster9u@alibaba.com,Female,95.8.69.154
356,Gloria,Nichols,gnichols9v@purevolume.com,Female,53.118.136.236
357,Kathryn,Walker,kwalker9w@indiegogo.com,Female,158.239.113.144
358,Mildred,Cox,mcox9x@cyberchimps.com,Female,220.88.73.142
359,Nancy,Daniels,ndaniels9y@google.fr,Female,129.108.254.120
360,Virginia,Andrews,vandrews9z@cnet.com,Female,235.236.16.233
361,Juan,Robertson,jrobertsona0@delicious.com,Male,187.220.66.106
362,Brandon,Clark,bclarka1@guardian.co.uk,Male,18.82.235.233
363,Alice,Mason,amasona2@constantcontact.com,Female,58.162.8.242
364,Victor,Cooper,vcoopera3@macromedia.com,Male,17.102.216.208
365,Brenda,Sims,bsimsa4@noaa.gov,Female,59.201.20.187
366,Earl,Black,eblacka5@wordpress.com,Male,39.186.142.59
367,Michelle,Mcdonald,mmcdonalda6@gnu.org,Female,30.184.123.91
368,Lori,Fernandez,lfernandeza7@ed.gov,Female,254.41.54.81
369,Martin,Vasquez,mvasqueza8@hc360.com,Male,248.138.78.185
370,Raymond,Morrison,rmorrisona9@wufoo.com,Male,218.124.11.111
371,Diana,Carpenter,dcarpenteraa@psu.edu,Female,69.72.127.255
372,Emily,Rice,ericeab@sciencedaily.com,Female,110.166.81.2
373,Tammy,Hicks,thicksac@prnewswire.com,Female,9.117.108.179
374,Rebecca,Bennett,rbennettad@ycombinator.com,Female,12.12.63.17
375,Rebecca,Vasquez,rvasquezae@exblog.jp,Female,142.37.170.144
376,Virginia,Wagner,vwagneraf@vinaora.com,Female,201.210.2.171
377,Earl,Ferguson,efergusonag@nationalgeographic.com,Male,129.222.88.179
378,Joan,Martinez,jmartinezah@spiegel.de,Female,178.40.159.209
379,Louise,Holmes,lholmesai@drupal.org,Female,108.208.118.250
380,James,Gray,jgrayaj@oracle.com,Male,237.71.251.60
381,Ronald,Bennett,rbennettak@fotki.com,Male,15.47.253.28
382,Randy,Fernandez,rfernandezal@free.fr,Male,160.235.144.60
383,Ernest,Williams,ewilliamsam@plala.or.jp,Male,2.112.49.75
384,Barbara,Taylor,btayloran@redcross.org,Female,222.236.111.29
385,Margaret,Mendoza,mmendozaao@wordpress.com,Female,109.59.42.124
386,Jerry,Stevens,jstevensap@lulu.com,Male,198.195.153.235
387,Carolyn,Kelly,ckellyaq@netscape.com,Female,65.182.105.117
388,Jonathan,Baker,jbakerar@biglobe.ne.jp,Male,161.50.193.10
389,Judy,Bradley,jbradleyas@usda.gov,Female,117.92.253.68
390,Judith,Price,jpriceat@goodreads.com,Female,136.102.90.117
391,Cheryl,Nguyen,cnguyenau@de.vu,Female,84.50.57.125
392,Donald,Hicks,dhicksav@who.int,Male,75.17.109.88
393,Sarah,Allen,sallenaw@guardian.co.uk,Female,205.179.59.7
394,Jeremy,Foster,jfosterax@economist.com,Male,170.102.228.232
395,Sara,Rose,sroseay@unesco.org,Female,217.110.146.83
396,Bruce,Lawson,blawsonaz@whitehouse.gov,Male,50.80.202.2
397,Andrea,Schmidt,aschmidtb0@hhs.gov,Female,239.209.135.174
398,Phyllis,Stephens,pstephensb1@gmpg.org,Female,59.230.238.212
399,Billy,Cunningham,bcunninghamb2@salon.com,Male,94.216.29.245
400,Todd,Cole,tcoleb3@dyndns.org,Male,86.249.120.211
401,Lisa,Elliott,lelliottb4@sciencedirect.com,Female,236.250.51.220
402,Karen,Hudson,khudsonb5@samsung.com,Female,121.238.252.127
403,Carolyn,Davis,cdavisb6@reference.com,Female,164.11.252.88
404,Wayne,Harrison,wharrisonb7@so-net.ne.jp,Male,2.179.253.205
405,Antonio,Burke,aburkeb8@eventbrite.com,Male,43.237.204.87
406,Russell,Sims,rsimsb9@miitbeian.gov.cn,Male,99.178.219.221
407,Shirley,Thomas,sthomasba@ox.ac.uk,Female,88.188.12.208
408,Kathryn,Dunn,kdunnbb@china.com.cn,Female,200.78.17.176
409,Philip,Harvey,pharveybc@nsw.gov.au,Male,131.230.118.254
410,Carlos,Ramirez,cramirezbd@discovery.com,Male,122.255.96.169
411,Samuel,Roberts,srobertsbe@time.com,Male,178.2.107.89
412,Ralph,Gray,rgraybf@jalbum.net,Male,122.252.193.79
413,Craig,Crawford,ccrawfordbg@flickr.com,Male,135.90.213.234
414,Brandon,Elliott,belliottbh@taobao.com,Male,162.130.171.207
415,Bruce,Anderson,bandersonbi@marriott.com,Male,255.1.67.161
416,Frances,Freeman,ffreemanbj@cam.ac.uk,Female,194.200.32.128
417,Irene,Schmidt,ischmidtbk@webs.com,Female,99.128.75.153
418,Jose,Daniels,jdanielsbl@google.com.au,Male,245.136.156.22
419,Teresa,Russell,trussellbm@google.co.jp,Female,30.157.235.254
420,Thomas,Collins,tcollinsbn@ifeng.com,Male,15.115.94.4
421,Joe,Allen,jallenbo@symantec.com,Male,152.74.99.2
422,Albert,Chavez,achavezbp@samsung.com,Male,31.195.34.85
423,Catherine,Baker,cbakerbq@devhub.com,Female,182.12.242.82
424,Johnny,Cox,jcoxbr@creativecommons.org,Male,34.214.184.82
425,Judith,Owens,jowensbs@free.fr,Female,12.55.32.60
426,Deborah,Frazier,dfrazierbt@whitehouse.gov,Female,130.49.204.145
427,Kimberly,Hicks,khicksbu@reddit.com,Female,220.42.158.170
428,Joan,Harrison,jharrisonbv@abc.net.au,Female,28.12.40.89
429,Craig,Berry,cberrybw@fda.gov,Male,137.62.144.158
430,Rebecca,Robertson,rrobertsonbx@homestead.com,Female,0.72.34.240
431,Beverly,Ferguson,bfergusonby@gmpg.org,Female,85.75.158.65
432,Julie,Morrison,jmorrisonbz@webnode.com,Female,175.217.220.205
433,Betty,Warren,bwarrenc0@epa.gov,Female,10.136.108.18
434,Judith,Henderson,jhendersonc1@studiopress.com,Female,3.30.253.125
435,Steve,Richards,srichardsc2@simplemachines.org,Male,223.122.24.45
436,Robert,Watkins,rwatkinsc3@oakley.com,Male,83.161.120.102
437,Ryan,Cox,rcoxc4@cbslocal.com,Male,27.98.136.99
438,Dennis,Foster,dfosterc5@europa.eu,Male,223.23.14.62
439,Samuel,Price,spricec6@baidu.com,Male,218.161.243.137
440,Lois,Cruz,lcruzc7@gov.uk,Female,228.247.69.132
441,Laura,Edwards,ledwardsc8@163.com,Female,36.113.4.160
442,Charles,Henderson,chendersonc9@ucsd.edu,Male,206.244.172.237
443,Norma,Myers,nmyersca@google.ca,Female,237.48.207.253
444,James,Flores,jflorescb@answers.com,Male,52.58.44.247
445,Eugene,Carroll,ecarrollcc@networkadvertising.org,Male,126.201.244.164
446,Peter,Morris,pmorriscd@springer.com,Male,210.51.147.8
447,Carol,Romero,cromeroce@un.org,Female,163.82.152.132
448,Angela,Hernandez,ahernandezcf@photobucket.com,Female,210.241.154.220
449,Jerry,Moreno,jmorenocg@eventbrite.com,Male,1.35.181.138
450,Kathy,Castillo,kcastilloch@furl.net,Female,131.157.77.169
451,Jack,Harris,jharrisci@w3.org,Male,122.152.187.250
452,Nicholas,Wood,nwoodcj@unblog.fr,Male,170.149.52.56
453,Thomas,Harrison,tharrisonck@istockphoto.com,Male,46.107.212.126
454,Angela,Payne,apaynecl@smh.com.au,Female,140.39.76.50
455,Louise,Carroll,lcarrollcm@studiopress.com,Female,94.232.115.40
456,Janet,Perez,jperezcn@marketwatch.com,Female,157.239.204.173
457,Carolyn,Howard,chowardco@google.ru,Female,70.19.215.131
458,Norma,Rice,nricecp@goo.gl,Female,45.207.179.114
459,Susan,Hill,shillcq@vk.com,Female,4.6.13.200
460,Alan,Chavez,achavezcr@jugem.jp,Male,163.90.78.226
461,Philip,Baker,pbakercs@altervista.org,Male,200.166.11.239
462,Susan,Lawrence,slawrencect@networksolutions.com,Female,115.12.115.210
463,Scott,George,sgeorgecu@behance.net,Male,198.150.136.173
464,Scott,King,skingcv@mediafire.com,Male,225.204.103.118
465,Beverly,Long,blongcw@wix.com,Female,167.255.90.139
466,Michelle,Hayes,mhayescx@virginia.edu,Female,30.57.52.178
467,Victor,Griffin,vgriffincy@altervista.org,Male,53.29.5.65
468,Robert,Crawford,rcrawfordcz@vinaora.com,Male,180.148.64.197
469,Justin,Reid,jreidd0@utexas.edu,Male,147.63.48.15
470,Timothy,Edwards,tedwardsd1@tumblr.com,Male,4.199.160.175
471,Kevin,Fernandez,kfernandezd2@twitter.com,Male,243.200.144.186
472,Wayne,Richardson,wrichardsond3@symantec.com,Male,90.108.35.129
473,Jason,Perkins,jperkinsd4@webs.com,Male,10.84.163.202
474,Teresa,Jacobs,tjacobsd5@trellian.com,Female,166.228.91.77
475,Jesse,Parker,jparkerd6@soundcloud.com,Male,58.246.160.194
476,Russell,Lewis,rlewisd7@themeforest.net,Male,174.40.100.43
477,Ronald,Jones,rjonesd8@sciencedaily.com,Male,34.57.132.55
478,Janice,Murray,jmurrayd9@homestead.com,Female,51.141.98.44
479,Ernest,Bailey,ebaileyda@shop-pro.jp,Male,209.199.78.205
480,Daniel,Marshall,dmarshalldb@rediff.com,Male,211.3.153.50
481,Jimmy,Hudson,jhudsondc@microsoft.com,Male,107.51.156.110
482,Kenneth,Burke,kburkedd@bbc.co.uk,Male,193.59.10.209
483,Cynthia,Peterson,cpetersonde@bloglines.com,Female,188.171.29.27
484,Sean,Woods,swoodsdf@stanford.edu,Male,98.251.236.222
485,Andrew,Young,ayoungdg@paginegialle.it,Male,187.249.186.138
486,Teresa,Torres,ttorresdh@sciencedirect.com,Female,139.250.182.194
487,Antonio,Bennett,abennettdi@weibo.com,Male,71.146.18.68
488,Jose,Gonzalez,jgonzalezdj@mac.com,Male,37.161.205.59
489,Cynthia,Chavez,cchavezdk@theatlantic.com,Female,88.12.229.124
490,Diana,Reynolds,dreynoldsdl@cmu.edu,Female,99.49.32.2
491,Beverly,Fuller,bfullerdm@privacy.gov.au,Female,112.99.18.239
492,Carl,Torres,ctorresdn@wufoo.com,Male,236.13.51.19
493,Paul,Foster,pfosterdo@usda.gov,Male,213.149.155.139
494,Helen,Patterson,hpattersondp@stumbleupon.com,Female,108.190.179.1
495,Ann,Taylor,ataylordq@yahoo.co.jp,Female,138.70.253.233
496,James,Scott,jscottdr@is.gd,Male,38.24.55.126
497,Dorothy,Myers,dmyersds@weibo.com,Female,231.238.49.0
498,Jacqueline,Carter,jcarterdt@mozilla.org,Female,3.48.255.131
499,Sarah,Garrett,sgarrettdu@hexun.com,Female,94.28.244.181
500,Alice,Williamson,awilliamsondv@wikispaces.com,Female,220.75.195.123
501,Samuel,Robertson,srobertsondw@theatlantic.com,Male,9.3.30.234
502,Christine,Ward,cwarddx@examiner.com,Female,144.204.104.179
503,Carlos,Kennedy,ckennedydy@addtoany.com,Male,227.110.225.215
504,Norma,Russell,nrusselldz@nature.com,Female,9.195.76.254
505,Keith,Dean,kdeane0@myspace.com,Male,8.59.202.79
506,Christina,Woods,cwoodse1@loc.gov,Female,214.135.31.12
507,Keith,Peterson,kpetersone2@fda.gov,Male,154.123.2.88
508,Richard,Harrison,rharrisone3@jalbum.net,Male,141.114.187.218
509,Chris,Gordon,cgordone4@hibu.com,Male,30.159.31.173
510,Steven,Kelley,skelleye5@bravesites.com,Male,79.131.59.0
511,Patrick,Parker,pparkere6@freewebs.com,Male,195.187.139.1
512,Joseph,Little,jlittlee7@bigcartel.com,Male,90.53.106.117
513,Ernest,Carter,ecartere8@google.com.br,Male,7.227.196.125
514,Terry,Bailey,tbaileye9@paypal.com,Male,95.199.68.137
515,Nicholas,Grant,ngrantea@usgs.gov,Male,146.203.215.169
516,Martin,Cooper,mcoopereb@theglobeandmail.com,Male,176.208.243.102
517,Karen,Andrews,kandrewsec@so-net.ne.jp,Female,228.103.96.88
518,Chris,Wood,cwooded@studiopress.com,Male,106.143.130.20
519,Katherine,Little,klittleee@sun.com,Female,249.77.94.232
520,Diana,Gordon,dgordonef@xrea.com,Female,70.190.127.124
521,Brian,Fuller,bfullereg@howstuffworks.com,Male,184.13.249.35
522,Margaret,Woods,mwoodseh@patch.com,Female,83.80.83.194
523,Emily,Little,elittleei@youku.com,Female,187.188.18.239
524,Aaron,Woods,awoodsej@wordpress.org,Male,135.74.155.122
525,Louise,Owens,lowensek@mediafire.com,Female,235.10.148.60
526,Carl,Weaver,cweaverel@goo.gl,Male,93.74.98.205
527,Terry,Powell,tpowellem@google.com.au,Male,226.148.116.15
528,Steven,Reyes,sreyesen@parallels.com,Male,164.252.251.173
529,Helen,Johnson,hjohnsoneo@cnet.com,Female,137.54.178.143
530,Tammy,Freeman,tfreemanep@bandcamp.com,Female,28.134.26.6
531,Kenneth,Baker,kbakereq@booking.com,Male,81.63.100.83
532,Rose,Mitchell,rmitcheller@livejournal.com,Female,40.24.133.246
533,Billy,Mcdonald,bmcdonaldes@wufoo.com,Male,124.85.152.189
534,Kelly,Taylor,ktayloret@uiuc.edu,Female,167.253.245.200
535,Carlos,Foster,cfostereu@yahoo.co.jp,Male,207.66.10.4
536,Alice,Crawford,acrawfordev@xing.com,Female,142.214.106.119
537,Nancy,Holmes,nholmesew@merriam-webster.com,Female,240.76.254.89
538,Sandra,Matthews,smatthewsex@fastcompany.com,Female,85.146.251.133
539,Gregory,Armstrong,garmstrongey@wsj.com,Male,244.62.176.54
540,Edward,Ellis,eellisez@google.de,Male,17.88.41.48
541,Frank,Greene,fgreenef0@wufoo.com,Male,29.236.162.235
542,Victor,Elliott,velliottf1@sciencedirect.com,Male,205.230.15.85
543,Benjamin,Sims,bsimsf2@discovery.com,Male,130.188.190.108
544,David,Riley,drileyf3@google.nl,Male,214.60.250.107
545,Carolyn,Harris,charrisf4@webs.com,Female,3.67.112.128
546,Melissa,Chapman,mchapmanf5@newyorker.com,Female,182.185.98.198
547,Heather,Spencer,hspencerf6@over-blog.com,Female,203.39.253.215
548,Lawrence,Phillips,lphillipsf7@dot.gov,Male,30.227.110.193
549,Annie,Hunt,ahuntf8@salon.com,Female,54.187.224.181
550,Norma,Campbell,ncampbellf9@loc.gov,Female,105.129.1.6
551,Jonathan,Stanley,jstanleyfa@over-blog.com,Male,23.211.216.24
552,Cheryl,Morgan,cmorganfb@mapquest.com,Female,235.15.100.92
553,Alan,Sanchez,asanchezfc@live.com,Male,22.171.61.254
554,Irene,Riley,irileyfd@bbc.co.uk,Female,165.162.30.85
555,Anne,Vasquez,avasquezfe@people.com.cn,Female,128.180.253.60
556,Michael,Young,myoungff@abc.net.au,Male,4.83.222.128
557,Alan,Sanders,asandersfg@bloomberg.com,Male,25.171.251.58
558,Adam,Perez,aperezfh@digg.com,Male,140.43.229.129
559,Jonathan,Perez,jperezfi@archive.org,Male,56.72.239.215
560,Laura,Day,ldayfj@angelfire.com,Female,251.59.124.39
561,Carolyn,Montgomery,cmontgomeryfk@un.org,Female,150.3.203.47
562,Dennis,Freeman,dfreemanfl@technorati.com,Male,20.252.41.56
563,Anna,Little,alittlefm@google.es,Female,80.165.202.241
564,Joyce,Ferguson,jfergusonfn@amazon.com,Female,19.18.180.111
565,Barbara,Green,bgreenfo@google.co.uk,Female,36.160.82.68
566,Louis,Anderson,landersonfp@ox.ac.uk,Male,47.53.26.190
567,Richard,Lopez,rlopezfq@geocities.jp,Male,217.206.157.92
568,Gloria,Wright,gwrightfr@slate.com,Female,226.240.255.149
569,Kathryn,Williamson,kwilliamsonfs@php.net,Female,219.240.168.24
570,Donald,Hernandez,dhernandezft@tinyurl.com,Male,49.39.122.65
571,Karen,Cruz,kcruzfu@github.com,Female,217.14.237.136
572,Philip,Powell,ppowellfv@yelp.com,Male,180.22.152.195
573,Wanda,Smith,wsmithfw@newyorker.com,Female,90.111.163.23
574,Edward,Jordan,ejordanfx@t.co,Male,181.241.30.95
575,Wayne,Brown,wbrownfy@google.com.br,Male,105.52.180.56
576,Philip,Murphy,pmurphyfz@posterous.com,Male,10.24.187.229
577,Cheryl,Johnston,cjohnstong0@feedburner.com,Female,167.209.211.92
578,Clarence,Jones,cjonesg1@gizmodo.com,Male,31.11.246.156
579,Cynthia,Sullivan,csullivang2@dailymail.co.uk,Female,103.8.2.121
580,Kevin,Lawrence,klawrenceg3@dagondesign.com,Male,227.154.197.227
581,Christopher,Burke,cburkeg4@geocities.com,Male,250.38.220.56
582,Anne,Walker,awalkerg5@msu.edu,Female,224.119.77.133
583,Shawn,Ryan,sryang6@huffingtonpost.com,Male,45.90.2.232
584,John,Bryant,jbryantg7@de.vu,Male,226.48.24.112
585,Amanda,Berry,aberryg8@npr.org,Female,171.188.70.9
586,Emily,Porter,eporterg9@weather.com,Female,58.212.222.134
587,Laura,Turner,lturnerga@forbes.com,Female,20.60.164.92
588,Helen,Reynolds,hreynoldsgb@wisc.edu,Female,9.93.99.75
589,Roy,Williamson,rwilliamsongc@washingtonpost.com,Male,96.155.154.218
590,Cheryl,Carroll,ccarrollgd@a8.net,Female,218.86.217.186
591,Justin,Williams,jwilliamsge@jalbum.net,Male,248.99.166.121
592,Clarence,Garza,cgarzagf@google.ru,Male,42.145.191.53
593,Jacqueline,Morales,jmoralesgg@phoca.cz,Female,132.239.68.32
594,Keith,Hart,khartgh@epa.gov,Male,158.192.10.212
595,Tammy,Reyes,treyesgi@livejournal.com,Female,46.99.215.119
596,Earl,Carpenter,ecarpentergj@mapy.cz,Male,135.102.115.43
597,Timothy,Ortiz,tortizgk@icio.us,Male,112.215.201.99
598,Ernest,Wells,ewellsgl@shop-pro.jp,Male,228.142.77.230
599,Alice,Peterson,apetersongm@ucoz.com,Female,137.166.110.246
600,Julia,Russell,jrussellgn@chron.com,Female,131.170.38.188
601,Aaron,Weaver,aweavergo@boston.com,Male,130.244.14.18
602,Nancy,Stephens,nstephensgp@tinyurl.com,Female,31.191.107.71
603,Julie,Richards,jrichardsgq@google.com.hk,Female,87.87.98.62
604,Judy,Wallace,jwallacegr@tinyurl.com,Female,121.99.92.192
605,Patrick,Hayes,phayesgs@jalbum.net,Male,191.18.191.90
606,Martin,Morales,mmoralesgt@booking.com,Male,34.142.213.219
607,Ronald,Evans,revansgu@sourceforge.net,Male,117.238.124.230
608,Wayne,Young,wyounggv@cloudflare.com,Male,139.41.81.90
609,Adam,Wheeler,awheelergw@sitemeter.com,Male,199.183.93.12
610,Lois,Morris,lmorrisgx@pcworld.com,Female,44.140.90.209
611,Kimberly,Oliver,kolivergy@un.org,Female,124.136.110.59
612,Andrea,Williamson,awilliamsongz@indiatimes.com,Female,90.219.0.140
613,Jimmy,Gordon,jgordonh0@lulu.com,Male,159.186.98.90
614,Carl,Watson,cwatsonh1@creativecommons.org,Male,14.229.81.32
615,Brenda,Taylor,btaylorh2@imgur.com,Female,114.125.138.52
616,Judith,Crawford,jcrawfordh3@qq.com,Female,176.234.152.133
617,Justin,Bailey,jbaileyh4@list-manage.com,Male,85.157.58.219
618,Charles,Kelley,ckelleyh5@domainmarket.com,Male,94.235.161.212
619,Steve,Cunningham,scunninghamh6@indiatimes.com,Male,188.25.74.84
620,Heather,Bailey,hbaileyh7@canalblog.com,Female,15.133.59.156
621,Jerry,Martin,jmartinh8@lulu.com,Male,80.239.177.202
622,Robin,Hernandez,rhernandezh9@webnode.com,Female,231.113.100.29
623,Russell,Hunter,rhunterha@icq.com,Male,79.251.183.12
624,Heather,Robinson,hrobinsonhb@microsoft.com,Female,90.99.77.138
625,Lisa,Matthews,lmatthewshc@arizona.edu,Female,75.191.160.125
626,Pamela,Miller,pmillerhd@wikispaces.com,Female,169.169.210.191
627,Ronald,Griffin,rgriffinhe@narod.ru,Male,97.62.227.3
628,Ralph,Long,rlonghf@amazon.co.uk,Male,67.125.57.225
629,Roy,Hansen,rhansenhg@wordpress.com,Male,239.157.62.191
630,Roy,Jordan,rjordanhh@rediff.com,Male,219.180.158.175
631,Brian,Banks,bbankshi@google.pl,Male,228.133.0.226
632,Phyllis,Woods,pwoodshj@imdb.com,Female,104.82.10.86
633,Stephanie,Hunt,shunthk@earthlink.net,Female,252.215.77.87
634,Sharon,Gomez,sgomezhl@washington.edu,Female,217.207.182.137
635,Alice,Gomez,agomezhm@youtu.be,Female,57.8.177.215
636,Dorothy,Holmes,dholmeshn@npr.org,Female,173.126.249.21
637,Barbara,Kelley,bkelleyho@discovery.com,Female,85.145.125.57
638,Emily,Williamson,ewilliamsonhp@cmu.edu,Female,19.2.40.19
639,Lois,Chapman,lchapmanhq@w3.org,Female,97.218.200.211
640,Antonio,Jones,ajoneshr@hhs.gov,Male,1.181.102.121
641,Kathleen,Tucker,ktuckerhs@bigcartel.com,Female,39.19.192.48
642,Diana,Robertson,drobertsonht@shutterfly.com,Female,110.64.244.233
643,Heather,Price,hpricehu@imdb.com,Female,244.248.122.30
644,Bobby,Moore,bmoorehv@altervista.org,Male,26.55.3.79
645,Louis,Lawson,llawsonhw@telegraph.co.uk,Male,199.48.57.233
646,Nancy,Walker,nwalkerhx@vimeo.com,Female,232.177.72.218
647,Benjamin,Perry,bperryhy@comcast.net,Male,114.131.151.76
648,John,Howell,jhowellhz@narod.ru,Male,60.240.144.181
649,Christopher,Dunn,cdunni0@google.pl,Male,165.25.186.34
650,Joe,Bryant,jbryanti1@myspace.com,Male,78.139.73.25
651,Michelle,Fowler,mfowleri2@mapy.cz,Female,93.233.226.60
652,Denise,Crawford,dcrawfordi3@miibeian.gov.cn,Female,189.123.28.54
653,Frank,Edwards,fedwardsi4@chron.com,Male,25.16.28.8
654,Alan,Kelly,akellyi5@furl.net,Male,169.117.78.242
655,Timothy,Harris,tharrisi6@over-blog.com,Male,74.218.39.173
656,Raymond,Garcia,rgarciai7@bigcartel.com,Male,10.34.228.49
657,Julie,Webb,jwebbi8@bloomberg.com,Female,221.91.73.216
658,Gerald,Vasquez,gvasquezi9@cloudflare.com,Male,138.226.34.249
659,Jennifer,Fields,jfieldsia@deviantart.com,Female,100.22.0.7
660,Bonnie,Hayes,bhayesib@businessinsider.com,Female,202.10.99.227
661,Jason,Elliott,jelliottic@weibo.com,Male,130.9.75.182
662,Andrew,Moore,amooreid@marriott.com,Male,37.8.128.53
663,Patricia,Williams,pwilliamsie@sun.com,Female,85.1.200.124
664,Theresa,Johnson,tjohnsonif@sun.com,Female,245.47.183.102
665,Randy,Fisher,rfisherig@nba.com,Male,214.177.100.203
666,Judy,Gonzales,jgonzalesih@msn.com,Female,228.218.69.105
667,Tina,Dixon,tdixonii@arizona.edu,Female,11.136.86.241
668,Marie,Jones,mjonesij@ucla.edu,Female,142.185.118.201
669,Christina,Morrison,cmorrisonik@mashable.com,Female,252.161.206.72
670,Nancy,Willis,nwillisil@mtv.com,Female,3.80.163.61
671,Bruce,Hicks,bhicksim@xinhuanet.com,Male,46.150.14.210
672,Arthur,Turner,aturnerin@so-net.ne.jp,Male,152.46.187.13
673,Karen,Diaz,kdiazio@hatena.ne.jp,Female,26.109.225.228
674,Clarence,Marshall,cmarshallip@flavors.me,Male,120.216.167.184
675,Martha,Parker,mparkeriq@geocities.jp,Female,191.228.104.114
676,Doris,Turner,dturnerir@over-blog.com,Female,178.57.164.196
677,Rachel,Bishop,rbishopis@hibu.com,Female,211.1.55.115
678,Ruby,Matthews,rmatthewsit@abc.net.au,Female,53.217.120.86
679,Gregory,Gordon,ggordoniu@ow.ly,Male,248.181.76.6
680,Phyllis,Gray,pgrayiv@facebook.com,Female,81.85.55.182
681,Joshua,Little,jlittleiw@ucsd.edu,Male,159.254.16.157
682,Helen,Hanson,hhansonix@plala.or.jp,Female,123.222.84.63
683,Bruce,Jackson,bjacksoniy@wordpress.com,Male,157.29.186.10
684,Douglas,Stone,dstoneiz@shinystat.com,Male,199.187.146.6
685,Alice,Lopez,alopezj0@comcast.net,Female,247.209.171.154
686,Jonathan,Reynolds,jreynoldsj1@wufoo.com,Male,250.247.210.176
687,Evelyn,Gonzalez,egonzalezj2@mapy.cz,Female,245.8.38.254
688,Carolyn,Garrett,cgarrettj3@army.mil,Female,70.19.38.38
689,Cynthia,Gordon,cgordonj4@comcast.net,Female,235.50.239.76
690,Pamela,Lane,planej5@senate.gov,Female,4.61.233.108
691,David,Allen,dallenj6@360.cn,Male,169.251.159.170
692,Susan,Mccoy,smccoyj7@dailymail.co.uk,Female,136.202.190.115
693,Chris,Brooks,cbrooksj8@nba.com,Male,216.163.59.74
694,Randy,Montgomery,rmontgomeryj9@gravatar.com,Male,103.69.172.47
695,Jesse,Spencer,jspencerja@seesaa.net,Male,30.224.136.194
696,Raymond,Mills,rmillsjb@hugedomains.com,Male,166.26.26.61
697,Kevin,Brown,kbrownjc@yahoo.co.jp,Male,224.236.239.17
698,George,Cole,gcolejd@i2i.jp,Male,134.191.221.122
699,Jessica,Stanley,jstanleyje@scribd.com,Female,171.151.23.138
700,Daniel,Rodriguez,drodriguezjf@bizjournals.com,Male,140.245.227.56
701,Patrick,Rice,pricejg@mit.edu,Male,149.82.197.99
702,Louis,Hansen,lhansenjh@so-net.ne.jp,Male,87.57.47.130
703,Andrea,Chapman,achapmanji@loc.gov,Female,187.108.108.157
704,Chris,Collins,ccollinsjj@facebook.com,Male,82.78.177.11
705,Frances,Gonzalez,fgonzalezjk@biblegateway.com,Female,215.163.126.214
706,Joe,Lynch,jlynchjl@pen.io,Male,190.95.65.150
707,Julie,Harris,jharrisjm@mashable.com,Female,133.72.235.176
708,Joyce,Green,jgreenjn@google.es,Female,160.212.231.176
709,Ryan,Burns,rburnsjo@fotki.com,Male,254.48.250.69
710,Robin,Morris,rmorrisjp@e-recht24.de,Female,185.192.90.97
711,Dennis,Mason,dmasonjq@macromedia.com,Male,238.116.187.154
712,Janice,Lynch,jlynchjr@chicagotribune.com,Female,139.39.154.1
713,Michelle,Ryan,mryanjs@arstechnica.com,Female,29.173.169.191
714,Jennifer,Johnson,jjohnsonjt@skype.com,Female,40.244.65.223
715,Ann,Watkins,awatkinsju@cornell.edu,Female,126.109.39.72
716,Julia,Ramirez,jramirezjv@usatoday.com,Female,139.73.139.249
717,Elizabeth,Schmidt,eschmidtjw@auda.org.au,Female,215.50.64.48
718,Walter,Boyd,wboydjx@t-online.de,Male,117.33.227.116
719,Gloria,Payne,gpaynejy@dailymail.co.uk,Female,136.107.32.227
720,Bonnie,Banks,bbanksjz@loc.gov,Female,152.103.76.35
721,Paula,Carroll,pcarrollk0@japanpost.jp,Female,37.103.78.40
722,Katherine,Hughes,khughesk1@kickstarter.com,Female,246.28.126.7
723,Michael,Adams,madamsk2@de.vu,Male,116.56.70.240
724,Scott,Mason,smasonk3@360.cn,Male,196.111.39.141
725,Beverly,Oliver,boliverk4@howstuffworks.com,Female,192.196.49.1
726,Amanda,Garrett,agarrettk5@ibm.com,Female,51.135.229.198
727,Bobby,White,bwhitek6@yellowbook.com,Male,214.236.203.170
728,Lawrence,Knight,lknightk7@goo.ne.jp,Male,85.171.80.109
729,Stephanie,Myers,smyersk8@cafepress.com,Female,181.184.183.69
730,Andrew,Schmidt,aschmidtk9@sohu.com,Male,0.204.188.86
731,Joyce,Morales,jmoraleska@economist.com,Female,231.67.167.117
732,Lillian,Roberts,lrobertskb@odnoklassniki.ru,Female,199.53.196.156
733,Johnny,Barnes,jbarneskc@marketwatch.com,Male,215.155.212.59
734,Randy,Smith,rsmithkd@adobe.com,Male,245.138.3.45
735,Scott,Smith,ssmithke@paginegialle.it,Male,214.196.175.108
736,Nancy,Ray,nraykf@abc.net.au,Female,9.167.238.154
737,Jonathan,Perkins,jperkinskg@artisteer.com,Male,240.233.123.123
738,Cheryl,Dean,cdeankh@google.cn,Female,124.118.156.40
739,Paul,Cox,pcoxki@wix.com,Male,21.18.205.6
740,Roger,Palmer,rpalmerkj@google.fr,Male,206.152.145.197
741,Kevin,Carpenter,kcarpenterkk@eventbrite.com,Male,65.240.252.199
742,Philip,Dean,pdeankl@blogtalkradio.com,Male,14.68.137.98
743,Ryan,Allen,rallenkm@dell.com,Male,185.160.32.123
744,Angela,Kennedy,akennedykn@ehow.com,Female,196.217.132.75
745,Debra,Olson,dolsonko@w3.org,Female,52.188.73.203
746,Anne,Young,ayoungkp@timesonline.co.uk,Female,176.44.135.149
747,Donald,Moore,dmoorekq@ibm.com,Male,123.137.104.73
748,Carolyn,Crawford,ccrawfordkr@clickbank.net,Female,33.108.217.171
749,Steven,Reynolds,sreynoldsks@blogger.com,Male,35.40.66.61
750,Ann,Murray,amurraykt@bing.com,Female,181.159.61.208
751,Adam,Coleman,acolemanku@ed.gov,Male,153.31.253.182
752,Christina,Hunt,chuntkv@cdbaby.com,Female,4.77.209.223
753,Katherine,Elliott,kelliottkw@chronoengine.com,Female,83.250.99.124
754,Joyce,Brown,jbrownkx@gnu.org,Female,210.198.49.53
755,Clarence,Bryant,cbryantky@mozilla.org,Male,170.190.237.106
756,Gloria,Evans,gevanskz@t.co,Female,204.245.33.246
757,Kevin,Ferguson,kfergusonl0@mayoclinic.com,Male,71.33.115.83
758,Michael,Harper,mharperl1@google.pl,Male,189.242.210.141
759,Phillip,Wilson,pwilsonl2@reverbnation.com,Male,143.193.128.30
760,Andrea,Sullivan,asullivanl3@addtoany.com,Female,38.237.166.93
761,Phillip,Roberts,probertsl4@shutterfly.com,Male,29.231.36.87
762,Diana,Dunn,ddunnl5@amazon.co.jp,Female,227.195.217.126
763,Peter,Wheeler,pwheelerl6@1und1.de,Male,139.13.250.102
764,Adam,Ryan,aryanl7@google.de,Male,224.60.161.159
765,Timothy,Cox,tcoxl8@com.com,Male,214.93.55.165
766,Doris,Grant,dgrantl9@studiopress.com,Female,206.86.93.22
767,Debra,Nguyen,dnguyenla@feedburner.com,Female,74.159.155.130
768,Richard,Payne,rpaynelb@deliciousdays.com,Male,36.204.125.219
769,Bonnie,Sanchez,bsanchezlc@cmu.edu,Female,7.208.233.206
770,Steve,Adams,sadamsld@rakuten.co.jp,Male,175.58.64.2
771,Aaron,Rivera,ariverale@e-recht24.de,Male,166.202.3.248
772,Fred,Palmer,fpalmerlf@cdbaby.com,Male,84.96.65.34
773,Scott,Edwards,sedwardslg@hubpages.com,Male,38.37.111.157
774,Stephanie,Bryant,sbryantlh@irs.gov,Female,8.103.65.94
775,George,Stephens,gstephensli@jimdo.com,Male,7.24.216.13
776,Ruby,Fowler,rfowlerlj@printfriendly.com,Female,26.103.121.23
777,Louis,Burns,lburnslk@senate.gov,Male,123.245.56.150
778,Chris,Romero,cromeroll@ow.ly,Male,7.186.233.132
779,Andrew,Henry,ahenrylm@storify.com,Male,126.29.108.27
780,Kathy,Allen,kallenln@ow.ly,Female,193.36.241.59
781,Rose,Roberts,rrobertslo@nyu.edu,Female,189.11.219.206
782,Ruby,Carter,rcarterlp@vkontakte.ru,Female,200.244.139.176
783,Beverly,Hart,bhartlq@wikimedia.org,Female,28.197.72.35
784,Ryan,Nelson,rnelsonlr@facebook.com,Male,232.232.22.158
785,Jerry,Allen,jallenls@topsy.com,Male,119.104.117.1
786,Kevin,Watson,kwatsonlt@cnbc.com,Male,81.67.216.37
787,Albert,Thompson,athompsonlu@prnewswire.com,Male,142.126.222.100
788,Joshua,Sanders,jsanderslv@kickstarter.com,Male,10.243.154.255
789,Patrick,Collins,pcollinslw@cbc.ca,Male,99.223.232.29
790,Donald,Sanders,dsanderslx@hp.com,Male,32.220.50.170
791,Dennis,Wells,dwellsly@senate.gov,Male,177.214.196.92
792,Julie,Bell,jbelllz@vkontakte.ru,Female,144.219.182.156
793,Evelyn,Garza,egarzam0@cloudflare.com,Female,131.42.116.131
794,Louise,Flores,lfloresm1@bbc.co.uk,Female,23.132.168.179
795,Judy,Wilson,jwilsonm2@apple.com,Female,133.184.139.32
796,Keith,Brown,kbrownm3@webeden.co.uk,Male,213.177.146.16
797,Bruce,Peterson,bpetersonm4@quantcast.com,Male,156.173.5.118
798,Wayne,Mason,wmasonm5@patch.com,Male,12.203.237.184
799,Bruce,Lawson,blawsonm6@sciencedirect.com,Male,203.160.238.70
800,Bonnie,Bryant,bbryantm7@devhub.com,Female,28.123.248.90
801,James,Bradley,jbradleym8@nbcnews.com,Male,209.138.148.133
802,Matthew,Jackson,mjacksonm9@printfriendly.com,Male,131.120.58.18
803,Shirley,Hayes,shayesma@goo.ne.jp,Female,192.183.55.89
804,Phillip,Jenkins,pjenkinsmb@statcounter.com,Male,20.206.46.61
805,Douglas,Anderson,dandersonmc@t-online.de,Male,15.226.141.245
806,Jimmy,Reid,jreidmd@marriott.com,Male,249.177.237.170
807,Richard,Hernandez,rhernandezme@slate.com,Male,64.33.76.146
808,Carl,Gray,cgraymf@taobao.com,Male,211.109.118.47
809,Jennifer,Phillips,jphillipsmg@t.co,Female,62.182.27.185
810,Shawn,Ramos,sramosmh@360.cn,Male,79.61.80.147
811,Harold,Watson,hwatsonmi@bbb.org,Male,108.7.183.132
812,Clarence,Simmons,csimmonsmj@sfgate.com,Male,206.162.102.184
813,Christopher,Mendoza,cmendozamk@domainmarket.com,Male,39.22.57.115
814,Andrea,West,awestml@alexa.com,Female,141.194.98.138
815,Michelle,Torres,mtorresmm@un.org,Female,133.174.200.141
816,Amanda,Murray,amurraymn@prnewswire.com,Female,124.236.4.199
817,Anne,Graham,agrahammo@yahoo.com,Female,180.150.59.104
818,Martha,Warren,mwarrenmp@state.tx.us,Female,244.56.193.106
819,Bonnie,Jordan,bjordanmq@yahoo.com,Female,25.127.141.251
820,Roy,Lawson,rlawsonmr@nsw.gov.au,Male,156.70.179.207
821,Donald,Chavez,dchavezms@homestead.com,Male,132.24.249.86
822,Jesse,Fisher,jfishermt@jalbum.net,Male,111.53.223.233
823,Sara,Russell,srussellmu@aboutads.info,Female,131.178.137.130
824,Kevin,Bowman,kbowmanmv@weibo.com,Male,62.87.28.189
825,Gerald,Hill,ghillmw@wix.com,Male,167.206.210.119
826,Pamela,Campbell,pcampbellmx@pagesperso-orange.fr,Female,189.180.232.199
827,Roy,Lawrence,rlawrencemy@1und1.de,Male,204.153.57.0
828,Robert,Thompson,rthompsonmz@simplemachines.org,Male,33.96.82.39
829,Howard,Thomas,hthomasn0@state.tx.us,Male,70.240.239.76
830,Jerry,Alexander,jalexandern1@businesswire.com,Male,149.222.231.204
831,Deborah,Morris,dmorrisn2@omniture.com,Female,101.18.83.53
832,Rachel,Gray,rgrayn3@themeforest.net,Female,24.184.105.123
833,Carlos,Cook,ccookn4@de.vu,Male,50.127.240.239
834,Andrea,Gardner,agardnern5@ucla.edu,Female,89.183.138.65
835,Edward,Henderson,ehendersonn6@privacy.gov.au,Male,205.247.164.229
836,Steve,Cole,scolen7@is.gd,Male,41.2.91.178
837,Victor,Wagner,vwagnern8@weebly.com,Male,252.148.127.213
838,Jonathan,Burton,jburtonn9@blogspot.com,Male,41.13.113.174
839,Todd,Hanson,thansonna@mapy.cz,Male,19.169.146.109
840,Raymond,Jacobs,rjacobsnb@cmu.edu,Male,12.226.194.64
841,Richard,Sims,rsimsnc@buzzfeed.com,Male,185.19.182.181
842,Frances,Arnold,farnoldnd@vimeo.com,Female,96.61.80.134
843,Lois,Hughes,lhughesne@ning.com,Female,102.35.135.191
844,Jane,Griffin,jgriffinnf@google.com.br,Female,140.74.51.53
845,Jacqueline,Ramos,jramosng@pagesperso-orange.fr,Female,33.243.98.92
846,Carolyn,Burton,cburtonnh@ifeng.com,Female,241.45.206.178
847,Brian,Smith,bsmithni@tumblr.com,Male,176.252.201.42
848,Andrea,Willis,awillisnj@webs.com,Female,134.242.209.208
849,Karen,Smith,ksmithnk@freewebs.com,Female,148.20.130.245
850,Phillip,Simpson,psimpsonnl@plala.or.jp,Male,120.179.3.112
851,Eric,Carr,ecarrnm@wikipedia.org,Male,155.29.80.210
852,Phyllis,Burke,pburkenn@nsw.gov.au,Female,99.24.143.63
853,Heather,Arnold,harnoldno@ted.com,Female,232.131.20.111
854,Keith,Fowler,kfowlernp@google.com.hk,Male,84.126.182.203
855,Edward,Rose,erosenq@redcross.org,Male,61.26.243.71
856,Carlos,Lopez,clopeznr@howstuffworks.com,Male,130.68.77.177
857,Cheryl,Alexander,calexanderns@economist.com,Female,152.145.43.219
858,Judith,Mitchell,jmitchellnt@sitemeter.com,Female,159.7.181.255
859,Robert,Turner,rturnernu@buzzfeed.com,Male,67.38.70.172
860,Albert,Perry,aperrynv@so-net.ne.jp,Male,6.168.153.4
861,Carol,Davis,cdavisnw@timesonline.co.uk,Female,34.207.230.121
862,Jacqueline,Black,jblacknx@posterous.com,Female,199.101.54.24
863,Shirley,Day,sdayny@desdev.cn,Female,238.134.68.244
864,Ann,Day,adaynz@google.co.uk,Female,194.214.113.225
865,Howard,Dean,hdeano0@squidoo.com,Male,14.246.139.161
866,Gregory,Gomez,ggomezo1@sourceforge.net,Male,139.136.54.80
867,Catherine,Robinson,crobinsono2@meetup.com,Female,112.118.9.76
868,Gregory,Howard,ghowardo3@tripadvisor.com,Male,158.43.25.195
869,Kimberly,Nguyen,knguyeno4@eventbrite.com,Female,154.144.184.155
870,Steven,Henry,shenryo5@cnn.com,Male,210.110.249.223
871,Kenneth,Williams,kwilliamso6@hugedomains.com,Male,98.1.67.128
872,Evelyn,Hunt,ehunto7@princeton.edu,Female,249.61.106.194
873,Sean,Powell,spowello8@cyberchimps.com,Male,197.66.205.165
874,Phyllis,Moreno,pmorenoo9@sakura.ne.jp,Female,176.84.246.205
875,Andrew,West,awestoa@ft.com,Male,181.114.110.214
876,Maria,Chapman,mchapmanob@tuttocitta.it,Female,18.16.128.42
877,Pamela,Burns,pburnsoc@liveinternet.ru,Female,178.14.142.84
878,Judith,Welch,jwelchod@geocities.com,Female,104.70.13.230
879,Steve,Austin,saustinoe@cisco.com,Male,83.109.6.178
880,Martha,White,mwhiteof@addthis.com,Female,167.114.183.36
881,Catherine,Nguyen,cnguyenog@artisteer.com,Female,128.232.91.132
882,Melissa,Bryant,mbryantoh@guardian.co.uk,Female,69.200.2.217
883,Jane,Hayes,jhayesoi@cafepress.com,Female,158.121.180.157
884,Patricia,Dixon,pdixonoj@last.fm,Female,16.29.53.129
885,Adam,Arnold,aarnoldok@cbc.ca,Male,174.21.40.73
886,Benjamin,Morrison,bmorrisonol@taobao.com,Male,133.253.55.244
887,Johnny,Banks,jbanksom@google.fr,Male,172.38.62.254
888,Benjamin,Sims,bsimson@discuz.net,Male,164.172.134.103
889,Maria,Lynch,mlynchoo@bigcartel.com,Female,177.34.233.89
890,Martha,Dean,mdeanop@ucsd.edu,Female,30.85.231.188
891,Thomas,Garcia,tgarciaoq@wordpress.org,Male,155.50.252.234
892,Jean,Thompson,jthompsonor@umn.edu,Female,227.196.151.232
893,Anthony,Meyer,ameyeros@smugmug.com,Male,169.55.147.47
894,Jonathan,Anderson,jandersonot@wunderground.com,Male,238.46.78.241
895,Roger,Turner,rturnerou@cbsnews.com,Male,151.67.33.136
896,Matthew,Nelson,mnelsonov@wikipedia.org,Male,197.247.146.244
897,Ronald,Grant,rgrantow@w3.org,Male,198.197.144.76
898,Elizabeth,Matthews,ematthewsox@tripod.com,Female,193.196.192.185
899,Ashley,Montgomery,amontgomeryoy@diigo.com,Female,196.11.5.96
900,Charles,Sullivan,csullivanoz@so-net.ne.jp,Male,169.229.25.164
901,Christopher,Perez,cperezp0@hp.com,Male,225.116.11.97
902,Joe,Berry,jberryp1@newsvine.com,Male,122.75.137.172
903,Joshua,Jackson,jjacksonp2@booking.com,Male,246.201.133.163
904,Douglas,Alexander,dalexanderp3@godaddy.com,Male,145.47.193.44
905,Randy,Collins,rcollinsp4@washingtonpost.com,Male,85.24.8.253
906,Billy,Martin,bmartinp5@163.com,Male,166.119.171.10
907,Ruth,Nguyen,rnguyenp6@1und1.de,Female,143.215.4.143
908,Jane,Riley,jrileyp7@shareasale.com,Female,225.91.172.164
909,Anthony,Howard,ahowardp8@cmu.edu,Male,113.182.129.1
910,Marie,Rice,mricep9@businesswire.com,Female,147.86.10.163
911,Jean,Austin,jaustinpa@macromedia.com,Female,12.141.248.185
912,Daniel,Cooper,dcooperpb@youtu.be,Male,57.203.218.36
913,Kimberly,Duncan,kduncanpc@mail.ru,Female,100.113.248.188
914,Kevin,Wagner,kwagnerpd@pagesperso-orange.fr,Male,62.247.53.245
915,Joe,Garza,jgarzape@wikimedia.org,Male,111.146.211.10
916,Carlos,Schmidt,cschmidtpf@meetup.com,Male,17.46.20.53
917,Linda,Gordon,lgordonpg@mac.com,Female,97.97.216.166
918,Gary,Lawrence,glawrenceph@marketwatch.com,Male,133.193.135.25
919,Martin,Hart,mhartpi@github.io,Male,109.183.141.3
920,Jacqueline,Davis,jdavispj@yellowbook.com,Female,217.25.127.96
921,Jean,Carr,jcarrpk@woothemes.com,Female,239.117.112.42
922,Phyllis,Bishop,pbishoppl@europa.eu,Female,127.202.18.36
923,Joe,Castillo,jcastillopm@typepad.com,Male,8.22.102.91
924,Nicholas,Boyd,nboydpn@cnbc.com,Male,16.17.202.168
925,Ernest,Davis,edavispo@apple.com,Male,4.81.198.86
926,Anna,Lawson,alawsonpp@home.pl,Female,134.25.8.126
927,Lawrence,Garrett,lgarrettpq@scribd.com,Male,28.29.33.104
928,Virginia,Wilson,vwilsonpr@sohu.com,Female,195.221.154.253
929,Anne,Burns,aburnsps@google.de,Female,109.3.189.216
930,Brandon,Bailey,bbaileypt@bigcartel.com,Male,246.231.87.2
931,Betty,Simpson,bsimpsonpu@deviantart.com,Female,253.144.224.22
932,Angela,Murray,amurraypv@reverbnation.com,Female,234.81.186.199
933,Harold,Perkins,hperkinspw@163.com,Male,184.2.99.181
934,Roger,Harper,rharperpx@plala.or.jp,Male,28.238.148.74
935,Michael,Simmons,msimmonspy@drupal.org,Male,116.124.0.125
936,Peter,Richards,prichardspz@usda.gov,Male,127.140.223.26
937,Ralph,Weaver,rweaverq0@engadget.com,Male,59.209.206.178
938,Nancy,Cook,ncookq1@rambler.ru,Female,45.5.136.37
939,Michael,Johnson,mjohnsonq2@soup.io,Male,163.156.228.61
940,Katherine,Coleman,kcolemanq3@pinterest.com,Female,31.133.219.26
941,Sandra,Hawkins,shawkinsq4@google.com.br,Female,42.202.150.193
942,Angela,Gibson,agibsonq5@ucla.edu,Female,66.136.10.220
943,Emily,Hawkins,ehawkinsq6@slashdot.org,Female,182.43.41.109
944,Ronald,Freeman,rfreemanq7@xing.com,Male,203.136.15.104
945,Kathy,Hughes,khughesq8@comcast.net,Female,222.56.144.127
946,Andrea,Armstrong,aarmstrongq9@gizmodo.com,Female,60.121.228.37
947,Joshua,Bell,jbellqa@mac.com,Male,149.173.155.47
948,Laura,Austin,laustinqb@gravatar.com,Female,221.117.49.128
949,Virginia,Murray,vmurrayqc@cornell.edu,Female,202.246.122.2
950,Kelly,Gordon,kgordonqd@nsw.gov.au,Female,51.152.101.94
951,Carl,George,cgeorgeqe@abc.net.au,Male,91.86.129.155
952,Janet,Cruz,jcruzqf@europa.eu,Female,174.56.223.107
953,James,Berry,jberryqg@bloomberg.com,Male,168.94.100.38
954,Debra,Watkins,dwatkinsqh@time.com,Female,230.62.137.155
955,Andrew,Phillips,aphillipsqi@squarespace.com,Male,20.178.207.22
956,James,Morales,jmoralesqj@bing.com,Male,189.42.65.166
957,Johnny,Cox,jcoxqk@hatena.ne.jp,Male,30.68.92.157
958,Theresa,Ruiz,truizql@yahoo.com,Female,167.114.25.43
959,Sean,Wells,swellsqm@craigslist.org,Male,167.187.155.173
960,Douglas,Campbell,dcampbellqn@mail.ru,Male,16.129.153.162
961,Kathleen,Fowler,kfowlerqo@networkadvertising.org,Female,163.10.220.101
962,Evelyn,Crawford,ecrawfordqp@bloomberg.com,Female,15.28.92.181
963,Gerald,Ortiz,gortizqq@t.co,Male,75.80.248.221
964,Pamela,Price,ppriceqr@house.gov,Female,201.14.166.32
965,Jennifer,Sanchez,jsanchezqs@bloglovin.com,Female,184.139.91.225
966,Richard,Peters,rpetersqt@symantec.com,Male,82.113.71.42
967,Clarence,Weaver,cweaverqu@jiathis.com,Male,10.197.135.46
968,Mildred,Day,mdayqv@usatoday.com,Female,61.83.93.105
969,Laura,Roberts,lrobertsqw@epa.gov,Female,22.97.130.8
970,James,Andrews,jandrewsqx@unblog.fr,Male,26.156.119.115
971,Teresa,Lopez,tlopezqy@miitbeian.gov.cn,Female,74.144.181.196
972,Paula,Moore,pmooreqz@eventbrite.com,Female,42.145.174.78
973,Christine,Roberts,crobertsr0@nps.gov,Female,164.227.211.159
974,Cheryl,Henderson,chendersonr1@tripod.com,Female,164.100.249.28
975,Rose,Gutierrez,rgutierrezr2@4shared.com,Female,87.116.166.161
976,Patricia,Adams,padamsr3@cisco.com,Female,100.141.5.100
977,Dorothy,James,djamesr4@moonfruit.com,Female,251.131.195.34
978,Jeffrey,Lawson,jlawsonr5@google.it,Male,254.50.172.207
979,Louise,Jackson,ljacksonr6@smh.com.au,Female,141.31.46.113
980,Sarah,Watkins,swatkinsr7@github.io,Female,90.40.139.87
981,Jessica,Parker,jparkerr8@nifty.com,Female,72.83.46.74
982,Ronald,Mcdonald,rmcdonaldr9@ebay.com,Male,199.153.242.204
983,Emily,Reed,ereedra@twitter.com,Female,193.92.101.32
984,Amy,Lawson,alawsonrb@booking.com,Female,11.50.0.223
985,Jerry,Larson,jlarsonrc@sphinn.com,Male,124.183.76.142
986,Martin,Rogers,mrogersrd@chron.com,Male,233.4.173.110
987,Fred,Garza,fgarzare@clickbank.net,Male,249.120.246.138
988,Paul,Gray,pgrayrf@illinois.edu,Male,217.180.166.62
989,Paul,Ellis,pellisrg@sphinn.com,Male,68.206.72.253
990,Johnny,Medina,jmedinarh@ed.gov,Male,187.27.197.253
991,Joseph,Hamilton,jhamiltonri@booking.com,Male,93.239.168.37
992,Jennifer,Gonzales,jgonzalesrj@wufoo.com,Female,55.55.158.19
993,Tammy,Andrews,tandrewsrk@freewebs.com,Female,152.193.14.205
994,Mildred,Jenkins,mjenkinsrl@bravesites.com,Female,123.152.55.54
995,Doris,Stewart,dstewartrm@multiply.com,Female,48.200.229.215
996,Donna,Simpson,dsimpsonrn@accuweather.com,Female,186.232.153.238
997,Donald,Hernandez,dhernandezro@mlb.com,Male,2.81.252.44
998,Christopher,Ford,cfordrp@themeforest.net,Male,167.117.177.187
999,Brenda,Young,byoungrq@phpbb.com,Female,240.173.25.12
1000,Frank,Medina,fmedinarr@last.fm,Male,224.107.137.221
